log_id,log_date,user_id,age_group,gender,activity_type,duration_min,calories_burned,steps,avg_heart_rate_bpm,sleep_hours,water_intake_liters,weight_kg,mood_score,device
FIT-602297,2024-01-01,USR-1363,35-44,Male,Strength Training,20,115.3,12561,126,7.2,1.93,81.3,2,Fitbit
FIT-601607,2024-01-01,USR-1157,25-34,Male,Yoga,74,252.1,15427,97,6.6,3.94,103.5,2,Mi Band
FIT-601513,2024-01-01,USR-1252,45-54,Female,Yoga,87,285.6,12078,105,5.9,1.23,93.8,2,Apple Watch
FIT-600265,2024-01-01,USR-1100,55+,Female,Running,14,149.9,8680,107,5.1,1.0,102.1,4,Samsung Galaxy Watch
FIT-603747,2024-01-01,USR-1263,35-44,Female,Swimming,109,945.8,16720,172,9.5,1.7,67.3,2,Fitbit
FIT-603560,2024-01-02,USR-1239,25-34,Female,Strength Training,59,330.5,12376,132,9.4,4.0,85.3,1,Samsung Galaxy Watch
FIT-603818,2024-01-02,USR-1069,25-34,Female,Cycling,69,606.5,15160,102,4.1,0.82,107.6,2,Apple Watch
FIT-601480,2024-01-02,USR-1120,25-34,Male,Running,44,532.4,15100,134,8.4,3.46,107.2,4,Apple Watch
FIT-603792,2024-01-03,USR-1076,25-34,Male,Strength Training,46,241.5,17130,155,8.3,2.13,60.5,5,Mi Band
FIT-601013,2024-01-03,USR-1391,18-24,Female,Swimming,51,426.9,17988,132,5.0,0.77,81.0,1,Samsung Galaxy Watch
FIT-601548,2024-01-03,USR-1140,18-24,Male,Cycling,71,504.2,15469,97,8.4,1.29,100.8,2,Garmin
FIT-600072,2024-01-03,USR-1010,18-24,Male,Cycling,119,988.1,10378,149,7.3,1.26,79.1,1,Fitbit
FIT-602595,2024-01-03,USR-1368,35-44,Female,Cycling,21,177.8,2267,76,4.6,2.82,57.2,1,Mi Band
FIT-602809,2024-01-04,USR-1231,25-34,Male,Strength Training,107,695.6,3773,80,8.4,1.68,90.0,3,Garmin
FIT-600006,2024-01-05,USR-1029,45-54,Male,Strength Training,80,489.1,4856,109,4.2,3.09,77.0,2,Apple Watch
FIT-600101,2024-01-05,USR-1118,18-24,Male,Running,80,992.2,12714,140,4.8,2.05,45.6,4,Fitbit
FIT-600208,2024-01-05,USR-1081,35-44,Male,HIIT,86,1001.3,5428,122,8.8,1.89,59.9,3,Apple Watch
FIT-602092,2024-01-06,USR-1429,18-24,Female,Cycling,117,951.6,1287,104,6.9,1.52,51.3,4,Fitbit
FIT-601827,2024-01-06,USR-1126,25-34,Female,Strength Training,68,435.2,12136,167,6.4,1.24,97.6,1,Samsung Galaxy Watch
FIT-601782,2024-01-06,USR-1419,25-34,Male,Walking,100,429.3,2744,137,6.0,1.55,46.7,4,Mi Band
FIT-603277,2024-01-06,USR-1144,25-34,Male,HIIT,58,756.0,2703,77,9.2,2.47,53.3,1,Samsung Galaxy Watch
FIT-601132,2024-01-06,USR-1074,18-24,Male,Cycling,30,209.9,4841,67,8.9,3.98,96.5,4,Samsung Galaxy Watch
FIT-600623,2024-01-06,USR-1314,35-44,Male,Swimming,32,268.8,15574,160,7.6,1.54,103.3,3,Apple Watch
FIT-601208,2024-01-06,USR-1404,25-34,Male,Running,38,387.3,556,104,9.3,3.42,49.9,2,Mi Band
FIT-602709,2024-01-07,USR-1026,55+,Female,Strength Training,21,116.1,14330,170,6.8,2.54,69.6,2,Fitbit
FIT-603751,2024-01-07,USR-1200,35-44,Female,Strength Training,92,485.6,11212,169,6.5,2.49,81.4,4,Garmin
FIT-603524,2024-01-07,USR-1470,25-34,Female,HIIT,71,801.0,14742,76,5.0,0.56,105.9,4,Garmin
FIT-601460,2024-01-07,USR-1052,35-44,Male,HIIT,17,199.4,14135,125,5.1,2.59,105.1,2,Apple Watch
FIT-601248,2024-01-07,USR-1383,25-34,Male,Walking,29,135.4,13970,131,8.7,1.9,91.6,3,Mi Band
FIT-600767,2024-01-07,USR-1245,25-34,Female,Strength Training,18,107.8,12089,97,7.5,3.31,95.0,2,Fitbit
FIT-601736,2024-01-07,USR-1415,35-44,Female,Walking,51,242.2,1477,84,6.3,1.12,46.9,5,Apple Watch
FIT-602619,2024-01-08,USR-1047,25-34,Female,HIIT,60,739.9,1225,120,4.7,0.76,66.2,4,Apple Watch
FIT-601144,2024-01-08,USR-1390,25-34,Male,Strength Training,18,122.9,15436,75,5.3,3.95,58.2,3,Fitbit
FIT-601135,2024-01-08,USR-1185,35-44,Male,HIIT,80,861.6,4694,97,4.6,1.52,90.0,4,Fitbit
FIT-602963,2024-01-08,USR-1011,25-34,Female,HIIT,65,825.8,1130,160,5.8,1.99,85.9,3,Mi Band
FIT-601748,2024-01-08,USR-1131,35-44,Female,HIIT,29,332.1,7759,117,7.9,0.9,93.4,3,Garmin
FIT-603710,2024-01-08,USR-1081,18-24,Female,Cycling,46,394.3,17980,172,9.1,1.32,56.6,1,Fitbit
FIT-603990,2024-01-09,USR-1303,18-24,Female,Yoga,74,200.8,7584,85,4.6,2.29,50.8,3,Samsung Galaxy Watch
FIT-601265,2024-01-09,USR-1260,35-44,Male,Yoga,19,64.3,17985,141,5.3,1.99,67.1,1,Mi Band
FIT-602171,2024-01-09,USR-1128,35-44,Female,Yoga,16,53.5,7920,143,4.9,1.49,85.6,3,Samsung Galaxy Watch
FIT-601749,2024-01-10,USR-1087,25-34,Male,Cycling,39,337.6,9235,134,7.0,1.7,54.0,2,Fitbit
FIT-603992,2024-01-10,USR-1490,35-44,Female,Cycling,97,851.8,4967,141,5.1,0.93,71.6,4,Samsung Galaxy Watch
FIT-601368,2024-01-10,USR-1345,25-34,Male,Yoga,99,261.3,17730,123,5.7,3.1,79.0,3,Garmin
FIT-601538,2024-01-10,USR-1299,35-44,Male,Cycling,41,281.3,4915,154,9.5,1.42,50.2,3,Samsung Galaxy Watch
FIT-601629,2024-01-11,USR-1311,55+,Female,Strength Training,54,341.6,3634,112,4.3,3.04,54.6,5,Garmin
FIT-603637,2024-01-11,USR-1105,18-24,Female,Cycling,25,191.4,15181,165,6.8,2.67,85.2,5,Fitbit
FIT-602196,2024-01-11,USR-1403,35-44,Male,Running,52,512.9,16805,159,9.3,2.04,46.5,3,Samsung Galaxy Watch
FIT-600721,2024-01-11,USR-1003,25-34,Female,Walking,102,517.8,17676,101,4.4,2.83,79.2,4,Samsung Galaxy Watch
FIT-602934,2024-01-11,USR-1248,55+,Female,Walking,119,475.3,7914,92,4.8,3.65,79.3,4,Garmin
FIT-602377,2024-01-12,USR-1449,18-24,Female,Strength Training,57,292.4,12625,111,8.4,2.51,67.8,2,Apple Watch
FIT-601624,2024-01-12,USR-1328,25-34,Female,Walking,44,219.6,7057,74,9.1,1.36,81.2,4,Garmin
FIT-603206,2024-01-12,USR-1440,45-54,Male,Swimming,41,408.1,15840,90,8.7,2.7,64.1,2,Garmin
FIT-603385,2024-01-12,USR-1262,25-34,Male,Walking,114,581.4,2997,152,6.7,1.23,106.0,3,Garmin
FIT-602437,2024-01-12,USR-1388,35-44,Female,Swimming,114,902.5,2144,168,5.1,2.38,69.9,4,Apple Watch
FIT-600246,2024-01-12,USR-1421,25-34,Female,Running,43,495.1,14337,166,7.1,3.09,64.9,2,Mi Band
FIT-603857,2024-01-12,USR-1314,55+,Female,Yoga,81,217.9,15312,117,4.8,1.83,60.0,4,Mi Band
FIT-600393,2024-01-13,USR-1395,18-24,Female,Yoga,25,64.5,6473,170,5.5,3.94,104.8,4,Garmin
FIT-603376,2024-01-13,USR-1179,18-24,Male,Strength Training,118,661.6,16252,111,4.5,3.45,105.1,1,Fitbit
FIT-603394,2024-01-13,USR-1118,35-44,Female,HIIT,53,585.2,9244,86,6.4,0.72,85.6,2,Garmin
FIT-601479,2024-01-13,USR-1037,45-54,Female,Strength Training,48,264.5,16363,67,5.4,2.07,82.4,1,Mi Band
FIT-600212,2024-01-14,USR-1261,25-34,Female,Cycling,38,273.2,5608,105,6.4,3.8,105.5,1,Apple Watch
FIT-600564,2024-01-14,USR-1281,35-44,Male,HIIT,48,520.9,7626,139,7.6,1.92,87.3,3,Fitbit
FIT-602409,2024-01-14,USR-1201,35-44,Male,Yoga,92,264.1,7375,87,8.2,2.07,100.4,5,Apple Watch
FIT-603247,2024-01-14,USR-1231,25-34,Male,Yoga,34,94.5,2277,114,4.3,3.14,93.8,5,Mi Band
FIT-602436,2024-01-15,USR-1186,25-34,Male,Cycling,61,536.9,8439,167,7.7,3.17,84.3,1,Samsung Galaxy Watch
FIT-600447,2024-01-15,USR-1250,25-34,Male,Walking,117,548.2,17432,159,8.7,3.87,91.8,5,Mi Band
FIT-603912,2024-01-15,USR-1347,35-44,Female,Strength Training,118,726.7,1073,169,5.8,1.85,104.4,1,Samsung Galaxy Watch
FIT-602832,2024-01-15,USR-1407,45-54,Male,HIIT,105,1435.7,9173,99,7.1,1.49,96.4,4,Fitbit
FIT-600132,2024-01-15,USR-1133,25-34,Female,Strength Training,103,527.8,9764,73,6.4,3.93,68.5,5,Mi Band
FIT-600233,2024-01-15,USR-1356,35-44,Male,Walking,35,141.5,5523,147,4.8,2.56,61.8,5,Garmin
FIT-600274,2024-01-15,USR-1269,35-44,Male,Cycling,14,128.5,8238,171,9.4,3.87,103.6,3,Apple Watch
FIT-602204,2024-01-15,USR-1227,45-54,Male,Swimming,31,293.0,14908,88,7.0,2.61,50.6,4,Mi Band
FIT-601835,2024-01-16,USR-1237,35-44,Male,Walking,68,301.6,12288,129,4.6,0.67,79.8,1,Fitbit
FIT-602667,2024-01-16,USR-1490,25-34,Female,Swimming,66,554.5,7142,134,5.8,3.5,99.0,3,Apple Watch
FIT-603517,2024-01-16,USR-1072,25-34,Female,Yoga,69,197.8,8111,86,6.4,0.74,63.2,3,Samsung Galaxy Watch
FIT-600663,2024-01-16,USR-1085,25-34,Female,Running,114,1216.6,17093,172,7.4,2.52,80.7,5,Fitbit
FIT-600237,2024-01-16,USR-1319,25-34,Female,HIIT,24,330.3,12493,87,6.6,0.61,108.5,2,Fitbit
FIT-600980,2024-01-17,USR-1088,55+,Female,Cycling,102,885.4,10228,94,4.1,2.22,103.0,4,Fitbit
FIT-600643,2024-01-17,USR-1380,45-54,Female,Cycling,100,695.9,7451,87,8.2,3.99,72.0,4,Garmin
FIT-602749,2024-01-17,USR-1093,35-44,Other,Cycling,49,379.8,3517,172,6.9,1.58,97.3,1,Garmin
FIT-602864,2024-01-18,USR-1410,35-44,Male,Cycling,95,655.1,8253,125,9.5,2.86,61.1,1,Fitbit
FIT-600876,2024-01-18,USR-1292,35-44,Male,Running,79,895.5,12305,137,8.7,2.26,79.0,4,Garmin
FIT-603797,2024-01-18,USR-1021,55+,Male,Walking,65,326.9,9227,90,8.9,2.74,56.8,4,Samsung Galaxy Watch
FIT-603703,2024-01-18,USR-1456,25-34,Female,Swimming,18,159.7,2446,74,4.1,0.8,92.4,5,Apple Watch
FIT-601921,2024-01-18,USR-1259,18-24,Male,HIIT,81,1049.8,7387,148,9.2,2.08,104.7,3,Samsung Galaxy Watch
FIT-600312,2024-01-18,USR-1493,25-34,Female,Swimming,36,291.3,6820,144,4.1,2.6,58.9,4,Mi Band
FIT-602118,2024-01-18,USR-1463,25-34,Male,Running,26,266.2,4228,167,9.1,1.09,63.8,1,Mi Band
FIT-602792,2024-01-19,USR-1323,35-44,Female,Cycling,60,413.4,9164,95,6.2,3.46,63.0,5,Garmin
FIT-603249,2024-01-19,USR-1341,25-34,Female,Running,17,167.4,4005,126,4.5,3.19,84.8,2,Fitbit
FIT-601982,2024-01-19,USR-1188,18-24,Female,HIIT,39,505.5,10498,73,7.9,1.54,79.8,1,Apple Watch
FIT-601682,2024-01-19,USR-1135,55+,Male,Cycling,49,402.9,9540,66,6.3,0.66,109.6,1,Apple Watch
FIT-601223,2024-01-19,USR-1242,55+,Female,Strength Training,32,180.7,5002,153,7.7,3.66,50.0,5,Samsung Galaxy Watch
FIT-601213,2024-01-19,USR-1472,35-44,Female,Yoga,115,340.4,17680,111,6.5,2.58,46.1,1,Apple Watch
FIT-603817,2024-01-19,USR-1317,18-24,Female,Swimming,91,759.1,17929,167,4.6,1.09,65.2,3,Mi Band
FIT-602556,2024-01-20,USR-1232,35-44,Female,Cycling,10,81.2,2013,114,8.2,3.79,74.0,2,Mi Band
FIT-600577,2024-01-20,USR-1057,35-44,Male,Yoga,117,352.0,11269,90,6.1,3.06,66.8,5,Mi Band
FIT-602460,2024-01-20,USR-1048,18-24,Female,HIIT,84,864.8,1963,129,7.5,0.55,56.9,5,Apple Watch
FIT-603995,2024-01-20,USR-1377,45-54,Male,HIIT,43,451.8,12741,93,7.8,2.39,46.7,2,Fitbit
FIT-601729,2024-01-20,USR-1236,25-34,Male,Yoga,13,38.5,10192,157,7.4,2.88,73.8,5,Fitbit
FIT-602280,2024-01-20,USR-1200,18-24,Female,Running,90,935.6,7702,106,7.4,2.37,70.6,5,Fitbit
FIT-603031,2024-01-20,USR-1487,45-54,Male,Yoga,24,79.2,12625,87,4.2,2.44,82.5,2,Fitbit
FIT-603144,2024-01-20,USR-1149,35-44,Male,Swimming,103,821.7,6714,107,5.3,3.95,68.1,2,Mi Band
FIT-601691,2024-01-20,USR-1346,35-44,Male,Strength Training,116,739.7,5745,143,5.0,0.66,45.1,5,Samsung Galaxy Watch
FIT-602273,2024-01-21,USR-1381,35-44,Female,Cycling,29,238.6,9840,169,6.4,1.61,100.7,2,Garmin
FIT-601198,2024-01-21,USR-1177,18-24,Male,HIIT,56,693.9,16185,159,6.0,2.62,60.8,3,Garmin
FIT-600128,2024-01-21,USR-1185,25-34,Male,Swimming,18,163.5,16916,119,6.2,3.68,71.1,3,Samsung Galaxy Watch
FIT-601647,2024-01-21,USR-1381,45-54,Male,HIIT,99,1013.7,6770,168,5.8,3.38,74.5,5,Fitbit
FIT-603255,2024-01-21,USR-1422,25-34,Male,Walking,104,439.9,5831,174,4.1,2.58,78.1,1,Samsung Galaxy Watch
FIT-603848,2024-01-21,USR-1446,55+,Male,HIIT,16,171.7,14089,74,5.9,3.37,58.1,1,Apple Watch
FIT-602501,2024-01-21,USR-1174,18-24,Male,HIIT,113,1429.7,3151,150,4.7,1.32,85.6,4,Fitbit
FIT-603037,2024-01-21,USR-1194,25-34,Female,Yoga,71,222.8,3594,121,8.2,1.23,56.7,2,Samsung Galaxy Watch
FIT-600350,2024-01-22,USR-1221,45-54,Female,Cycling,28,229.1,7153,113,4.6,2.43,102.0,3,Apple Watch
FIT-600023,2024-01-22,USR-1246,45-54,Female,Walking,18,75.9,15261,85,7.5,3.4,73.6,3,Fitbit
FIT-603107,2024-01-22,USR-1211,35-44,Male,Running,103,1070.8,9008,151,6.8,3.46,59.3,3,Mi Band
FIT-600320,2024-01-23,USR-1015,35-44,Male,Running,55,529.1,3220,162,9.5,1.59,94.6,2,Garmin
FIT-603783,2024-01-23,USR-1180,45-54,Female,Cycling,91,754.2,10715,148,6.6,3.81,48.2,3,Samsung Galaxy Watch
FIT-601003,2024-01-23,USR-1393,35-44,Female,Running,104,1002.7,16023,130,8.3,2.84,66.3,1,Mi Band
FIT-600142,2024-01-23,USR-1195,25-34,Male,Yoga,11,31.2,13986,152,8.1,1.74,89.7,2,Fitbit
FIT-601645,2024-01-24,USR-1311,25-34,Male,Walking,29,133.6,1045,120,7.8,2.76,59.7,2,Samsung Galaxy Watch
FIT-603535,2024-01-24,USR-1266,25-34,Female,Running,52,528.2,1851,79,4.7,0.99,64.5,3,Garmin
FIT-603633,2024-01-24,USR-1154,25-34,Male,Walking,100,486.3,17726,165,8.8,3.88,85.3,1,Fitbit
FIT-602410,2024-01-24,USR-1056,25-34,Female,Swimming,52,400.4,5654,73,6.1,2.13,75.5,5,Garmin
FIT-603210,2024-01-24,USR-1125,55+,Male,Swimming,27,241.4,2558,169,9.3,2.7,56.7,2,Samsung Galaxy Watch
FIT-601304,2024-01-24,USR-1003,25-34,Male,HIIT,51,627.7,1996,140,8.6,0.65,98.9,2,Apple Watch
FIT-601537,2024-01-24,USR-1139,25-34,Female,Swimming,86,829.8,3470,65,9.3,1.69,72.7,3,Apple Watch
FIT-600747,2024-01-24,USR-1385,25-34,Female,Cycling,60,532.2,2689,100,5.0,3.23,94.6,2,Samsung Galaxy Watch
FIT-600770,2024-01-24,USR-1160,25-34,Female,Swimming,24,247.5,7042,99,6.6,3.51,89.8,5,Apple Watch
FIT-602949,2024-01-25,USR-1019,25-34,Male,Swimming,80,664.1,12522,171,4.2,1.85,74.5,3,Samsung Galaxy Watch
FIT-602051,2024-01-25,USR-1172,55+,Female,Yoga,86,291.2,8697,88,7.6,1.98,85.5,4,Garmin
FIT-602928,2024-01-25,USR-1418,55+,Male,Cycling,70,521.3,11581,137,8.2,2.53,54.2,5,Garmin
FIT-603377,2024-01-25,USR-1077,25-34,Male,Yoga,106,303.7,8415,168,7.9,1.51,106.4,5,Samsung Galaxy Watch
FIT-602990,2024-01-25,USR-1328,18-24,Female,Yoga,84,236.2,10570,125,8.1,3.64,73.6,5,Apple Watch
FIT-603093,2024-01-26,USR-1486,35-44,Female,Walking,79,347.3,17478,91,5.4,3.91,83.6,2,Apple Watch
FIT-601819,2024-01-26,USR-1159,55+,Male,HIIT,59,614.3,7433,132,7.7,2.49,105.4,3,Fitbit
FIT-600329,2024-01-27,USR-1334,45-54,Male,Swimming,13,102.2,1779,158,8.3,1.95,60.3,4,Mi Band
FIT-600087,2024-01-27,USR-1240,25-34,Female,Yoga,83,250.2,17856,91,9.1,3.34,57.3,2,Mi Band
FIT-603830,2024-01-27,USR-1132,45-54,Female,HIIT,111,1203.1,14022,103,4.8,3.25,52.8,3,Fitbit
FIT-602446,2024-01-27,USR-1332,45-54,Female,Strength Training,22,142.1,12122,153,4.1,3.74,82.7,5,Fitbit
FIT-602678,2024-01-28,USR-1258,45-54,Male,HIIT,60,662.0,17679,158,7.5,2.18,78.0,4,Apple Watch
FIT-601498,2024-01-28,USR-1143,35-44,Female,Walking,79,344.7,12536,141,6.3,2.87,109.1,5,Apple Watch
FIT-602246,2024-01-28,USR-1345,35-44,Male,Walking,96,488.3,6978,92,7.2,3.88,61.5,5,Fitbit
FIT-600492,2024-01-28,USR-1432,25-34,Male,Strength Training,76,483.8,10101,149,6.0,1.46,74.4,2,Apple Watch
FIT-602725,2024-01-28,USR-1442,35-44,Female,Yoga,53,146.6,10388,109,5.6,1.54,70.1,5,Garmin
FIT-600670,2024-01-28,USR-1378,25-34,Female,Running,40,418.9,3987,111,6.5,3.04,105.3,5,Mi Band
FIT-600488,2024-01-28,USR-1319,25-34,Female,Cycling,13,111.8,10214,144,9.0,1.75,68.6,4,Fitbit
FIT-602013,2024-01-28,USR-1069,18-24,Female,Strength Training,63,338.1,2519,74,5.0,2.61,90.9,1,Apple Watch
FIT-600880,2024-01-28,USR-1333,45-54,Male,Running,56,533.4,2905,92,7.3,1.11,60.6,2,Fitbit
FIT-600620,2024-01-28,USR-1039,25-34,Male,Walking,54,212.7,4394,123,4.6,0.69,86.5,5,Garmin
FIT-601260,2024-01-29,USR-1133,25-34,Male,Running,38,467.5,4375,172,4.4,1.98,72.0,2,Garmin
FIT-600836,2024-01-29,USR-1453,25-34,Female,HIIT,17,200.2,8769,171,6.5,2.3,109.3,3,Fitbit
FIT-603273,2024-01-29,USR-1317,25-34,Female,Strength Training,13,87.4,12804,161,5.2,2.4,67.6,5,Garmin
FIT-600187,2024-01-29,USR-1170,25-34,Female,Cycling,28,242.4,17100,110,9.4,2.12,90.9,4,Mi Band
FIT-601141,2024-01-30,USR-1369,35-44,Male,Yoga,47,135.6,15177,165,5.2,2.06,69.5,5,Samsung Galaxy Watch
FIT-602279,2024-01-30,USR-1273,18-24,Female,Strength Training,72,440.4,3928,173,7.7,1.67,70.5,1,Fitbit
FIT-602957,2024-01-30,USR-1156,35-44,Male,Swimming,46,387.7,719,141,6.9,3.11,97.0,5,Garmin
FIT-602890,2024-01-30,USR-1194,18-24,Male,Cycling,39,303.2,10445,66,4.5,3.98,73.1,3,Fitbit
FIT-601277,2024-01-30,USR-1072,18-24,Male,Swimming,113,866.0,4030,70,6.9,0.59,104.3,3,Apple Watch
FIT-602818,2024-01-30,USR-1215,18-24,Male,Strength Training,84,559.3,17245,105,7.8,1.16,54.2,2,Apple Watch
FIT-602492,2024-01-30,USR-1462,18-24,Female,Cycling,96,711.0,3996,150,5.3,3.2,51.4,3,Apple Watch
FIT-602635,2024-01-31,USR-1357,18-24,Female,Walking,36,167.2,4506,142,9.1,1.32,74.6,5,Samsung Galaxy Watch
FIT-601620,2024-01-31,USR-1329,25-34,Female,Running,55,609.5,4073,93,4.8,3.5,82.4,4,Apple Watch
FIT-603237,2024-01-31,USR-1449,18-24,Female,Walking,101,449.3,17328,153,7.0,2.91,75.3,3,Mi Band
FIT-601284,2024-01-31,USR-1127,35-44,Male,Yoga,106,314.2,1264,85,9.5,3.37,90.8,4,Fitbit
FIT-602944,2024-01-31,USR-1379,25-34,Male,Yoga,109,343.9,15177,158,6.2,2.84,72.7,1,Garmin
FIT-603233,2024-01-31,USR-1364,55+,Female,Swimming,64,583.8,9097,151,9.5,1.99,89.5,2,Samsung Galaxy Watch
FIT-600954,2024-01-31,USR-1178,35-44,Female,Yoga,104,290.0,1272,131,6.4,2.22,79.5,4,Mi Band
FIT-601761,2024-02-01,USR-1019,55+,Male,Strength Training,115,740.2,5950,106,6.8,1.95,54.6,5,Mi Band
FIT-601380,2024-02-01,USR-1433,18-24,Female,Running,88,1023.2,10799,162,9.5,1.91,80.3,5,Garmin
FIT-600055,2024-02-01,USR-1450,18-24,Male,Walking,109,469.9,2443,119,7.2,3.41,107.8,5,Fitbit
FIT-603771,2024-02-01,USR-1032,25-34,Female,Cycling,71,551.4,12608,90,8.0,3.43,53.8,1,Garmin
FIT-601701,2024-02-01,USR-1111,35-44,Female,Swimming,22,185.2,17534,134,5.3,0.69,85.0,1,Garmin
FIT-602308,2024-02-01,USR-1356,35-44,Female,HIIT,17,199.0,6224,89,8.9,2.36,56.5,5,Garmin
FIT-600753,2024-02-01,USR-1331,45-54,Female,Swimming,119,952.4,16442,90,5.3,3.26,80.4,5,Apple Watch
FIT-601841,2024-02-01,USR-1294,35-44,Female,Strength Training,94,480.3,4669,125,7.3,0.81,48.8,4,Samsung Galaxy Watch
FIT-603354,2024-02-02,USR-1134,25-34,Female,Strength Training,70,453.0,8192,84,6.9,1.07,74.3,3,Garmin
FIT-602398,2024-02-02,USR-1259,18-24,Female,Walking,48,204.8,9257,69,6.7,0.8,46.3,2,Samsung Galaxy Watch
FIT-603419,2024-02-02,USR-1073,35-44,Female,Cycling,114,809.5,16015,143,6.8,2.34,54.0,1,Samsung Galaxy Watch
FIT-602160,2024-02-02,USR-1170,35-44,Male,Swimming,84,866.2,13200,166,5.2,2.19,90.7,4,Apple Watch
FIT-603572,2024-02-03,USR-1398,45-54,Female,Strength Training,80,499.4,13325,116,7.8,0.6,59.4,3,Fitbit
FIT-601076,2024-02-03,USR-1326,35-44,Male,HIIT,86,925.6,3399,87,5.3,3.15,52.6,3,Mi Band
FIT-603937,2024-02-03,USR-1393,35-44,Male,Swimming,85,768.3,12882,170,4.6,2.49,54.5,4,Mi Band
FIT-600222,2024-02-03,USR-1477,25-34,Female,Running,38,390.2,14887,151,8.4,2.92,73.4,1,Mi Band
FIT-603111,2024-02-03,USR-1161,18-24,Female,Strength Training,100,597.2,13551,111,4.7,2.25,58.3,3,Fitbit
FIT-601839,2024-02-04,USR-1266,35-44,Female,Swimming,78,623.1,17521,155,6.1,0.68,65.0,2,Mi Band
FIT-600572,2024-02-04,USR-1281,35-44,Female,Running,111,1249.9,17623,76,9.0,1.58,51.4,2,Apple Watch
FIT-602315,2024-02-04,USR-1423,35-44,Male,Swimming,96,843.4,4882,122,6.4,3.24,90.5,2,Apple Watch
FIT-602277,2024-02-04,USR-1124,55+,Male,Cycling,45,385.8,9992,85,5.1,2.41,76.2,4,Garmin
FIT-603899,2024-02-04,USR-1098,18-24,Female,Cycling,110,910.9,5457,130,7.0,2.05,106.7,4,Mi Band
FIT-601253,2024-02-05,USR-1475,45-54,Male,Yoga,27,92.2,7764,118,8.5,1.26,92.8,1,Samsung Galaxy Watch
FIT-601065,2024-02-05,USR-1185,18-24,Female,Running,29,361.5,4447,91,7.8,2.94,108.0,1,Garmin
FIT-600279,2024-02-05,USR-1083,25-34,Female,Running,12,127.3,11082,141,6.0,2.57,87.3,5,Mi Band
FIT-603660,2024-02-05,USR-1223,25-34,Female,Walking,90,366.5,10452,160,6.7,3.28,61.2,1,Mi Band
FIT-603646,2024-02-05,USR-1402,45-54,Male,Yoga,44,148.5,11369,154,8.6,0.56,63.9,2,Garmin
FIT-603731,2024-02-05,USR-1438,35-44,Female,Cycling,10,80.8,5394,159,5.0,1.12,64.8,1,Samsung Galaxy Watch
FIT-601346,2024-02-05,USR-1424,45-54,Male,Yoga,61,200.9,1725,84,8.3,0.9,85.8,4,Apple Watch
FIT-601812,2024-02-05,USR-1413,25-34,Female,HIIT,115,1477.2,17927,148,5.1,1.31,93.1,3,Samsung Galaxy Watch
FIT-600416,2024-02-05,USR-1277,25-34,Female,Swimming,57,573.3,13262,91,9.3,2.86,45.3,2,Samsung Galaxy Watch
FIT-600802,2024-02-05,USR-1000,35-44,Male,Yoga,98,315.6,7865,116,5.9,2.26,73.1,1,Garmin
FIT-600592,2024-02-05,USR-1352,55+,Female,Swimming,35,305.3,10331,106,5.9,2.64,106.2,2,Garmin
FIT-601724,2024-02-06,USR-1043,25-34,Female,Strength Training,106,696.9,12421,82,5.2,0.52,105.9,2,Garmin
FIT-603157,2024-02-06,USR-1253,45-54,Female,Walking,16,80.3,10470,146,5.8,1.31,86.3,1,Fitbit
FIT-600124,2024-02-06,USR-1148,25-34,Female,Swimming,15,144.6,3872,157,5.5,1.9,49.7,4,Samsung Galaxy Watch
FIT-602137,2024-02-06,USR-1138,45-54,Male,Walking,76,368.6,4589,73,5.9,1.12,100.7,4,Samsung Galaxy Watch
FIT-601477,2024-02-06,USR-1439,18-24,Male,Running,50,590.3,12095,82,4.2,0.51,51.1,1,Garmin
FIT-602063,2024-02-06,USR-1048,55+,Male,Yoga,56,164.0,655,167,9.4,1.8,79.6,3,Samsung Galaxy Watch
FIT-600754,2024-02-07,USR-1418,18-24,Female,Yoga,24,71.7,9864,138,8.2,1.69,85.4,1,Mi Band
FIT-600833,2024-02-07,USR-1165,25-34,Female,Yoga,87,281.8,9510,135,7.6,3.66,61.9,2,Samsung Galaxy Watch
FIT-603321,2024-02-07,USR-1270,35-44,Male,Running,37,448.3,5410,121,4.2,1.07,51.6,3,Fitbit
FIT-601182,2024-02-07,USR-1245,45-54,Male,Swimming,60,571.2,14471,144,5.3,3.0,46.0,1,Apple Watch
FIT-600341,2024-02-07,USR-1210,35-44,Female,Swimming,95,792.6,9879,132,7.7,3.74,95.9,5,Apple Watch
FIT-600972,2024-02-07,USR-1145,35-44,Female,Yoga,66,185.6,14311,74,6.3,2.14,86.1,2,Samsung Galaxy Watch
FIT-600148,2024-02-08,USR-1406,25-34,Other,Strength Training,68,392.7,10696,88,7.5,1.57,53.2,5,Fitbit
FIT-602393,2024-02-08,USR-1217,25-34,Male,Swimming,103,809.6,578,129,7.3,3.83,46.4,2,Fitbit
FIT-602418,2024-02-08,USR-1142,35-44,Female,Swimming,105,1071.6,9188,74,5.9,2.86,64.1,4,Mi Band
FIT-601599,2024-02-09,USR-1427,25-34,Female,Cycling,112,910.3,2643,104,8.8,2.27,64.0,3,Garmin
FIT-603861,2024-02-09,USR-1142,35-44,Male,Cycling,51,441.2,13935,92,6.1,3.82,77.9,4,Fitbit
FIT-602400,2024-02-10,USR-1393,35-44,Male,Running,63,743.0,10502,152,6.0,1.7,60.1,3,Samsung Galaxy Watch
FIT-602352,2024-02-10,USR-1456,18-24,Male,Cycling,63,447.3,10694,174,8.1,3.92,97.7,3,Mi Band
FIT-601063,2024-02-10,USR-1422,25-34,Male,Running,52,502.7,13264,130,6.7,1.31,52.7,1,Apple Watch
FIT-600888,2024-02-10,USR-1354,25-34,Female,Running,15,175.8,2328,75,6.8,3.6,68.6,1,Fitbit
FIT-601042,2024-02-11,USR-1266,25-34,Female,Swimming,112,909.0,526,108,8.6,1.31,61.4,1,Apple Watch
FIT-600860,2024-02-11,USR-1179,25-34,Female,Yoga,50,171.5,2706,77,5.4,3.49,77.3,5,Garmin
FIT-603318,2024-02-11,USR-1441,25-34,Male,Walking,22,109.0,4170,149,4.3,3.26,55.6,5,Apple Watch
FIT-600666,2024-02-11,USR-1225,25-34,Male,Strength Training,82,457.1,4142,148,6.9,1.95,50.6,4,Garmin
FIT-601125,2024-02-11,USR-1370,25-34,Female,Yoga,98,309.8,10546,93,5.9,2.05,54.6,5,Samsung Galaxy Watch
FIT-603759,2024-02-11,USR-1025,45-54,Female,Cycling,12,81.8,8777,167,4.7,1.03,104.4,5,Mi Band
FIT-600947,2024-02-11,USR-1378,25-34,Male,Running,95,1080.2,9249,106,4.2,1.73,55.3,3,Mi Band
FIT-601953,2024-02-11,USR-1140,25-34,Male,HIIT,21,233.5,5455,105,9.1,2.41,104.7,3,Apple Watch
FIT-603666,2024-02-11,USR-1127,25-34,Female,HIIT,23,268.5,9431,91,8.9,1.1,70.0,2,Fitbit
FIT-603267,2024-02-11,USR-1267,25-34,Other,Strength Training,101,630.7,10659,127,4.3,1.18,64.5,5,Samsung Galaxy Watch
FIT-602264,2024-02-11,USR-1422,45-54,Female,Yoga,82,238.9,15792,117,4.7,2.94,53.5,3,Mi Band
FIT-602511,2024-02-11,USR-1021,35-44,Female,HIIT,58,720.2,14420,151,5.3,2.51,78.7,1,Fitbit
FIT-603742,2024-02-11,USR-1019,35-44,Male,Swimming,13,121.7,15443,168,8.8,3.88,85.6,5,Fitbit
FIT-600258,2024-02-12,USR-1206,25-34,Female,Strength Training,64,328.2,13511,166,4.5,3.3,59.9,3,Mi Band
FIT-603774,2024-02-12,USR-1426,35-44,Male,Running,39,437.8,679,103,8.3,0.78,53.3,3,Mi Band
FIT-601170,2024-02-12,USR-1285,25-34,Male,Strength Training,74,504.8,3354,167,5.8,2.23,52.4,3,Apple Watch
FIT-602539,2024-02-12,USR-1176,18-24,Male,Running,27,312.1,10375,77,9.2,1.76,49.4,5,Samsung Galaxy Watch
FIT-601120,2024-02-13,USR-1257,25-34,Male,Running,101,1109.1,9675,148,6.0,2.42,64.4,2,Samsung Galaxy Watch
FIT-601747,2024-02-13,USR-1131,25-34,Male,Yoga,76,244.2,9659,96,6.7,3.55,85.6,4,Samsung Galaxy Watch
FIT-600702,2024-02-13,USR-1278,45-54,Male,Walking,24,109.9,13742,144,7.2,1.98,72.4,5,Mi Band
FIT-602526,2024-02-13,USR-1277,55+,Male,Yoga,74,199.0,8457,156,8.9,1.39,100.6,3,Fitbit
FIT-602679,2024-02-13,USR-1168,35-44,Male,Walking,115,563.9,13096,114,6.6,1.34,45.0,4,Samsung Galaxy Watch
FIT-601731,2024-02-14,USR-1214,45-54,Female,Cycling,47,325.7,15486,125,8.1,2.25,47.5,2,Samsung Galaxy Watch
FIT-600505,2024-02-14,USR-1455,45-54,Other,Strength Training,116,659.7,3039,89,5.4,3.39,100.1,1,Apple Watch
FIT-603407,2024-02-14,USR-1151,35-44,Female,Walking,41,161.8,16280,171,7.9,3.79,53.9,2,Samsung Galaxy Watch
FIT-600314,2024-02-14,USR-1196,35-44,Female,Strength Training,44,272.7,10363,167,4.2,1.25,75.8,1,Apple Watch
FIT-601892,2024-02-14,USR-1096,45-54,Female,Walking,41,195.0,9103,82,5.9,0.59,73.6,4,Garmin
FIT-603967,2024-02-14,USR-1409,18-24,Female,Cycling,60,536.6,10658,129,8.9,3.55,96.7,2,Mi Band
FIT-602467,2024-02-14,USR-1246,55+,Female,Strength Training,30,173.8,13474,76,8.4,2.5,104.8,1,Mi Band
FIT-602640,2024-02-14,USR-1246,25-34,Female,Walking,57,245.4,7080,137,5.7,0.91,103.6,5,Fitbit
FIT-603464,2024-02-14,USR-1257,35-44,Female,Yoga,68,194.5,7153,118,7.8,2.06,83.7,1,Apple Watch
FIT-602494,2024-02-15,USR-1182,35-44,Female,Cycling,115,1046.8,5392,80,7.7,1.29,86.3,3,Samsung Galaxy Watch
FIT-600445,2024-02-15,USR-1217,35-44,Female,HIIT,92,1217.4,17148,67,6.6,1.79,72.5,1,Samsung Galaxy Watch
FIT-603058,2024-02-15,USR-1014,25-34,Female,Walking,24,99.9,8687,69,4.0,1.35,81.7,5,Mi Band
FIT-601700,2024-02-16,USR-1433,25-34,Female,Swimming,81,814.7,4418,92,4.7,3.71,53.6,5,Garmin
FIT-602006,2024-02-16,USR-1371,45-54,Male,Yoga,103,268.2,9923,74,7.2,3.95,73.5,4,Garmin
FIT-600336,2024-02-16,USR-1171,18-24,Male,Running,119,1469.3,16038,173,6.1,1.23,108.2,1,Mi Band
FIT-602144,2024-02-16,USR-1386,55+,Female,Walking,24,97.4,576,170,5.7,0.97,93.9,3,Fitbit
FIT-602101,2024-02-16,USR-1100,25-34,Male,Swimming,115,1062.9,17929,140,4.1,1.97,67.9,2,Fitbit
FIT-601546,2024-02-16,USR-1058,18-24,Male,Swimming,111,990.9,7587,124,8.5,1.92,106.0,4,Fitbit
FIT-602354,2024-02-16,USR-1480,55+,Male,Running,66,747.9,1487,128,7.2,2.88,59.2,5,Garmin
FIT-602706,2024-02-16,USR-1005,25-34,Male,Swimming,77,590.4,3063,84,8.1,2.64,97.3,3,Apple Watch
FIT-602855,2024-02-16,USR-1176,45-54,Male,Walking,41,199.8,3732,158,7.1,2.13,96.4,2,Samsung Galaxy Watch
FIT-601534,2024-02-16,USR-1215,25-34,Female,Strength Training,92,610.9,2718,98,7.9,2.7,92.4,1,Mi Band
FIT-601176,2024-02-17,USR-1165,55+,Male,Walking,49,211.1,13229,72,5.3,2.73,47.9,3,Mi Band
FIT-600147,2024-02-17,USR-1101,55+,Female,Strength Training,35,195.5,15160,168,7.6,3.17,88.9,3,Samsung Galaxy Watch
FIT-601388,2024-02-17,USR-1257,55+,Female,Running,41,410.3,16662,91,6.3,0.67,92.9,3,Mi Band
FIT-602878,2024-02-17,USR-1316,25-34,Female,Walking,101,403.4,16639,66,8.5,2.6,92.0,5,Fitbit
FIT-602790,2024-02-17,USR-1048,35-44,Female,HIIT,10,107.3,5654,128,4.8,1.66,101.2,4,Garmin
FIT-601596,2024-02-17,USR-1125,25-34,Female,Strength Training,83,467.9,17107,86,8.3,3.6,105.9,3,Garmin
FIT-601675,2024-02-17,USR-1023,35-44,Male,Walking,10,39.3,13890,127,5.6,1.02,68.7,5,Fitbit
FIT-603351,2024-02-17,USR-1485,45-54,Male,HIIT,76,1038.9,6594,115,7.6,1.96,99.6,3,Samsung Galaxy Watch
FIT-601121,2024-02-18,USR-1242,25-34,Female,Walking,99,455.3,5812,129,9.2,2.1,53.9,3,Apple Watch
FIT-602150,2024-02-18,USR-1233,18-24,Male,Yoga,16,45.5,13308,111,5.2,2.0,58.5,2,Samsung Galaxy Watch
FIT-603801,2024-02-18,USR-1455,35-44,Male,HIIT,34,440.2,15077,87,6.8,3.08,95.6,1,Fitbit
FIT-602224,2024-02-18,USR-1459,25-34,Male,Strength Training,17,92.5,12064,69,4.9,3.94,107.9,1,Apple Watch
FIT-600981,2024-02-18,USR-1235,25-34,Male,Yoga,50,147.5,11207,88,5.1,1.86,95.4,5,Apple Watch
FIT-603296,2024-02-19,USR-1099,45-54,Male,Swimming,28,288.1,13121,94,9.1,2.04,95.4,5,Samsung Galaxy Watch
FIT-600339,2024-02-19,USR-1152,25-34,Female,Yoga,102,334.1,2546,160,8.4,3.31,68.7,1,Garmin
FIT-600106,2024-02-19,USR-1371,45-54,Female,Running,45,445.8,8981,107,9.3,3.26,65.4,3,Apple Watch
FIT-601062,2024-02-19,USR-1325,35-44,Male,Strength Training,85,470.3,16217,132,4.9,3.65,60.6,3,Mi Band
FIT-601554,2024-02-19,USR-1343,25-34,Female,Strength Training,98,583.6,11907,152,7.0,1.32,60.1,5,Mi Band
FIT-602825,2024-02-19,USR-1462,45-54,Male,Cycling,11,92.4,9907,82,5.1,3.04,105.1,2,Garmin
FIT-601866,2024-02-19,USR-1354,25-34,Male,Strength Training,68,369.5,9206,112,6.9,3.11,94.5,3,Garmin
FIT-602233,2024-02-19,USR-1266,18-24,Male,Yoga,12,40.9,8846,139,8.8,2.4,95.3,4,Apple Watch
FIT-601889,2024-02-20,USR-1010,45-54,Male,Walking,12,53.7,13494,111,9.2,3.01,52.9,3,Samsung Galaxy Watch
FIT-603116,2024-02-20,USR-1255,55+,Female,Strength Training,57,316.4,6817,120,9.2,2.61,84.8,2,Samsung Galaxy Watch
FIT-603981,2024-02-20,USR-1023,25-34,Male,HIIT,32,379.6,6131,68,5.8,2.61,58.3,1,Samsung Galaxy Watch
FIT-602883,2024-02-20,USR-1250,45-54,Male,Yoga,36,97.4,8301,159,5.5,2.97,73.9,2,Fitbit
FIT-602242,2024-02-20,USR-1163,35-44,Male,Strength Training,37,191.5,12597,67,5.2,2.82,87.0,1,Apple Watch
FIT-600634,2024-02-21,USR-1329,55+,Male,Swimming,82,794.5,3847,125,4.4,2.8,83.1,2,Garmin
FIT-602979,2024-02-21,USR-1431,25-34,Female,Walking,24,117.6,8492,109,8.0,3.69,64.4,4,Mi Band
FIT-603218,2024-02-22,USR-1080,35-44,Female,Yoga,85,253.7,12110,83,6.1,0.98,73.4,1,Fitbit
FIT-601239,2024-02-22,USR-1299,18-24,Female,HIIT,117,1280.4,13169,164,9.3,3.24,48.6,4,Garmin
FIT-602311,2024-02-22,USR-1479,25-34,Female,Running,59,665.1,12336,165,8.2,1.78,108.4,1,Mi Band
FIT-603392,2024-02-22,USR-1443,55+,Female,Cycling,18,160.0,4829,174,7.8,3.88,70.5,5,Apple Watch
FIT-602766,2024-02-22,USR-1347,25-34,Male,Running,62,764.4,12482,137,5.3,2.54,108.3,4,Apple Watch
FIT-600901,2024-02-23,USR-1412,18-24,Female,Running,100,1169.0,3134,73,5.4,3.06,95.0,4,Apple Watch
FIT-603835,2024-02-23,USR-1440,35-44,Female,Cycling,79,656.1,11036,112,8.9,0.98,47.2,4,Samsung Galaxy Watch
FIT-601402,2024-02-23,USR-1098,25-34,Female,HIIT,70,901.9,13844,120,6.7,3.93,93.1,5,Apple Watch
FIT-601292,2024-02-23,USR-1174,45-54,Female,Cycling,28,242.8,2737,119,8.0,3.39,73.9,3,Mi Band
FIT-602306,2024-02-23,USR-1325,25-34,Female,Strength Training,102,626.4,8247,79,8.9,0.76,62.6,1,Apple Watch
FIT-603847,2024-02-24,USR-1323,35-44,Male,Swimming,72,709.0,15636,174,6.5,1.45,67.8,2,Samsung Galaxy Watch
FIT-600539,2024-02-24,USR-1182,45-54,Female,Yoga,58,165.5,13621,65,7.2,3.77,109.0,4,Fitbit
FIT-602222,2024-02-24,USR-1169,18-24,Male,Cycling,66,596.3,17297,125,7.1,2.68,107.5,4,Apple Watch
FIT-601267,2024-02-25,USR-1019,18-24,Male,HIIT,119,1548.7,16722,119,8.1,2.26,102.6,1,Samsung Galaxy Watch
FIT-603814,2024-02-25,USR-1321,25-34,Male,Swimming,30,268.1,12830,166,7.2,2.05,100.3,2,Mi Band
FIT-602910,2024-02-25,USR-1324,45-54,Male,Swimming,53,443.8,11327,81,8.7,1.34,46.8,5,Garmin
FIT-602481,2024-02-25,USR-1114,45-54,Male,HIIT,25,280.1,8351,83,4.6,2.52,96.3,5,Samsung Galaxy Watch
FIT-603911,2024-02-25,USR-1001,18-24,Male,Walking,20,103.0,3368,117,4.8,2.08,91.6,1,Fitbit
FIT-600252,2024-02-25,USR-1018,35-44,Female,Running,29,276.7,16292,162,8.3,2.69,57.3,4,Mi Band
FIT-601562,2024-02-26,USR-1045,45-54,Female,Walking,83,421.3,5224,166,9.1,2.62,70.2,5,Garmin
FIT-603943,2024-02-26,USR-1035,35-44,Female,Swimming,15,151.5,6613,125,9.2,3.3,57.8,3,Fitbit
FIT-602691,2024-02-26,USR-1261,25-34,Female,Walking,102,432.6,3977,102,5.0,1.0,49.5,4,Mi Band
FIT-603684,2024-02-26,USR-1341,35-44,Female,Swimming,87,859.1,12557,171,7.1,1.32,49.0,1,Mi Band
FIT-602663,2024-02-26,USR-1102,45-54,Female,Strength Training,75,382.9,10210,115,6.5,3.85,52.5,3,Fitbit
FIT-601606,2024-02-26,USR-1478,45-54,Male,Swimming,69,630.6,4961,107,5.2,1.9,87.1,2,Fitbit
FIT-602845,2024-02-26,USR-1002,35-44,Male,Walking,35,169.7,5509,87,5.4,3.0,95.4,1,Apple Watch
FIT-600358,2024-02-26,USR-1220,45-54,Male,Strength Training,80,481.0,10116,125,4.7,2.76,104.4,4,Samsung Galaxy Watch
FIT-600573,2024-02-27,USR-1048,55+,Male,Swimming,92,774.0,6197,139,8.4,2.17,71.3,2,Mi Band
FIT-602909,2024-02-27,USR-1054,25-34,Male,Swimming,108,1057.9,12669,100,8.9,2.23,65.4,1,Garmin
FIT-601313,2024-02-27,USR-1230,18-24,Male,Strength Training,50,291.9,956,160,8.4,0.74,83.3,1,Samsung Galaxy Watch
FIT-602121,2024-02-27,USR-1414,25-34,Female,Yoga,29,78.5,8977,118,7.4,2.59,60.3,5,Fitbit
FIT-601837,2024-02-28,USR-1259,55+,Female,Cycling,92,646.6,4756,161,6.6,3.65,51.6,1,Garmin
FIT-600420,2024-02-28,USR-1011,35-44,Female,Running,58,560.7,7314,136,5.5,1.89,84.0,2,Apple Watch
FIT-602401,2024-02-29,USR-1353,35-44,Male,Cycling,19,160.5,3742,97,4.9,2.39,68.7,5,Garmin
FIT-602853,2024-02-29,USR-1143,55+,Male,Walking,29,121.0,11000,115,6.7,2.91,74.2,5,Garmin
FIT-603202,2024-02-29,USR-1419,45-54,Female,HIIT,89,947.7,3604,72,7.2,2.17,95.2,2,Apple Watch
FIT-601325,2024-03-01,USR-1028,25-34,Male,Running,47,519.8,8327,136,9.3,2.36,109.6,5,Samsung Galaxy Watch
FIT-601455,2024-03-01,USR-1446,18-24,Male,Strength Training,68,443.5,15523,164,9.5,2.83,73.1,4,Fitbit
FIT-602761,2024-03-01,USR-1333,25-34,Male,Swimming,89,762.5,13683,158,8.6,1.39,82.1,2,Garmin
FIT-602219,2024-03-01,USR-1190,45-54,Male,Walking,72,331.9,17956,124,4.2,3.15,57.8,2,Fitbit
FIT-600218,2024-03-01,USR-1121,25-34,Female,Yoga,82,260.3,13815,113,7.3,3.67,97.3,4,Samsung Galaxy Watch
FIT-601612,2024-03-01,USR-1411,25-34,Female,Yoga,66,179.5,11839,130,8.3,0.93,100.5,4,Fitbit
FIT-601639,2024-03-01,USR-1151,25-34,Female,Cycling,80,565.5,17026,88,9.2,3.66,99.3,5,Fitbit
FIT-601081,2024-03-02,USR-1474,45-54,Male,Strength Training,13,85.2,16747,72,4.5,1.51,100.0,1,Apple Watch
FIT-603752,2024-03-02,USR-1457,18-24,Female,Running,37,434.9,11775,151,7.8,1.26,45.6,5,Garmin
FIT-601196,2024-03-02,USR-1314,18-24,Male,HIIT,17,193.0,3811,65,6.7,2.97,89.0,5,Fitbit
FIT-600693,2024-03-02,USR-1048,25-34,Male,Swimming,76,723.2,10683,81,4.9,3.98,99.4,1,Fitbit
FIT-600390,2024-03-02,USR-1145,35-44,Female,Swimming,60,488.6,15155,146,7.3,3.0,58.0,1,Fitbit
FIT-602193,2024-03-02,USR-1476,35-44,Female,Walking,72,285.2,12518,164,9.1,1.33,55.2,2,Samsung Galaxy Watch
FIT-601955,2024-03-02,USR-1461,25-34,Male,Cycling,94,776.8,10931,96,9.1,1.23,67.0,5,Samsung Galaxy Watch
FIT-601887,2024-03-03,USR-1012,25-34,Male,Walking,20,78.9,3289,70,7.9,2.28,58.4,4,Samsung Galaxy Watch
FIT-602227,2024-03-03,USR-1036,45-54,Female,HIIT,96,1108.0,2778,166,6.0,2.93,72.3,3,Apple Watch
FIT-601589,2024-03-03,USR-1006,35-44,Male,Swimming,24,231.4,6016,67,5.1,1.3,50.6,2,Mi Band
FIT-600191,2024-03-03,USR-1408,25-34,Female,Yoga,45,119.8,11564,70,6.7,3.06,53.6,5,Mi Band
FIT-600457,2024-03-03,USR-1190,45-54,Male,Running,96,930.0,4413,158,8.8,1.07,80.6,4,Garmin
FIT-601320,2024-03-03,USR-1187,25-34,Female,Yoga,54,140.0,15277,114,9.3,1.1,105.8,2,Samsung Galaxy Watch
FIT-603615,2024-03-03,USR-1133,55+,Male,Running,74,868.6,11632,92,4.4,1.66,51.8,2,Apple Watch
FIT-601028,2024-03-03,USR-1018,25-34,Female,Cycling,53,454.8,11858,104,5.5,3.6,48.5,2,Mi Band
FIT-602177,2024-03-03,USR-1445,25-34,Female,Yoga,113,308.4,12758,80,6.1,2.59,80.3,4,Apple Watch
FIT-602126,2024-03-03,USR-1438,18-24,Male,Strength Training,50,342.8,1237,152,9.1,0.77,98.7,5,Apple Watch
FIT-601914,2024-03-04,USR-1144,25-34,Male,HIIT,103,1411.5,17410,92,4.5,3.79,84.1,2,Fitbit
FIT-601912,2024-03-04,USR-1066,25-34,Male,Yoga,119,346.9,11833,114,5.7,1.75,74.1,1,Mi Band
FIT-601049,2024-03-04,USR-1307,45-54,Female,Swimming,89,784.4,4589,135,5.0,2.98,56.3,4,Mi Band
FIT-603972,2024-03-04,USR-1314,45-54,Male,Strength Training,36,202.5,14972,65,7.9,1.47,50.6,3,Garmin
FIT-602834,2024-03-04,USR-1328,18-24,Male,HIIT,37,404.8,7533,174,6.7,2.39,90.0,1,Samsung Galaxy Watch
FIT-603652,2024-03-04,USR-1245,35-44,Male,Swimming,116,1054.8,16993,90,6.7,2.2,90.1,3,Mi Band
FIT-603900,2024-03-04,USR-1433,45-54,Male,Swimming,78,801.1,6935,96,4.3,2.62,86.2,2,Fitbit
FIT-600760,2024-03-05,USR-1377,35-44,Male,Strength Training,54,284.6,6239,69,4.4,0.67,94.0,4,Garmin
FIT-602154,2024-03-05,USR-1101,45-54,Female,Swimming,43,412.6,16655,153,4.6,0.61,103.2,4,Apple Watch
FIT-601247,2024-03-05,USR-1472,25-34,Female,Running,25,286.0,16602,100,4.5,3.58,92.2,4,Apple Watch
FIT-601680,2024-03-06,USR-1410,25-34,Male,Walking,78,368.0,739,91,8.9,1.98,90.6,5,Mi Band
FIT-601177,2024-03-06,USR-1453,55+,Female,Cycling,91,761.5,14168,124,9.2,3.52,90.3,3,Samsung Galaxy Watch
FIT-603077,2024-03-06,USR-1235,25-34,Male,Running,82,869.0,10496,165,7.2,3.63,86.8,1,Apple Watch
FIT-602483,2024-03-06,USR-1110,25-34,Female,Cycling,75,636.6,15156,154,4.5,3.42,94.1,5,Garmin
FIT-600722,2024-03-07,USR-1161,25-34,Female,HIIT,29,313.7,3184,114,7.5,3.66,83.5,1,Fitbit
FIT-601778,2024-03-07,USR-1010,45-54,Male,Strength Training,113,753.1,9426,128,4.2,0.8,104.5,1,Garmin
FIT-600395,2024-03-07,USR-1426,35-44,Male,Swimming,74,601.9,8206,174,7.2,2.82,61.5,3,Fitbit
FIT-601501,2024-03-07,USR-1352,25-34,Male,Running,36,338.6,2195,75,8.7,2.67,101.3,3,Fitbit
FIT-600366,2024-03-07,USR-1373,18-24,Female,Strength Training,73,376.5,11045,68,5.9,2.45,77.7,3,Samsung Galaxy Watch
FIT-602052,2024-03-07,USR-1465,55+,Female,Strength Training,42,278.3,9578,145,8.1,3.99,53.3,4,Apple Watch
FIT-602021,2024-03-07,USR-1224,25-34,Male,Running,28,342.2,10830,111,8.7,1.22,53.0,3,Samsung Galaxy Watch
FIT-601609,2024-03-08,USR-1124,55+,Male,Walking,66,285.9,9059,118,6.7,3.85,85.6,4,Fitbit
FIT-602053,2024-03-08,USR-1445,45-54,Male,Cycling,70,601.8,3877,83,6.9,0.5,47.4,3,Garmin
FIT-603075,2024-03-08,USR-1058,45-54,Male,Cycling,94,683.0,14296,148,5.5,0.67,104.6,2,Mi Band
FIT-600412,2024-03-08,USR-1439,25-34,Female,Yoga,10,34.4,2986,148,6.3,0.57,70.1,2,Apple Watch
FIT-602598,2024-03-08,USR-1366,18-24,Female,Cycling,118,923.0,11909,129,6.4,3.81,103.6,3,Samsung Galaxy Watch
FIT-600863,2024-03-08,USR-1268,18-24,Male,HIIT,113,1342.7,15349,117,8.8,2.73,59.2,4,Mi Band
FIT-600337,2024-03-08,USR-1082,35-44,Male,Yoga,43,136.3,1885,120,4.8,0.99,52.8,1,Fitbit
FIT-600570,2024-03-09,USR-1473,45-54,Female,HIIT,109,1317.2,16071,135,8.7,2.71,77.1,2,Garmin
FIT-601916,2024-03-09,USR-1182,25-34,Female,Swimming,75,686.5,1826,130,9.3,1.49,88.6,1,Mi Band
FIT-601871,2024-03-09,USR-1431,18-24,Female,Running,85,815.7,1978,139,7.5,3.25,106.2,2,Apple Watch
FIT-601903,2024-03-10,USR-1267,25-34,Female,Strength Training,95,629.1,813,116,5.8,3.44,94.0,5,Apple Watch
FIT-603866,2024-03-10,USR-1124,35-44,Female,Swimming,15,145.4,3396,166,9.2,1.67,108.2,5,Samsung Galaxy Watch
FIT-602674,2024-03-10,USR-1120,45-54,Female,Strength Training,67,443.4,11609,133,8.2,0.61,71.8,5,Apple Watch
FIT-601005,2024-03-10,USR-1061,45-54,Female,Cycling,36,287.2,2338,123,6.3,3.32,63.0,1,Samsung Galaxy Watch
FIT-600334,2024-03-10,USR-1471,35-44,Female,Strength Training,17,91.8,13222,148,5.2,3.23,80.1,1,Samsung Galaxy Watch
FIT-601454,2024-03-11,USR-1426,18-24,Male,Cycling,69,621.8,681,105,5.8,0.8,46.5,1,Samsung Galaxy Watch
FIT-603513,2024-03-11,USR-1444,25-34,Male,Cycling,112,953.7,17294,139,8.2,2.67,86.6,3,Apple Watch
FIT-601097,2024-03-11,USR-1387,18-24,Female,Walking,60,231.7,10298,101,6.3,1.98,70.7,1,Mi Band
FIT-601490,2024-03-11,USR-1394,55+,Female,Running,93,1126.3,3063,142,7.6,3.01,52.2,2,Garmin
FIT-602402,2024-03-11,USR-1102,25-34,Male,Swimming,13,119.2,9751,89,5.2,1.06,53.3,4,Apple Watch
FIT-601420,2024-03-12,USR-1004,25-34,Male,Swimming,45,413.5,3209,85,7.6,2.34,108.7,4,Fitbit
FIT-600882,2024-03-12,USR-1264,25-34,Male,Swimming,14,116.6,1466,129,5.2,1.97,88.2,4,Samsung Galaxy Watch
FIT-603362,2024-03-12,USR-1347,45-54,Male,Strength Training,22,125.0,3977,82,7.4,3.54,81.2,3,Mi Band
FIT-601870,2024-03-13,USR-1355,45-54,Male,Yoga,17,54.1,10304,155,7.0,1.08,65.1,1,Samsung Galaxy Watch
FIT-602664,2024-03-13,USR-1419,35-44,Male,Swimming,114,877.2,11355,130,8.6,1.88,67.2,4,Garmin
FIT-601285,2024-03-13,USR-1448,25-34,Female,Swimming,16,134.2,2417,128,8.1,1.91,51.2,5,Apple Watch
FIT-602908,2024-03-13,USR-1479,35-44,Female,Running,47,519.5,15374,117,5.8,2.39,87.6,1,Mi Band
FIT-602710,2024-03-13,USR-1010,45-54,Female,Walking,94,415.7,6205,90,7.9,0.58,105.9,4,Samsung Galaxy Watch
FIT-601545,2024-03-13,USR-1202,25-34,Male,Strength Training,29,173.1,6672,140,7.0,1.1,102.4,3,Garmin
FIT-603918,2024-03-13,USR-1184,25-34,Male,Strength Training,57,389.5,8860,158,6.0,3.72,62.5,1,Mi Band
FIT-602875,2024-03-14,USR-1422,35-44,Male,Walking,81,360.4,14734,110,6.5,1.41,73.7,3,Fitbit
FIT-602992,2024-03-14,USR-1212,35-44,Female,Cycling,76,636.8,2993,80,4.8,1.92,87.9,4,Mi Band
FIT-600399,2024-03-14,USR-1428,18-24,Male,HIIT,118,1447.6,4106,128,9.3,2.45,45.6,3,Fitbit
FIT-600864,2024-03-14,USR-1131,25-34,Female,Running,51,636.2,13155,147,9.5,3.56,45.6,4,Samsung Galaxy Watch
FIT-600444,2024-03-15,USR-1097,55+,Female,HIIT,93,1148.1,13410,85,7.3,1.94,106.5,1,Apple Watch
FIT-601499,2024-03-15,USR-1166,25-34,Male,Swimming,14,136.0,12719,133,5.2,1.58,49.6,3,Apple Watch
FIT-600047,2024-03-15,USR-1071,45-54,Female,Swimming,61,514.6,9385,81,7.5,2.49,47.1,3,Mi Band
FIT-600180,2024-03-15,USR-1327,18-24,Female,Swimming,72,632.9,3795,101,6.3,3.87,80.3,2,Apple Watch
FIT-600817,2024-03-15,USR-1465,25-34,Male,Swimming,46,430.8,15249,91,5.6,1.68,70.1,5,Samsung Galaxy Watch
FIT-601593,2024-03-15,USR-1233,25-34,Female,Strength Training,12,73.0,1855,142,6.8,0.8,99.1,4,Apple Watch
FIT-602724,2024-03-15,USR-1182,45-54,Female,Cycling,114,840.2,9821,170,4.8,1.79,69.1,3,Fitbit
FIT-603621,2024-03-16,USR-1155,45-54,Female,Yoga,101,312.1,1595,106,6.3,3.72,77.2,5,Garmin
FIT-602584,2024-03-16,USR-1199,25-34,Male,HIIT,82,903.7,8544,85,5.7,1.76,103.2,3,Mi Band
FIT-601302,2024-03-16,USR-1039,35-44,Male,Yoga,80,248.3,17549,155,7.7,2.51,46.8,3,Garmin
FIT-600153,2024-03-16,USR-1464,18-24,Female,Walking,23,92.2,7193,152,4.4,0.8,47.5,2,Apple Watch
FIT-602371,2024-03-16,USR-1242,55+,Female,Yoga,47,137.0,2201,85,5.4,3.46,103.2,4,Fitbit
FIT-600701,2024-03-17,USR-1124,25-34,Male,Running,62,783.0,9658,104,5.2,2.19,84.7,2,Fitbit
FIT-601937,2024-03-17,USR-1400,18-24,Female,Walking,33,139.3,17767,161,7.2,3.31,59.1,1,Garmin
FIT-601191,2024-03-17,USR-1416,45-54,Female,Yoga,86,277.7,10440,145,6.8,3.56,85.4,5,Garmin
FIT-601695,2024-03-17,USR-1042,18-24,Female,Walking,82,340.4,10153,147,8.3,1.98,58.0,3,Mi Band
FIT-602162,2024-03-17,USR-1213,35-44,Female,Running,68,722.5,7694,99,5.5,0.58,66.7,2,Samsung Galaxy Watch
FIT-602443,2024-03-18,USR-1329,25-34,Female,Running,36,402.9,15321,131,8.0,2.32,46.7,2,Apple Watch
FIT-603922,2024-03-18,USR-1358,35-44,Male,Strength Training,96,596.4,16404,107,8.2,1.74,107.3,4,Garmin
FIT-600470,2024-03-18,USR-1062,18-24,Female,Running,48,596.2,12105,77,7.7,0.94,54.9,3,Fitbit
FIT-600848,2024-03-18,USR-1180,55+,Male,Running,55,653.8,4021,138,4.0,1.56,98.4,5,Garmin
FIT-603693,2024-03-18,USR-1196,18-24,Female,HIIT,18,203.7,7340,161,5.0,2.06,51.4,5,Mi Band
FIT-601868,2024-03-18,USR-1138,18-24,Male,Cycling,102,875.6,16452,93,7.9,2.72,79.8,2,Samsung Galaxy Watch
FIT-603838,2024-03-18,USR-1395,25-34,Male,Yoga,21,59.3,6052,70,9.2,3.11,74.5,3,Fitbit
FIT-600386,2024-03-19,USR-1020,25-34,Male,Swimming,46,425.6,12583,67,4.6,0.88,83.8,5,Mi Band
FIT-602880,2024-03-19,USR-1192,35-44,Male,Swimming,103,1057.8,3628,76,6.8,2.82,99.8,1,Apple Watch
FIT-600611,2024-03-19,USR-1006,18-24,Male,Yoga,20,68.7,11632,71,7.2,1.54,50.1,5,Fitbit
FIT-601931,2024-03-19,USR-1125,35-44,Female,HIIT,33,424.0,5653,77,5.6,3.06,52.8,1,Apple Watch
FIT-601973,2024-03-19,USR-1044,45-54,Male,HIIT,116,1488.4,2858,174,4.4,3.38,91.8,5,Fitbit
FIT-601185,2024-03-19,USR-1076,18-24,Male,HIIT,56,760.9,9244,147,4.5,1.47,78.5,5,Apple Watch
FIT-603002,2024-03-20,USR-1211,45-54,Female,Walking,78,376.4,6039,65,4.4,0.85,82.4,3,Samsung Galaxy Watch
FIT-603197,2024-03-20,USR-1162,25-34,Male,Swimming,99,984.8,5490,170,6.6,2.82,91.2,5,Mi Band
FIT-603642,2024-03-20,USR-1324,18-24,Female,Walking,62,266.0,3126,173,4.5,1.32,75.4,5,Mi Band
FIT-602358,2024-03-21,USR-1367,35-44,Female,Yoga,32,84.7,2386,122,4.1,1.95,61.4,4,Samsung Galaxy Watch
FIT-600403,2024-03-21,USR-1041,35-44,Male,Running,43,464.7,4630,106,8.4,3.56,60.9,2,Fitbit
FIT-600706,2024-03-21,USR-1013,35-44,Male,Strength Training,56,377.9,11438,158,9.5,3.53,93.5,3,Garmin
FIT-601403,2024-03-21,USR-1048,25-34,Male,Yoga,10,25.6,1787,83,7.1,2.81,101.7,5,Apple Watch
FIT-602743,2024-03-21,USR-1086,35-44,Female,Yoga,104,279.5,5997,114,5.8,3.29,53.1,5,Apple Watch
FIT-603611,2024-03-21,USR-1464,25-34,Male,Cycling,21,145.1,11280,137,8.4,3.41,94.3,1,Samsung Galaxy Watch
FIT-601847,2024-03-21,USR-1270,35-44,Female,Walking,51,239.0,8184,72,7.3,3.54,70.1,4,Apple Watch
FIT-601422,2024-03-22,USR-1360,55+,Female,Yoga,41,115.5,16418,91,7.3,1.27,68.9,2,Garmin
FIT-601485,2024-03-22,USR-1131,55+,Female,Strength Training,56,374.2,16382,148,9.0,1.66,101.3,1,Samsung Galaxy Watch
FIT-600979,2024-03-22,USR-1362,18-24,Female,HIIT,33,376.5,15993,123,7.6,3.15,45.1,3,Samsung Galaxy Watch
FIT-601369,2024-03-22,USR-1338,35-44,Male,Cycling,57,448.5,14496,71,9.2,1.08,63.1,1,Apple Watch
FIT-603720,2024-03-22,USR-1123,18-24,Male,Cycling,83,674.5,8265,118,8.3,3.02,107.0,3,Apple Watch
FIT-602088,2024-03-22,USR-1061,35-44,Male,Swimming,33,269.2,13256,168,8.8,3.94,106.9,4,Apple Watch
FIT-602737,2024-03-22,USR-1046,55+,Other,Cycling,13,108.5,9816,100,5.4,3.55,101.4,3,Fitbit
FIT-602665,2024-03-22,USR-1187,25-34,Female,Running,110,1304.3,10973,171,5.7,2.53,62.2,3,Samsung Galaxy Watch
FIT-601657,2024-03-22,USR-1439,18-24,Male,Yoga,20,52.9,2909,102,4.6,2.51,54.5,3,Apple Watch
FIT-600736,2024-03-23,USR-1358,35-44,Female,Running,41,452.1,4811,122,7.7,2.29,54.0,3,Garmin
FIT-602553,2024-03-23,USR-1179,55+,Female,Cycling,99,894.6,15293,76,6.1,2.14,77.9,2,Mi Band
FIT-600698,2024-03-23,USR-1374,35-44,Female,Walking,101,513.9,9113,99,4.9,2.98,55.8,3,Garmin
FIT-603234,2024-03-23,USR-1035,18-24,Male,Walking,63,280.9,2905,100,6.3,0.93,69.0,4,Apple Watch
FIT-601843,2024-03-24,USR-1414,35-44,Female,Walking,37,176.3,14583,168,7.5,2.85,83.3,3,Fitbit
FIT-600603,2024-03-24,USR-1137,45-54,Female,Cycling,100,866.6,13977,148,9.4,3.2,74.9,1,Mi Band
FIT-600509,2024-03-24,USR-1168,18-24,Male,Strength Training,96,627.7,2128,153,7.9,1.54,46.7,5,Garmin
FIT-602608,2024-03-24,USR-1197,35-44,Male,Swimming,56,536.4,17754,76,9.5,1.1,88.5,5,Mi Band
FIT-602378,2024-03-24,USR-1101,25-34,Female,Yoga,71,220.4,10683,107,5.5,1.25,97.3,3,Mi Band
FIT-601235,2024-03-25,USR-1152,25-34,Female,Walking,12,48.7,5430,134,7.3,0.72,106.1,2,Garmin
FIT-600173,2024-03-25,USR-1485,45-54,Female,Running,111,1338.4,4053,115,4.0,3.52,55.8,3,Garmin
FIT-601816,2024-03-25,USR-1189,25-34,Female,Walking,79,343.3,12848,81,5.9,1.0,73.5,5,Fitbit
FIT-602680,2024-03-25,USR-1064,35-44,Male,Strength Training,90,564.5,12077,96,7.0,2.23,81.8,5,Garmin
FIT-602314,2024-03-25,USR-1351,18-24,Female,Cycling,40,361.4,11623,73,6.9,0.63,70.8,5,Samsung Galaxy Watch
FIT-603380,2024-03-25,USR-1373,35-44,Male,Yoga,21,54.7,4621,92,6.0,3.73,71.3,1,Fitbit
FIT-602977,2024-03-26,USR-1479,18-24,Female,Swimming,59,604.7,8608,143,8.9,0.63,45.2,2,Apple Watch
FIT-602339,2024-03-26,USR-1225,18-24,Female,Cycling,35,275.3,5943,146,6.5,3.22,54.5,2,Fitbit
FIT-601457,2024-03-26,USR-1238,55+,Male,Cycling,63,476.7,9029,141,6.9,3.76,53.9,2,Fitbit
FIT-602214,2024-03-26,USR-1262,35-44,Male,HIIT,53,710.2,2510,152,8.8,2.31,64.9,1,Apple Watch
FIT-601679,2024-03-26,USR-1113,55+,Male,Yoga,33,86.8,1290,146,8.7,1.84,85.1,3,Fitbit
FIT-603997,2024-03-26,USR-1330,18-24,Male,Strength Training,54,297.3,10547,106,5.2,3.54,63.1,1,Samsung Galaxy Watch
FIT-602396,2024-03-28,USR-1188,45-54,Female,Cycling,111,787.6,17907,112,9.2,3.18,51.9,5,Garmin
FIT-602138,2024-03-28,USR-1391,35-44,Male,Swimming,45,449.8,2002,133,5.5,0.88,61.2,3,Fitbit
FIT-601848,2024-03-28,USR-1428,18-24,Female,Walking,71,292.2,5056,98,6.8,2.92,72.7,2,Mi Band
FIT-601171,2024-03-28,USR-1001,25-34,Male,Strength Training,71,430.0,9190,103,5.2,3.77,69.6,2,Mi Band
FIT-600622,2024-03-28,USR-1355,25-34,Male,Yoga,92,238.8,11963,85,8.6,1.69,99.2,1,Fitbit
FIT-601139,2024-03-28,USR-1082,55+,Male,Cycling,111,967.6,1750,84,7.5,3.37,75.7,3,Mi Band
FIT-603169,2024-03-28,USR-1221,18-24,Male,HIIT,29,336.2,13482,167,6.9,1.74,61.6,1,Fitbit
FIT-601769,2024-03-29,USR-1083,35-44,Male,Swimming,68,696.1,12216,140,7.7,3.36,52.4,4,Apple Watch
FIT-600185,2024-03-29,USR-1325,25-34,Female,Walking,87,449.2,9347,75,7.7,0.85,56.4,2,Samsung Galaxy Watch
FIT-603033,2024-03-29,USR-1187,55+,Female,Strength Training,22,124.1,17278,96,7.2,2.7,69.5,3,Fitbit
FIT-603580,2024-03-29,USR-1157,55+,Female,Strength Training,78,493.2,8896,141,8.3,2.76,78.4,2,Apple Watch
FIT-600938,2024-03-29,USR-1368,35-44,Female,Walking,26,125.3,6219,138,7.0,3.99,54.7,1,Apple Watch
FIT-602078,2024-03-30,USR-1318,35-44,Female,HIIT,100,1177.6,1547,85,5.1,2.94,92.6,3,Garmin
FIT-601033,2024-03-30,USR-1445,18-24,Female,Running,20,235.5,6135,138,4.5,3.29,77.9,4,Garmin
FIT-603704,2024-03-30,USR-1167,45-54,Female,Walking,37,171.9,6084,106,5.7,3.79,59.0,1,Fitbit
FIT-601517,2024-03-30,USR-1466,25-34,Female,Strength Training,14,88.9,5497,102,5.7,1.79,101.0,2,Garmin
FIT-602521,2024-03-30,USR-1138,35-44,Female,Yoga,99,316.8,5241,111,6.7,2.12,49.4,1,Garmin
FIT-603430,2024-03-30,USR-1072,45-54,Other,Yoga,28,75.0,3859,136,5.7,2.27,101.9,5,Samsung Galaxy Watch
FIT-601051,2024-03-31,USR-1285,55+,Male,Yoga,23,78.9,15807,156,7.5,2.75,45.3,5,Apple Watch
FIT-603832,2024-03-31,USR-1182,55+,Female,HIIT,37,508.5,11155,129,5.5,2.71,77.5,1,Apple Watch
FIT-602802,2024-03-31,USR-1223,35-44,Female,HIIT,100,1038.7,1126,144,5.5,3.53,105.5,5,Samsung Galaxy Watch
FIT-600130,2024-03-31,USR-1147,25-34,Male,Strength Training,65,443.9,15226,96,9.4,2.04,94.1,5,Apple Watch
FIT-603743,2024-03-31,USR-1311,25-34,Male,HIIT,92,1205.4,1815,99,6.5,3.95,58.2,2,Samsung Galaxy Watch
FIT-600526,2024-03-31,USR-1347,18-24,Male,Yoga,40,112.7,8360,128,6.1,3.74,76.0,4,Samsung Galaxy Watch
FIT-601160,2024-03-31,USR-1211,18-24,Male,Yoga,11,35.8,6338,117,7.7,2.22,79.9,3,Apple Watch
FIT-602035,2024-03-31,USR-1187,18-24,Female,Swimming,84,808.7,16332,65,7.2,3.79,52.5,3,Samsung Galaxy Watch
FIT-601463,2024-03-31,USR-1250,35-44,Female,Cycling,51,418.0,11207,156,4.1,0.85,71.7,1,Samsung Galaxy Watch
FIT-601338,2024-03-31,USR-1098,25-34,Female,Swimming,80,742.4,2854,161,7.0,3.18,89.6,1,Apple Watch
FIT-600946,2024-03-31,USR-1147,18-24,Female,HIIT,39,404.6,11707,119,6.3,3.26,104.3,1,Apple Watch
FIT-603845,2024-04-01,USR-1251,45-54,Male,Strength Training,42,240.0,14419,141,6.0,0.54,97.7,1,Apple Watch
FIT-602478,2024-04-02,USR-1254,45-54,Male,Running,34,402.7,12340,123,5.5,3.13,104.4,3,Garmin
FIT-601274,2024-04-02,USR-1220,55+,Male,Walking,76,338.5,2021,85,8.5,0.91,64.3,1,Samsung Galaxy Watch
FIT-600249,2024-04-02,USR-1088,35-44,Female,Yoga,119,361.7,4657,132,4.5,1.89,62.8,5,Garmin
FIT-602804,2024-04-02,USR-1028,25-34,Male,HIIT,62,704.2,2528,167,5.1,3.6,91.1,5,Garmin
FIT-600821,2024-04-02,USR-1369,25-34,Male,Walking,106,417.1,4364,101,4.6,3.97,95.0,3,Apple Watch
FIT-603940,2024-04-02,USR-1180,45-54,Female,Running,57,609.4,7758,164,8.3,3.54,94.2,5,Garmin
FIT-603723,2024-04-02,USR-1238,18-24,Female,Swimming,50,474.8,3163,94,4.4,3.84,89.2,4,Garmin
FIT-600959,2024-04-02,USR-1181,25-34,Female,HIIT,76,845.8,1265,118,7.1,1.76,77.5,4,Mi Band
FIT-602391,2024-04-03,USR-1477,45-54,Male,Swimming,99,766.4,7640,105,4.0,0.76,60.9,1,Fitbit
FIT-600031,2024-04-03,USR-1482,55+,Male,Yoga,10,28.9,16329,106,4.7,1.12,65.0,4,Samsung Galaxy Watch
FIT-600160,2024-04-03,USR-1285,25-34,Female,Yoga,64,176.4,15147,168,7.0,3.91,104.5,4,Apple Watch
FIT-603803,2024-04-04,USR-1183,35-44,Male,Cycling,18,160.7,1673,106,8.6,0.53,65.5,5,Samsung Galaxy Watch
FIT-602455,2024-04-04,USR-1193,18-24,Male,Walking,28,115.3,13079,170,5.4,1.72,76.5,2,Apple Watch
FIT-603189,2024-04-04,USR-1016,35-44,Male,Running,70,835.4,6879,162,7.9,1.22,52.4,1,Mi Band
FIT-600432,2024-04-05,USR-1478,25-34,Male,Cycling,113,1031.0,16289,124,7.1,0.79,65.5,3,Samsung Galaxy Watch
FIT-601956,2024-04-05,USR-1319,18-24,Female,Swimming,69,660.2,14614,157,9.1,0.79,73.1,2,Samsung Galaxy Watch
FIT-601212,2024-04-05,USR-1201,45-54,Male,Cycling,91,670.7,11625,129,8.6,2.78,52.8,5,Fitbit
FIT-601877,2024-04-05,USR-1098,25-34,Male,Yoga,83,252.7,4522,77,7.9,2.68,79.5,2,Samsung Galaxy Watch
FIT-603196,2024-04-06,USR-1278,45-54,Female,HIIT,111,1219.4,14667,136,8.9,2.58,89.1,2,Garmin
FIT-601045,2024-04-06,USR-1109,25-34,Male,Yoga,22,69.4,17885,166,7.6,1.01,84.1,1,Samsung Galaxy Watch
FIT-602014,2024-04-06,USR-1252,18-24,Male,Walking,14,67.7,12126,75,6.4,3.26,74.7,5,Mi Band
FIT-603582,2024-04-06,USR-1214,18-24,Male,Running,101,1233.5,4746,166,7.7,3.72,105.8,1,Samsung Galaxy Watch
FIT-601340,2024-04-06,USR-1149,35-44,Male,Cycling,59,497.3,10158,141,7.1,2.72,84.4,5,Fitbit
FIT-603404,2024-04-06,USR-1349,45-54,Male,Running,25,298.9,7643,107,5.0,0.73,52.5,2,Samsung Galaxy Watch
FIT-602474,2024-04-06,USR-1082,18-24,Female,Yoga,82,210.8,900,161,6.8,2.22,80.6,2,Fitbit
FIT-600828,2024-04-06,USR-1298,35-44,Male,Strength Training,38,205.0,5596,96,5.1,3.65,90.9,4,Apple Watch
FIT-603506,2024-04-07,USR-1222,18-24,Male,Strength Training,68,439.0,14491,97,4.6,3.11,86.4,4,Garmin
FIT-603433,2024-04-07,USR-1348,25-34,Female,Cycling,107,958.6,8719,163,8.0,1.95,67.0,5,Garmin
FIT-600992,2024-04-07,USR-1237,35-44,Female,Strength Training,109,686.1,11426,80,5.7,2.03,52.4,3,Apple Watch
FIT-600849,2024-04-07,USR-1315,25-34,Male,Strength Training,24,137.5,15549,145,6.2,2.43,52.0,4,Samsung Galaxy Watch
FIT-603989,2024-04-07,USR-1246,45-54,Female,Running,70,825.1,10731,143,7.2,2.19,61.4,4,Mi Band
FIT-601822,2024-04-07,USR-1268,35-44,Male,Cycling,45,401.5,11781,167,7.1,1.83,99.6,5,Mi Band
FIT-600391,2024-04-07,USR-1038,35-44,Male,Cycling,18,128.6,2749,136,8.2,3.39,68.5,3,Mi Band
FIT-601389,2024-04-07,USR-1373,25-34,Male,Yoga,68,229.9,11316,71,4.8,1.24,58.5,4,Garmin
FIT-601737,2024-04-07,USR-1447,18-24,Female,Yoga,76,241.1,7100,129,4.6,1.27,76.6,4,Apple Watch
FIT-600883,2024-04-08,USR-1148,25-34,Male,Cycling,108,915.4,11079,113,5.3,0.98,71.0,3,Mi Band
FIT-601740,2024-04-08,USR-1219,25-34,Male,Strength Training,97,566.0,7651,132,4.5,2.83,104.0,5,Mi Band
FIT-601940,2024-04-08,USR-1191,25-34,Other,Cycling,55,434.4,8406,130,7.8,2.67,47.9,1,Garmin
FIT-603463,2024-04-08,USR-1404,55+,Female,Strength Training,64,390.8,16947,94,4.0,3.49,51.8,1,Apple Watch
FIT-601834,2024-04-08,USR-1003,25-34,Female,Yoga,83,244.4,14980,119,9.4,0.69,96.3,5,Garmin
FIT-603623,2024-04-08,USR-1279,35-44,Female,Cycling,65,557.2,6980,105,5.4,0.98,98.8,5,Fitbit
FIT-601336,2024-04-08,USR-1358,35-44,Female,Swimming,18,150.8,9205,121,5.0,3.47,47.8,2,Samsung Galaxy Watch
FIT-600798,2024-04-09,USR-1077,25-34,Male,Walking,79,348.0,9192,131,8.4,2.8,77.3,4,Samsung Galaxy Watch
FIT-603664,2024-04-09,USR-1091,25-34,Male,HIIT,77,934.9,6776,106,8.1,0.95,78.0,5,Samsung Galaxy Watch
FIT-603514,2024-04-09,USR-1055,45-54,Male,Yoga,82,237.8,15664,166,5.2,2.61,53.2,3,Fitbit
FIT-602865,2024-04-09,USR-1178,18-24,Female,Yoga,33,113.5,16988,164,5.1,2.89,108.1,5,Fitbit
FIT-602488,2024-04-10,USR-1388,35-44,Male,Strength Training,110,609.2,1273,145,8.9,1.19,91.8,5,Samsung Galaxy Watch
FIT-601096,2024-04-10,USR-1219,35-44,Male,Running,41,447.7,5952,112,6.4,1.49,93.7,4,Samsung Galaxy Watch
FIT-601416,2024-04-10,USR-1315,25-34,Female,Yoga,92,253.1,17887,102,8.0,2.71,98.0,3,Garmin
FIT-601251,2024-04-10,USR-1287,25-34,Male,HIIT,42,499.0,8035,110,6.6,2.2,67.7,2,Fitbit
FIT-603041,2024-04-10,USR-1438,35-44,Female,HIIT,40,432.3,10341,141,4.8,1.79,83.1,4,Fitbit
FIT-600714,2024-04-10,USR-1248,35-44,Female,Cycling,13,105.5,10574,78,5.0,3.45,53.5,5,Fitbit
FIT-603924,2024-04-10,USR-1043,25-34,Male,Walking,88,387.0,7205,153,5.1,2.17,84.8,3,Mi Band
FIT-600673,2024-04-10,USR-1135,45-54,Female,HIIT,18,248.3,2441,114,8.8,3.49,54.7,5,Apple Watch
FIT-601234,2024-04-10,USR-1187,35-44,Female,Walking,69,295.0,556,153,7.0,3.97,74.1,2,Mi Band
FIT-602412,2024-04-11,USR-1086,25-34,Female,Running,110,1322.6,7409,83,6.3,0.59,108.4,1,Garmin
FIT-600122,2024-04-11,USR-1398,35-44,Female,Strength Training,56,366.8,8763,107,8.2,1.47,58.7,4,Garmin
FIT-603043,2024-04-11,USR-1074,25-34,Female,Swimming,102,858.6,15340,123,8.6,2.84,67.8,1,Samsung Galaxy Watch
FIT-603130,2024-04-11,USR-1148,25-34,Female,HIIT,102,1098.9,10006,98,6.2,0.69,50.4,4,Fitbit
FIT-602392,2024-04-11,USR-1369,25-34,Female,Swimming,49,454.1,11098,114,6.9,0.72,56.4,1,Samsung Galaxy Watch
FIT-601384,2024-04-11,USR-1358,25-34,Female,Walking,109,481.1,13814,112,7.1,3.66,54.1,5,Samsung Galaxy Watch
FIT-602718,2024-04-11,USR-1021,35-44,Male,Walking,31,123.4,12051,119,9.0,2.87,81.3,1,Samsung Galaxy Watch
FIT-603591,2024-04-11,USR-1273,35-44,Male,Strength Training,11,70.2,4798,118,6.6,3.02,99.8,5,Garmin
FIT-603152,2024-04-12,USR-1280,35-44,Male,Strength Training,89,522.4,17010,170,9.4,2.05,102.5,5,Garmin
FIT-602343,2024-04-12,USR-1345,45-54,Female,Yoga,59,154.4,15804,79,9.0,3.78,93.5,5,Mi Band
FIT-601846,2024-04-12,USR-1169,25-34,Other,Cycling,14,124.6,2934,154,8.7,2.61,78.0,1,Garmin
FIT-603485,2024-04-13,USR-1078,45-54,Female,Strength Training,113,775.7,7714,161,4.9,2.07,56.6,5,Apple Watch
FIT-601344,2024-04-13,USR-1200,55+,Female,Walking,50,220.5,15670,171,9.5,0.86,49.1,3,Apple Watch
FIT-603595,2024-04-13,USR-1040,18-24,Male,Strength Training,77,399.5,10189,66,8.8,3.65,54.6,1,Garmin
FIT-601984,2024-04-13,USR-1290,25-34,Male,Walking,74,310.4,16069,69,4.5,2.03,100.6,4,Mi Band
FIT-600469,2024-04-13,USR-1326,25-34,Male,Swimming,62,616.2,12103,142,4.3,3.0,107.6,4,Apple Watch
FIT-601138,2024-04-14,USR-1487,25-34,Male,Running,25,239.2,13710,121,7.3,3.61,51.6,1,Samsung Galaxy Watch
FIT-603675,2024-04-14,USR-1072,35-44,Female,Running,100,1157.3,12345,119,9.4,3.91,97.6,3,Apple Watch
FIT-602661,2024-04-14,USR-1486,25-34,Male,Swimming,114,1073.9,3103,171,5.4,0.7,85.0,2,Garmin
FIT-600286,2024-04-14,USR-1214,25-34,Female,HIIT,81,869.7,16553,103,9.0,2.97,97.1,2,Garmin
FIT-602389,2024-04-14,USR-1373,35-44,Male,Cycling,61,416.9,12227,137,7.4,1.75,99.2,1,Garmin
FIT-603645,2024-04-15,USR-1274,45-54,Male,Swimming,94,800.7,9685,88,7.0,3.16,92.7,4,Mi Band
FIT-601250,2024-04-15,USR-1362,35-44,Male,HIIT,21,236.6,4731,88,8.5,1.49,76.8,4,Garmin
FIT-603066,2024-04-16,USR-1178,55+,Female,Cycling,86,664.3,12424,65,8.4,1.23,98.5,3,Mi Band
FIT-602819,2024-04-16,USR-1139,55+,Male,Cycling,84,726.4,14600,83,8.4,2.52,56.0,4,Garmin
FIT-603547,2024-04-16,USR-1303,35-44,Female,Yoga,31,102.0,9140,159,5.5,0.86,68.4,1,Samsung Galaxy Watch
FIT-602868,2024-04-16,USR-1262,25-34,Female,Swimming,63,633.6,7237,125,6.9,3.37,89.3,5,Apple Watch
FIT-603309,2024-04-16,USR-1143,45-54,Male,Running,43,469.9,11160,163,6.4,2.64,81.4,3,Fitbit
FIT-602540,2024-04-16,USR-1045,45-54,Female,HIIT,101,1330.5,6894,166,8.6,1.34,104.9,4,Samsung Galaxy Watch
FIT-600112,2024-04-16,USR-1145,25-34,Female,Yoga,15,43.6,14690,156,4.3,0.54,109.8,5,Mi Band
FIT-601312,2024-04-17,USR-1188,45-54,Male,Strength Training,71,486.4,17968,86,4.8,2.85,106.6,4,Apple Watch
FIT-603955,2024-04-17,USR-1426,45-54,Male,Yoga,17,56.1,2877,96,8.2,2.22,59.6,2,Fitbit
FIT-600207,2024-04-17,USR-1214,18-24,Female,Swimming,50,517.1,8258,95,8.6,3.0,83.2,3,Samsung Galaxy Watch
FIT-601165,2024-04-18,USR-1303,25-34,Female,Running,12,127.6,3211,166,6.8,1.8,82.6,2,Apple Watch
FIT-602470,2024-04-18,USR-1152,35-44,Male,Running,63,614.0,17682,99,8.7,1.34,92.8,5,Mi Band
FIT-601809,2024-04-18,USR-1359,35-44,Male,Yoga,88,244.9,4874,167,5.9,1.83,50.2,4,Mi Band
FIT-600610,2024-04-18,USR-1004,45-54,Male,Yoga,37,94.9,16469,82,4.9,3.37,90.6,2,Mi Band
FIT-603821,2024-04-18,USR-1483,18-24,Female,Walking,33,147.3,10120,135,6.1,2.62,53.3,5,Fitbit
FIT-600266,2024-04-18,USR-1373,18-24,Female,HIIT,77,811.6,814,163,4.5,0.7,97.0,4,Fitbit
FIT-600686,2024-04-19,USR-1033,18-24,Female,Yoga,50,148.5,4108,100,5.0,3.95,90.3,2,Fitbit
FIT-603871,2024-04-19,USR-1201,45-54,Male,Strength Training,111,637.3,3290,168,4.5,0.76,51.9,5,Garmin
FIT-602610,2024-04-19,USR-1310,45-54,Male,Swimming,36,279.9,9321,65,8.7,3.54,50.1,5,Samsung Galaxy Watch
FIT-600936,2024-04-20,USR-1409,35-44,Female,Yoga,60,179.7,9125,111,8.3,0.72,98.7,5,Fitbit
FIT-601327,2024-04-20,USR-1212,55+,Male,Cycling,76,564.4,1972,100,9.4,0.95,50.7,3,Garmin
FIT-603926,2024-04-20,USR-1339,35-44,Male,HIIT,81,920.7,17086,148,4.2,1.1,99.9,5,Mi Band
FIT-603372,2024-04-20,USR-1066,18-24,Female,Cycling,67,464.0,13969,123,8.2,0.7,90.9,4,Apple Watch
FIT-602555,2024-04-21,USR-1114,18-24,Female,Running,46,553.0,16342,99,5.2,3.22,96.9,2,Mi Band
FIT-602125,2024-04-21,USR-1090,25-34,Female,Walking,80,370.6,16119,171,8.3,1.21,56.6,4,Apple Watch
FIT-601360,2024-04-21,USR-1165,25-34,Male,Swimming,49,472.7,13483,136,5.5,3.63,52.9,5,Fitbit
FIT-600069,2024-04-21,USR-1327,35-44,Male,Cycling,31,237.4,8439,108,8.5,2.49,73.3,4,Apple Watch
FIT-601328,2024-04-21,USR-1209,25-34,Female,Running,117,1218.9,11014,83,6.4,2.75,106.3,1,Samsung Galaxy Watch
FIT-602084,2024-04-21,USR-1101,18-24,Male,Yoga,58,165.5,7947,140,8.1,3.15,100.3,2,Mi Band
FIT-603003,2024-04-21,USR-1056,18-24,Male,Strength Training,21,121.5,16740,157,8.0,3.7,94.0,5,Fitbit
FIT-602201,2024-04-22,USR-1230,55+,Female,Walking,16,62.8,6896,130,6.7,0.65,48.3,1,Fitbit
FIT-603179,2024-04-22,USR-1492,55+,Male,Swimming,35,359.2,12976,105,7.1,3.97,64.0,2,Mi Band
FIT-603186,2024-04-22,USR-1215,35-44,Female,HIIT,30,367.5,12721,75,7.5,2.24,86.1,4,Garmin
FIT-603131,2024-04-22,USR-1393,25-34,Male,Yoga,29,85.9,4050,136,6.6,0.86,94.8,4,Mi Band
FIT-602926,2024-04-22,USR-1204,18-24,Female,Walking,117,533.5,4436,135,5.3,3.89,95.4,1,Mi Band
FIT-603334,2024-04-22,USR-1395,18-24,Female,Walking,54,255.1,17105,107,8.5,3.7,60.4,5,Garmin
FIT-601792,2024-04-22,USR-1077,25-34,Male,Cycling,59,466.6,14441,154,4.5,3.72,45.4,1,Garmin
FIT-600519,2024-04-22,USR-1187,25-34,Female,Strength Training,72,374.2,6621,100,7.4,2.47,49.7,4,Samsung Galaxy Watch
FIT-602976,2024-04-23,USR-1307,55+,Male,Strength Training,118,668.0,12358,80,8.4,3.71,89.5,5,Samsung Galaxy Watch
FIT-601199,2024-04-23,USR-1498,35-44,Male,Strength Training,35,191.0,3930,146,5.5,2.39,102.3,3,Mi Band
FIT-603428,2024-04-23,USR-1313,45-54,Female,HIIT,109,1170.9,11278,115,8.9,1.93,82.2,5,Mi Band
FIT-602174,2024-04-23,USR-1262,45-54,Male,Swimming,93,865.9,16478,102,6.0,1.79,87.7,1,Samsung Galaxy Watch
FIT-603443,2024-04-23,USR-1160,45-54,Male,Running,55,566.9,2363,138,5.5,1.43,77.3,4,Apple Watch
FIT-602090,2024-04-24,USR-1405,25-34,Male,Strength Training,112,717.5,782,85,9.1,1.84,83.2,2,Mi Band
FIT-603123,2024-04-24,USR-1344,55+,Male,Walking,30,126.0,10970,107,8.1,2.25,92.4,3,Garmin
FIT-602618,2024-04-24,USR-1147,25-34,Female,HIIT,60,716.9,14049,131,5.1,3.8,75.1,4,Samsung Galaxy Watch
FIT-601869,2024-04-24,USR-1444,35-44,Male,Strength Training,98,612.7,13875,115,6.7,1.27,87.3,1,Samsung Galaxy Watch
FIT-601627,2024-04-24,USR-1381,25-34,Female,Walking,25,128.5,15588,79,6.4,1.08,91.5,2,Mi Band
FIT-600756,2024-04-24,USR-1109,35-44,Male,Yoga,34,98.2,11276,143,5.0,3.05,102.6,4,Fitbit
FIT-600834,2024-04-25,USR-1354,35-44,Male,Cycling,84,767.4,12580,91,4.9,2.58,107.1,2,Samsung Galaxy Watch
FIT-601152,2024-04-26,USR-1106,45-54,Female,Walking,33,159.5,9842,142,8.1,1.86,74.9,5,Fitbit
FIT-601452,2024-04-26,USR-1377,18-24,Female,Yoga,68,188.2,4837,94,7.5,3.27,54.3,2,Fitbit
FIT-600437,2024-04-26,USR-1429,25-34,Female,Cycling,61,479.0,14069,79,9.1,1.02,54.6,5,Garmin
FIT-601924,2024-04-26,USR-1254,25-34,Male,Yoga,18,56.3,2920,146,4.5,2.86,91.5,4,Samsung Galaxy Watch
FIT-600116,2024-04-26,USR-1044,25-34,Male,Swimming,113,1001.4,17156,74,8.4,2.68,100.2,3,Mi Band
FIT-603176,2024-04-26,USR-1405,45-54,Female,Swimming,31,254.6,15590,155,4.8,3.7,107.5,1,Samsung Galaxy Watch
FIT-603470,2024-04-26,USR-1194,25-34,Female,Running,87,1092.7,4729,169,8.4,1.46,104.2,3,Samsung Galaxy Watch
FIT-601671,2024-04-27,USR-1149,25-34,Male,HIIT,47,599.6,2886,71,8.2,0.67,100.4,2,Fitbit
FIT-602489,2024-04-27,USR-1380,25-34,Female,Strength Training,68,351.1,11618,96,7.9,0.55,66.4,3,Apple Watch
FIT-602830,2024-04-27,USR-1129,25-34,Male,Running,67,738.7,3876,117,8.0,2.55,71.1,3,Samsung Galaxy Watch
FIT-602195,2024-04-27,USR-1435,35-44,Female,Strength Training,110,688.0,14055,91,4.4,0.77,47.3,4,Fitbit
FIT-603895,2024-04-28,USR-1218,25-34,Female,Yoga,78,217.5,4731,79,7.3,3.94,59.5,2,Garmin
FIT-601037,2024-04-28,USR-1373,25-34,Female,Swimming,56,542.0,1357,106,9.0,2.43,54.4,3,Fitbit
FIT-601230,2024-04-28,USR-1147,35-44,Female,Cycling,44,316.5,1331,149,7.3,2.58,56.2,3,Mi Band
FIT-601127,2024-04-28,USR-1064,18-24,Male,Walking,32,145.3,1233,83,6.7,3.15,107.8,3,Fitbit
FIT-601106,2024-04-28,USR-1492,25-34,Male,Swimming,76,657.4,7424,108,7.5,2.15,84.6,2,Samsung Galaxy Watch
FIT-601401,2024-04-28,USR-1341,35-44,Female,Walking,58,228.8,9195,132,5.0,1.72,102.4,4,Garmin
FIT-601613,2024-04-29,USR-1239,25-34,Male,Swimming,34,351.6,10799,162,8.1,0.92,93.5,1,Garmin
FIT-603191,2024-04-29,USR-1050,35-44,Male,Running,20,242.0,10865,104,5.9,1.12,58.5,1,Mi Band
FIT-601206,2024-04-29,USR-1167,18-24,Male,Swimming,21,184.8,3839,94,8.7,1.38,52.2,2,Fitbit
FIT-601047,2024-04-29,USR-1054,25-34,Female,HIIT,10,121.6,12175,69,5.6,1.61,91.0,2,Samsung Galaxy Watch
FIT-603294,2024-04-29,USR-1017,45-54,Female,HIIT,23,256.0,2368,151,6.8,3.58,53.2,2,Garmin
FIT-603389,2024-04-29,USR-1248,35-44,Female,Running,16,163.0,13351,119,4.3,2.31,64.0,3,Samsung Galaxy Watch
FIT-601999,2024-04-29,USR-1019,25-34,Female,Swimming,39,345.6,4985,92,9.4,2.45,83.5,1,Garmin
FIT-603977,2024-04-29,USR-1036,45-54,Female,Cycling,80,600.8,16826,157,5.0,3.1,68.8,2,Fitbit
FIT-603357,2024-04-30,USR-1311,45-54,Female,Strength Training,116,631.8,900,110,8.6,0.54,78.7,3,Fitbit
FIT-600602,2024-04-30,USR-1391,35-44,Male,Running,72,887.8,13366,107,7.6,1.74,71.8,3,Mi Band
FIT-603350,2024-04-30,USR-1122,45-54,Other,Walking,108,435.2,17430,137,5.8,2.1,58.2,5,Samsung Galaxy Watch
FIT-602833,2024-04-30,USR-1302,35-44,Other,Walking,116,511.0,9692,153,5.1,2.71,103.7,2,Apple Watch
FIT-600392,2024-04-30,USR-1346,18-24,Male,Cycling,90,757.3,17317,141,5.2,3.2,91.8,5,Garmin
FIT-602938,2024-04-30,USR-1409,18-24,Male,Strength Training,11,66.9,12307,69,5.3,1.29,104.4,3,Apple Watch
FIT-601716,2024-04-30,USR-1138,35-44,Male,HIIT,42,523.1,8031,98,7.1,3.38,47.4,1,Samsung Galaxy Watch
FIT-602746,2024-05-01,USR-1413,45-54,Male,Cycling,60,543.9,1010,116,9.2,1.98,45.6,1,Samsung Galaxy Watch
FIT-602479,2024-05-01,USR-1371,25-34,Female,Yoga,18,57.6,17119,137,8.9,1.95,65.2,2,Samsung Galaxy Watch
FIT-601310,2024-05-01,USR-1366,18-24,Male,Swimming,14,137.2,16843,125,4.9,0.64,54.9,3,Fitbit
FIT-601735,2024-05-01,USR-1260,35-44,Female,Walking,30,130.0,2828,91,9.4,3.97,64.8,1,Mi Band
FIT-600626,2024-05-01,USR-1322,35-44,Male,HIIT,106,1157.0,2773,91,5.4,1.21,54.8,3,Mi Band
FIT-600040,2024-05-01,USR-1187,45-54,Female,HIIT,116,1433.4,16244,104,5.6,1.4,61.0,5,Apple Watch
FIT-600761,2024-05-03,USR-1319,25-34,Male,Walking,114,487.0,7138,112,7.1,1.58,61.7,3,Garmin
FIT-601796,2024-05-03,USR-1068,35-44,Female,Swimming,75,722.0,4590,151,5.7,2.61,89.0,3,Mi Band
FIT-600300,2024-05-03,USR-1096,55+,Male,Yoga,40,137.8,13395,72,8.3,3.12,107.2,1,Fitbit
FIT-602332,2024-05-03,USR-1400,25-34,Male,Yoga,83,280.8,1348,84,7.5,3.49,91.6,2,Fitbit
FIT-601243,2024-05-03,USR-1047,18-24,Female,Yoga,98,332.8,17641,96,6.2,0.96,50.7,2,Samsung Galaxy Watch
FIT-601150,2024-05-03,USR-1027,45-54,Male,Cycling,119,873.9,10308,89,9.0,1.93,64.1,4,Garmin
FIT-603843,2024-05-03,USR-1405,35-44,Female,Running,37,466.2,3963,163,8.4,2.4,65.9,4,Samsung Galaxy Watch
FIT-601067,2024-05-03,USR-1388,25-34,Male,Walking,57,256.5,3538,87,6.0,1.09,66.9,2,Apple Watch
FIT-603877,2024-05-03,USR-1169,18-24,Female,Walking,28,129.5,9331,170,6.7,2.67,94.2,3,Apple Watch
FIT-603913,2024-05-04,USR-1129,25-34,Male,Running,76,745.7,7546,92,8.4,2.88,100.0,2,Garmin
FIT-601970,2024-05-04,USR-1125,25-34,Female,HIIT,34,434.1,2856,136,4.4,2.4,79.9,5,Apple Watch
FIT-600053,2024-05-04,USR-1009,35-44,Male,Yoga,109,280.8,6312,116,6.7,3.79,97.3,4,Garmin
FIT-601939,2024-05-04,USR-1363,55+,Male,Yoga,90,264.0,13601,140,5.2,3.99,54.5,3,Apple Watch
FIT-602403,2024-05-04,USR-1092,25-34,Female,Strength Training,106,665.6,10702,140,7.0,1.59,54.6,3,Mi Band
FIT-600181,2024-05-05,USR-1111,25-34,Male,Cycling,50,433.3,5260,69,7.3,3.94,81.6,3,Mi Band
FIT-602268,2024-05-05,USR-1001,55+,Male,Swimming,85,869.4,14585,90,8.2,1.12,50.6,1,Mi Band
FIT-602134,2024-05-05,USR-1471,35-44,Female,Running,100,1211.9,4032,138,6.7,0.63,103.9,5,Apple Watch
FIT-602497,2024-05-05,USR-1098,25-34,Female,Swimming,38,382.1,12677,153,6.8,3.14,105.9,1,Apple Watch
FIT-601928,2024-05-05,USR-1363,25-34,Male,Running,110,1139.5,8041,166,4.2,0.75,96.0,5,Apple Watch
FIT-600904,2024-05-05,USR-1360,55+,Female,HIIT,97,1062.4,13070,141,9.0,1.17,79.1,4,Samsung Galaxy Watch
FIT-602344,2024-05-05,USR-1374,45-54,Female,HIIT,98,1325.8,7540,87,4.0,4.0,104.3,5,Samsung Galaxy Watch
FIT-600194,2024-05-05,USR-1133,55+,Male,HIIT,62,677.0,4684,101,7.7,3.96,108.3,2,Mi Band
FIT-603885,2024-05-06,USR-1092,55+,Male,Walking,53,244.5,1804,67,5.7,3.62,62.9,3,Garmin
FIT-602800,2024-05-06,USR-1061,25-34,Female,Strength Training,77,468.6,11569,164,7.9,0.79,84.4,4,Mi Band
FIT-600092,2024-05-07,USR-1116,35-44,Female,Running,36,339.1,1318,65,8.0,1.02,54.5,1,Garmin
FIT-600928,2024-05-07,USR-1084,45-54,Male,HIIT,66,788.5,5115,83,5.3,2.58,64.4,3,Mi Band
FIT-602281,2024-05-07,USR-1298,35-44,Male,Running,76,921.7,11927,133,6.7,2.93,64.5,1,Mi Band
FIT-601971,2024-05-07,USR-1200,35-44,Male,Yoga,55,163.0,14978,120,8.0,1.25,85.8,1,Mi Band
FIT-603182,2024-05-07,USR-1084,25-34,Female,HIIT,71,821.7,16283,122,7.0,1.41,55.0,4,Fitbit
FIT-603767,2024-05-08,USR-1183,35-44,Female,Yoga,25,68.3,10886,99,7.4,3.93,89.3,5,Fitbit
FIT-601414,2024-05-08,USR-1156,45-54,Male,Cycling,20,177.5,10123,112,9.3,3.52,98.8,2,Fitbit
FIT-603665,2024-05-08,USR-1295,35-44,Male,Cycling,114,890.8,14038,106,6.8,2.0,71.3,4,Garmin
FIT-603579,2024-05-08,USR-1376,25-34,Female,HIIT,50,687.0,6274,142,6.9,3.98,95.0,4,Fitbit
FIT-600044,2024-05-08,USR-1014,25-34,Female,Swimming,50,388.2,12032,87,6.4,1.19,59.6,2,Fitbit
FIT-601874,2024-05-08,USR-1369,25-34,Male,HIIT,92,939.3,9323,65,5.7,3.39,74.2,5,Garmin
FIT-601844,2024-05-08,USR-1474,25-34,Male,Swimming,56,447.1,1586,121,7.4,3.09,103.3,5,Mi Band
FIT-601985,2024-05-09,USR-1066,45-54,Female,Swimming,111,1125.9,4577,138,7.5,3.49,63.1,1,Mi Band
FIT-600385,2024-05-09,USR-1292,25-34,Male,Running,14,161.8,3029,154,6.7,1.81,90.4,2,Garmin
FIT-600021,2024-05-09,USR-1372,35-44,Male,Strength Training,82,423.4,2811,155,8.9,2.28,86.5,5,Samsung Galaxy Watch
FIT-600843,2024-05-09,USR-1379,18-24,Female,Yoga,36,111.0,6186,104,5.9,2.89,65.6,4,Samsung Galaxy Watch
FIT-601794,2024-05-10,USR-1477,45-54,Female,Cycling,15,126.5,15939,141,5.6,2.15,101.3,1,Fitbit
FIT-602811,2024-05-10,USR-1498,25-34,Female,Yoga,98,251.2,11819,121,6.4,3.19,77.2,5,Mi Band
FIT-603030,2024-05-10,USR-1001,25-34,Female,Strength Training,35,213.7,4311,135,6.0,1.66,62.9,1,Apple Watch
FIT-602190,2024-05-10,USR-1009,35-44,Male,Yoga,87,271.0,4079,98,9.3,0.9,80.4,5,Apple Watch
FIT-601433,2024-05-11,USR-1415,25-34,Male,Swimming,14,143.2,15271,123,4.3,0.58,89.6,4,Samsung Galaxy Watch
FIT-602836,2024-05-11,USR-1179,25-34,Male,Swimming,60,536.8,13046,115,7.7,3.81,56.1,1,Apple Watch
FIT-601707,2024-05-11,USR-1239,35-44,Male,Walking,18,87.2,15563,154,5.9,3.71,56.1,4,Apple Watch
FIT-600389,2024-05-11,USR-1111,25-34,Female,Cycling,72,512.4,1667,104,6.0,2.86,102.7,4,Samsung Galaxy Watch
FIT-601817,2024-05-11,USR-1008,25-34,Male,Running,12,133.7,14660,68,8.4,2.26,80.8,3,Fitbit
FIT-600283,2024-05-12,USR-1136,35-44,Male,Yoga,48,147.5,12075,104,6.2,1.93,82.6,1,Apple Watch
FIT-602850,2024-05-12,USR-1211,35-44,Female,Running,99,943.2,13856,163,7.2,2.51,45.1,5,Mi Band
FIT-602338,2024-05-12,USR-1150,25-34,Female,Strength Training,35,216.9,10061,157,7.2,3.47,97.6,4,Fitbit
FIT-602808,2024-05-12,USR-1283,25-34,Male,Walking,93,465.7,4130,128,9.3,0.82,61.6,5,Garmin
FIT-600744,2024-05-13,USR-1251,55+,Male,HIIT,88,1085.4,7700,111,7.4,3.06,50.7,2,Fitbit
FIT-602313,2024-05-13,USR-1205,25-34,Female,Running,33,371.8,2561,122,9.3,1.22,56.0,1,Samsung Galaxy Watch
FIT-602669,2024-05-13,USR-1475,25-34,Female,Cycling,91,651.4,17145,65,7.9,0.7,94.0,5,Garmin
FIT-600537,2024-05-13,USR-1322,35-44,Male,Swimming,96,884.6,4711,133,7.9,0.56,61.2,1,Fitbit
FIT-601203,2024-05-14,USR-1004,45-54,Female,Running,48,523.8,12758,157,7.4,0.6,93.0,3,Garmin
FIT-601129,2024-05-14,USR-1029,25-34,Female,Swimming,71,639.2,13236,114,4.5,2.19,84.8,4,Samsung Galaxy Watch
FIT-601086,2024-05-14,USR-1305,25-34,Female,Running,101,1142.4,10802,162,5.7,1.75,103.8,5,Samsung Galaxy Watch
FIT-602693,2024-05-14,USR-1450,25-34,Male,Strength Training,92,604.2,4341,125,9.3,2.58,103.5,3,Apple Watch
FIT-601130,2024-05-15,USR-1062,25-34,Female,Swimming,89,883.1,15351,97,8.0,1.1,93.7,4,Mi Band
FIT-600039,2024-05-15,USR-1001,25-34,Female,Swimming,111,1148.5,13309,84,5.4,3.8,86.6,3,Samsung Galaxy Watch
FIT-601687,2024-05-15,USR-1327,35-44,Male,Swimming,27,222.7,16952,71,9.5,3.98,70.1,5,Samsung Galaxy Watch
FIT-600216,2024-05-15,USR-1221,18-24,Male,Swimming,45,421.6,2777,109,4.2,3.8,95.8,1,Samsung Galaxy Watch
FIT-600260,2024-05-15,USR-1122,25-34,Male,HIIT,101,1244.2,14569,125,7.8,2.99,56.5,1,Fitbit
FIT-602594,2024-05-15,USR-1113,35-44,Female,Cycling,46,340.7,11733,139,8.6,0.74,63.6,3,Garmin
FIT-601362,2024-05-16,USR-1362,45-54,Female,Yoga,25,76.1,10598,119,7.7,2.61,54.8,1,Fitbit
FIT-603423,2024-05-16,USR-1426,25-34,Female,Strength Training,14,91.5,6682,112,8.5,3.49,77.7,4,Garmin
FIT-602543,2024-05-16,USR-1408,25-34,Male,Strength Training,33,187.7,5908,73,9.4,0.53,45.9,4,Samsung Galaxy Watch
FIT-601694,2024-05-16,USR-1483,25-34,Male,Strength Training,79,435.3,16024,69,8.1,3.24,84.5,3,Garmin
FIT-603854,2024-05-17,USR-1010,25-34,Female,Yoga,33,107.6,16729,103,5.6,2.89,104.4,2,Fitbit
FIT-602350,2024-05-17,USR-1185,25-34,Male,Swimming,105,824.4,3973,84,8.9,3.25,46.3,4,Samsung Galaxy Watch
FIT-602965,2024-05-17,USR-1105,35-44,Male,Strength Training,44,228.1,15684,139,8.9,3.15,92.8,4,Fitbit
FIT-603907,2024-05-17,USR-1419,45-54,Female,Cycling,99,846.6,4674,161,4.8,3.23,58.6,3,Garmin
FIT-603571,2024-05-17,USR-1184,35-44,Female,HIIT,95,998.3,7205,120,6.3,2.36,101.4,3,Samsung Galaxy Watch
FIT-601089,2024-05-17,USR-1052,35-44,Male,Strength Training,116,686.4,9159,125,4.9,2.13,99.9,4,Samsung Galaxy Watch
FIT-602240,2024-05-18,USR-1045,35-44,Male,Walking,109,464.0,1944,150,4.4,2.65,105.8,3,Samsung Galaxy Watch
FIT-600240,2024-05-18,USR-1084,35-44,Female,HIIT,116,1342.8,13457,105,7.4,2.88,47.1,4,Fitbit
FIT-602464,2024-05-18,USR-1403,45-54,Female,HIIT,119,1560.1,4709,86,4.7,1.77,90.4,1,Fitbit
FIT-603613,2024-05-18,USR-1341,35-44,Male,HIIT,13,168.7,6313,134,5.4,1.52,81.6,2,Mi Band
FIT-601332,2024-05-19,USR-1354,18-24,Female,Yoga,64,198.8,8766,92,6.6,2.95,93.0,5,Apple Watch
FIT-602421,2024-05-19,USR-1139,18-24,Male,Swimming,108,850.4,2379,109,5.9,0.72,45.7,1,Apple Watch
FIT-600227,2024-05-19,USR-1354,55+,Male,Strength Training,10,52.7,3732,147,4.6,1.35,68.0,3,Fitbit
FIT-603741,2024-05-19,USR-1339,45-54,Female,Running,107,1056.1,12048,169,5.9,3.83,99.9,5,Garmin
FIT-603405,2024-05-19,USR-1189,45-54,Female,Running,79,813.3,13997,148,6.7,0.69,63.6,1,Garmin
FIT-600628,2024-05-19,USR-1152,25-34,Male,HIIT,30,387.0,10045,67,7.4,0.81,76.8,4,Mi Band
FIT-600361,2024-05-19,USR-1122,18-24,Female,Walking,85,438.0,4342,96,6.1,1.54,108.0,5,Mi Band
FIT-602223,2024-05-19,USR-1026,25-34,Female,HIIT,45,576.0,8438,142,6.6,0.61,54.4,5,Fitbit
FIT-602707,2024-05-20,USR-1222,45-54,Female,Strength Training,94,621.9,14922,85,6.9,0.97,75.3,3,Samsung Galaxy Watch
FIT-602997,2024-05-20,USR-1287,25-34,Female,HIIT,31,396.3,2266,162,6.5,2.6,73.5,5,Garmin
FIT-601335,2024-05-20,USR-1143,25-34,Other,Strength Training,95,548.9,11093,81,7.0,1.06,83.9,4,Apple Watch
FIT-603960,2024-05-21,USR-1183,18-24,Female,Swimming,92,947.0,11767,96,6.3,2.21,61.6,2,Mi Band
FIT-600085,2024-05-21,USR-1377,25-34,Male,Strength Training,108,714.5,4402,122,7.8,2.25,67.6,1,Fitbit
FIT-603027,2024-05-21,USR-1488,25-34,Female,Cycling,103,765.8,11679,170,9.4,2.79,107.5,5,Samsung Galaxy Watch
FIT-602426,2024-05-21,USR-1480,25-34,Female,Yoga,46,124.5,7819,107,6.8,1.94,68.9,5,Garmin
FIT-600086,2024-05-21,USR-1076,45-54,Male,Swimming,70,546.3,11313,128,4.7,3.89,52.2,3,Samsung Galaxy Watch
FIT-601021,2024-05-21,USR-1200,25-34,Male,Swimming,71,680.3,11334,123,7.3,1.1,48.7,4,Samsung Galaxy Watch
FIT-602668,2024-05-22,USR-1158,25-34,Male,Yoga,73,231.6,10654,111,7.0,1.22,104.8,5,Samsung Galaxy Watch
FIT-603604,2024-05-22,USR-1265,25-34,Female,Yoga,80,217.9,7885,124,5.3,2.99,109.4,2,Garmin
FIT-602449,2024-05-22,USR-1473,18-24,Male,Yoga,15,41.8,17120,171,9.2,2.64,102.8,1,Samsung Galaxy Watch
FIT-600547,2024-05-23,USR-1061,25-34,Male,Walking,84,417.7,13904,71,9.2,3.64,109.4,3,Apple Watch
FIT-602841,2024-05-23,USR-1192,35-44,Male,Cycling,97,868.9,6069,87,8.4,0.73,54.6,1,Fitbit
FIT-601465,2024-05-23,USR-1191,25-34,Male,Yoga,37,114.3,2065,130,4.9,2.21,74.4,1,Apple Watch
FIT-601424,2024-05-23,USR-1378,25-34,Male,Cycling,27,203.9,5453,97,8.9,2.94,107.7,1,Fitbit
FIT-600718,2024-05-23,USR-1259,25-34,Female,Yoga,31,106.3,12399,100,9.3,1.29,56.3,1,Apple Watch
FIT-600873,2024-05-23,USR-1263,25-34,Male,Swimming,105,910.2,11365,168,4.2,2.96,50.6,2,Apple Watch
FIT-602536,2024-05-23,USR-1467,45-54,Female,HIIT,23,315.3,7508,156,9.0,3.76,76.2,5,Fitbit
FIT-602422,2024-05-23,USR-1372,25-34,Male,Yoga,55,155.4,14344,91,4.5,0.67,47.8,1,Samsung Galaxy Watch
FIT-603308,2024-05-23,USR-1197,18-24,Male,Strength Training,63,361.9,4808,145,4.2,3.66,47.6,5,Mi Band
FIT-603342,2024-05-24,USR-1245,25-34,Male,Strength Training,45,267.2,3291,134,8.0,2.77,92.8,3,Samsung Galaxy Watch
FIT-603001,2024-05-24,USR-1293,25-34,Male,Walking,57,222.2,5900,97,4.4,0.92,48.7,3,Samsung Galaxy Watch
FIT-600440,2024-05-24,USR-1380,45-54,Female,Swimming,68,531.8,17388,117,6.0,3.72,70.6,2,Samsung Galaxy Watch
FIT-602806,2024-05-24,USR-1185,25-34,Male,Swimming,53,455.8,5050,120,5.0,3.5,63.7,2,Samsung Galaxy Watch
FIT-600583,2024-05-24,USR-1211,45-54,Male,Walking,52,246.3,12079,101,7.4,3.78,86.6,4,Mi Band
FIT-602005,2024-05-24,USR-1382,25-34,Male,Running,107,1209.0,8715,94,7.0,1.76,49.5,2,Apple Watch
FIT-600984,2024-05-24,USR-1037,45-54,Male,Strength Training,26,153.8,3156,158,7.6,3.66,69.6,3,Fitbit
FIT-601968,2024-05-24,USR-1257,25-34,Male,HIIT,67,722.4,4926,85,8.4,3.57,96.6,4,Samsung Galaxy Watch
FIT-601117,2024-05-24,USR-1165,35-44,Male,Running,51,501.6,14793,86,5.4,3.8,99.2,2,Garmin
FIT-601673,2024-05-25,USR-1480,18-24,Male,Strength Training,89,592.5,14415,68,4.1,2.24,78.6,2,Samsung Galaxy Watch
FIT-600886,2024-05-25,USR-1168,18-24,Male,Walking,106,467.0,12579,166,6.9,2.77,93.5,1,Garmin
FIT-602482,2024-05-25,USR-1439,45-54,Male,Yoga,37,127.3,7994,148,6.4,2.27,99.8,5,Mi Band
FIT-602950,2024-05-26,USR-1242,35-44,Female,Swimming,18,151.5,9652,101,5.9,2.72,108.7,2,Samsung Galaxy Watch
FIT-600155,2024-05-26,USR-1062,18-24,Female,Swimming,111,1095.6,3122,150,5.4,3.81,109.8,1,Apple Watch
FIT-600920,2024-05-26,USR-1248,45-54,Male,Strength Training,76,488.0,1030,84,7.2,1.54,94.4,1,Garmin
FIT-601830,2024-05-26,USR-1434,25-34,Male,Swimming,117,1039.7,6103,173,7.5,2.11,66.1,5,Garmin
FIT-603644,2024-05-26,USR-1429,25-34,Other,HIIT,18,201.4,10368,77,7.4,1.45,45.8,4,Fitbit
FIT-600730,2024-05-26,USR-1081,35-44,Male,HIIT,33,394.5,6003,169,8.1,2.16,94.2,4,Apple Watch
FIT-601530,2024-05-26,USR-1162,18-24,Male,Cycling,109,767.2,3577,146,4.6,1.42,100.5,1,Mi Band
FIT-602192,2024-05-26,USR-1455,45-54,Female,Yoga,41,115.7,13337,104,6.9,2.81,99.6,5,Fitbit
FIT-602180,2024-05-27,USR-1374,35-44,Male,Swimming,71,696.3,15230,141,8.3,1.7,46.6,2,Garmin
FIT-601019,2024-05-27,USR-1285,25-34,Male,Swimming,55,500.9,13326,163,4.1,3.84,93.9,1,Samsung Galaxy Watch
FIT-603748,2024-05-27,USR-1317,18-24,Male,HIIT,26,311.4,9901,69,4.1,2.23,55.5,5,Samsung Galaxy Watch
FIT-603583,2024-05-28,USR-1403,45-54,Male,Walking,62,255.2,14993,148,5.8,2.16,54.2,3,Garmin
FIT-602513,2024-05-28,USR-1214,35-44,Female,HIIT,48,506.1,16735,151,5.2,0.56,103.3,3,Samsung Galaxy Watch
FIT-603412,2024-05-28,USR-1197,25-34,Male,Swimming,92,863.4,7442,171,8.0,2.79,73.5,5,Garmin
FIT-600734,2024-05-28,USR-1128,25-34,Male,Walking,118,526.1,7945,137,4.8,2.84,72.2,5,Samsung Galaxy Watch
FIT-602438,2024-05-29,USR-1462,18-24,Male,Swimming,67,524.3,13257,154,6.4,3.56,89.9,3,Fitbit
FIT-601266,2024-05-29,USR-1373,18-24,Female,Yoga,96,288.6,17668,98,5.6,0.69,55.4,2,Samsung Galaxy Watch
FIT-600475,2024-05-29,USR-1288,18-24,Male,Swimming,40,384.0,4426,148,6.1,1.17,69.1,1,Apple Watch
FIT-601333,2024-05-29,USR-1330,25-34,Female,Walking,60,300.7,16614,154,4.7,1.34,87.9,5,Fitbit
FIT-600495,2024-05-29,USR-1333,25-34,Female,HIIT,104,1432.8,14384,170,7.1,1.59,82.5,4,Apple Watch
FIT-603952,2024-05-29,USR-1371,25-34,Male,Cycling,64,576.9,16928,131,6.5,1.56,46.5,3,Garmin
FIT-602925,2024-05-30,USR-1332,25-34,Male,HIIT,107,1384.4,4317,107,9.0,1.85,93.4,1,Fitbit
FIT-601751,2024-05-30,USR-1324,35-44,Male,Cycling,93,711.6,13077,147,4.5,1.98,79.2,4,Garmin
FIT-602515,2024-05-30,USR-1037,55+,Female,Swimming,23,232.7,6739,79,5.0,3.47,56.0,4,Fitbit
FIT-603942,2024-05-30,USR-1291,55+,Male,Swimming,42,426.2,7608,136,6.2,1.06,91.4,4,Mi Band
FIT-603400,2024-05-30,USR-1399,18-24,Female,Swimming,102,1054.1,17543,111,6.8,1.26,55.6,5,Fitbit
FIT-603180,2024-05-30,USR-1368,45-54,Male,Yoga,107,291.6,9561,144,4.5,2.14,58.5,3,Samsung Galaxy Watch
FIT-603671,2024-05-30,USR-1376,35-44,Male,Yoga,32,84.8,730,86,8.7,1.34,93.8,5,Fitbit
FIT-603795,2024-05-30,USR-1492,35-44,Female,Walking,27,111.9,6088,69,6.8,1.0,52.7,1,Mi Band
FIT-600248,2024-05-30,USR-1006,18-24,Female,HIIT,105,1257.0,12271,76,5.0,3.87,105.0,1,Garmin
FIT-603355,2024-05-31,USR-1029,25-34,Female,Walking,33,158.4,5546,80,7.3,3.13,45.9,3,Samsung Galaxy Watch
FIT-601153,2024-05-31,USR-1486,25-34,Female,Walking,97,498.7,13795,148,5.1,3.0,67.8,4,Apple Watch
FIT-601664,2024-05-31,USR-1078,18-24,Male,Yoga,63,212.5,8348,153,5.4,1.15,96.5,1,Apple Watch
FIT-600411,2024-05-31,USR-1455,35-44,Female,Swimming,45,364.3,3407,111,9.1,1.28,88.6,2,Garmin
FIT-600461,2024-06-01,USR-1192,35-44,Male,Cycling,16,141.5,13119,107,9.0,2.69,87.1,4,Samsung Galaxy Watch
FIT-601350,2024-06-01,USR-1291,25-34,Male,Cycling,51,400.2,7112,173,4.2,2.43,51.7,1,Garmin
FIT-600775,2024-06-01,USR-1078,25-34,Female,Strength Training,95,616.6,14392,151,7.7,2.88,97.0,1,Fitbit
FIT-601696,2024-06-01,USR-1261,25-34,Male,Strength Training,75,505.8,14908,163,8.4,2.21,96.6,1,Apple Watch
FIT-602276,2024-06-01,USR-1131,25-34,Female,Swimming,116,913.8,571,86,7.5,0.57,102.0,1,Mi Band
FIT-601464,2024-06-01,USR-1060,25-34,Female,Walking,54,267.2,16028,166,5.3,1.28,49.7,1,Garmin
FIT-603343,2024-06-02,USR-1412,25-34,Female,HIIT,51,541.8,16982,168,7.4,2.81,75.5,4,Apple Watch
FIT-603988,2024-06-02,USR-1291,35-44,Male,Strength Training,115,752.6,14330,119,7.8,3.44,71.8,1,Apple Watch
FIT-602605,2024-06-02,USR-1010,35-44,Other,HIIT,18,229.2,5641,170,6.6,2.97,85.5,1,Samsung Galaxy Watch
FIT-602738,2024-06-02,USR-1349,45-54,Female,Walking,96,449.5,682,165,9.3,1.16,82.3,2,Apple Watch
FIT-603777,2024-06-02,USR-1204,35-44,Male,Yoga,57,195.9,10274,128,6.9,1.55,51.8,1,Fitbit
FIT-600273,2024-06-03,USR-1014,25-34,Male,Cycling,90,807.4,5806,131,4.2,1.57,85.2,5,Samsung Galaxy Watch
FIT-601704,2024-06-03,USR-1071,25-34,Female,HIIT,15,155.0,17746,93,6.1,1.2,107.2,2,Fitbit
FIT-601027,2024-06-03,USR-1250,25-34,Female,Running,61,756.7,2051,114,5.8,3.46,74.8,1,Apple Watch
FIT-602394,2024-06-03,USR-1450,18-24,Female,Running,16,182.9,15300,77,7.0,1.35,70.8,1,Garmin
FIT-600394,2024-06-04,USR-1396,55+,Male,Yoga,41,141.3,12549,168,7.8,2.13,94.0,3,Mi Band
FIT-603923,2024-06-04,USR-1420,25-34,Male,Swimming,12,116.7,11211,95,4.8,1.59,50.9,5,Fitbit
FIT-600362,2024-06-04,USR-1338,25-34,Male,Swimming,84,674.2,11262,129,5.1,3.03,70.6,2,Mi Band
FIT-601824,2024-06-04,USR-1306,35-44,Male,Swimming,57,539.4,14284,101,5.6,3.62,50.0,5,Garmin
FIT-603756,2024-06-04,USR-1050,25-34,Female,Strength Training,98,589.3,12462,125,7.4,1.76,83.1,2,Mi Band
FIT-603127,2024-06-04,USR-1307,45-54,Female,Running,85,1007.5,9670,117,4.4,0.98,62.0,2,Mi Band
FIT-600503,2024-06-04,USR-1262,25-34,Female,Swimming,33,329.4,8671,76,5.9,3.47,74.8,3,Apple Watch
FIT-600108,2024-06-04,USR-1304,55+,Female,Running,114,1290.5,11899,153,5.6,3.02,99.3,4,Garmin
FIT-602202,2024-06-04,USR-1275,45-54,Male,Running,61,713.4,10385,166,6.5,3.09,72.9,5,Apple Watch
FIT-603605,2024-06-04,USR-1103,35-44,Male,Cycling,118,1082.8,3790,153,8.6,1.28,106.8,1,Garmin
FIT-603413,2024-06-05,USR-1417,25-34,Male,HIIT,13,170.6,16226,107,9.1,1.13,68.9,3,Garmin
FIT-602719,2024-06-05,USR-1408,25-34,Female,Yoga,47,148.2,17459,112,5.1,3.23,108.8,3,Mi Band
FIT-600898,2024-06-05,USR-1216,35-44,Female,Cycling,112,874.7,13525,150,6.7,0.75,84.0,2,Garmin
FIT-603744,2024-06-05,USR-1493,25-34,Female,Walking,20,77.6,8605,72,8.9,2.89,48.9,5,Samsung Galaxy Watch
FIT-600204,2024-06-05,USR-1013,18-24,Female,Swimming,79,620.3,14169,172,9.2,1.28,106.1,2,Garmin
FIT-603846,2024-06-06,USR-1439,25-34,Female,Walking,75,357.1,15645,107,4.8,2.28,69.4,3,Apple Watch
FIT-603155,2024-06-06,USR-1207,35-44,Female,Swimming,73,735.6,10554,96,6.2,1.83,78.0,1,Apple Watch
FIT-600859,2024-06-06,USR-1289,35-44,Female,Cycling,88,787.0,6573,77,6.9,2.91,82.4,3,Mi Band
FIT-603049,2024-06-06,USR-1481,18-24,Female,Walking,30,128.5,7495,105,7.7,1.31,66.7,5,Samsung Galaxy Watch
FIT-602197,2024-06-07,USR-1406,35-44,Female,Running,64,809.4,11630,138,4.7,2.75,51.8,5,Garmin
FIT-602298,2024-06-08,USR-1479,18-24,Female,Yoga,29,84.1,4983,90,7.1,3.75,48.9,2,Samsung Galaxy Watch
FIT-601071,2024-06-08,USR-1367,18-24,Female,Swimming,46,385.1,762,92,7.0,2.17,107.3,2,Apple Watch
FIT-600956,2024-06-08,USR-1337,25-34,Male,Yoga,84,287.3,10395,167,6.8,1.06,96.1,2,Mi Band
FIT-600026,2024-06-09,USR-1013,25-34,Female,Running,76,846.3,4929,122,4.7,1.96,72.0,3,Mi Band
FIT-602662,2024-06-09,USR-1448,25-34,Male,Walking,114,492.9,1800,90,5.5,2.0,99.4,5,Fitbit
FIT-603729,2024-06-09,USR-1349,18-24,Male,HIIT,46,590.6,15428,159,8.5,1.87,86.1,5,Apple Watch
FIT-600409,2024-06-10,USR-1343,35-44,Male,Swimming,26,226.8,15969,168,4.2,2.36,79.2,5,Apple Watch
FIT-602415,2024-06-10,USR-1111,18-24,Male,Running,45,489.5,3146,150,6.2,0.53,68.3,4,Apple Watch
FIT-602362,2024-06-10,USR-1265,25-34,Female,Strength Training,98,565.1,8413,94,4.6,0.99,88.7,1,Apple Watch
FIT-603375,2024-06-10,USR-1081,25-34,Male,HIIT,21,227.6,11615,105,9.1,3.22,94.4,1,Fitbit
FIT-602777,2024-06-10,USR-1330,18-24,Male,Yoga,29,97.4,11961,110,6.3,1.69,94.2,2,Garmin
FIT-601628,2024-06-10,USR-1344,25-34,Female,Swimming,87,773.2,15682,84,7.6,3.85,84.9,4,Fitbit
FIT-603121,2024-06-10,USR-1409,35-44,Female,Cycling,49,433.4,8015,87,6.7,2.96,87.7,1,Garmin
FIT-603501,2024-06-10,USR-1193,35-44,Female,Cycling,94,748.7,3747,161,5.8,3.86,56.7,2,Samsung Galaxy Watch
FIT-601741,2024-06-11,USR-1372,25-34,Male,Running,31,320.2,8920,160,6.7,3.88,85.1,3,Apple Watch
FIT-603492,2024-06-11,USR-1110,35-44,Male,Running,96,947.5,7824,153,4.7,3.23,73.2,4,Fitbit
FIT-602390,2024-06-11,USR-1451,45-54,Female,HIIT,90,1152.9,10035,163,7.2,3.54,98.5,1,Samsung Galaxy Watch
FIT-602473,2024-06-11,USR-1156,35-44,Female,Cycling,113,946.5,16362,71,6.6,2.06,54.3,1,Mi Band
FIT-602173,2024-06-11,USR-1242,55+,Male,HIIT,30,328.3,17024,99,8.1,2.64,88.9,1,Garmin
FIT-601882,2024-06-11,USR-1073,45-54,Male,Walking,84,380.9,14559,149,8.9,2.1,92.2,3,Mi Band
FIT-602799,2024-06-12,USR-1468,35-44,Male,Walking,87,387.7,11579,70,9.4,1.0,56.4,5,Apple Watch
FIT-603313,2024-06-12,USR-1268,25-34,Male,HIIT,112,1363.8,8831,153,7.5,3.51,93.8,1,Samsung Galaxy Watch
FIT-600930,2024-06-12,USR-1426,45-54,Male,Yoga,102,317.0,17652,110,4.9,1.9,71.3,1,Mi Band
FIT-601806,2024-06-12,USR-1092,25-34,Female,HIIT,55,710.2,2827,89,7.6,2.18,95.3,3,Mi Band
FIT-601204,2024-06-13,USR-1495,25-34,Female,Running,92,879.2,4439,154,4.8,3.97,64.9,2,Apple Watch
FIT-603356,2024-06-13,USR-1149,18-24,Male,Strength Training,75,471.4,8119,170,7.8,2.73,79.0,5,Samsung Galaxy Watch
FIT-603009,2024-06-13,USR-1238,18-24,Other,Swimming,36,371.9,992,170,7.0,2.63,87.3,4,Samsung Galaxy Watch
FIT-600215,2024-06-13,USR-1002,55+,Female,Cycling,118,857.4,13497,151,5.3,1.29,80.2,2,Fitbit
FIT-601471,2024-06-13,USR-1358,25-34,Male,Swimming,26,265.2,17179,66,7.0,1.98,64.4,3,Samsung Galaxy Watch
FIT-600398,2024-06-13,USR-1423,18-24,Other,Walking,113,441.0,1603,137,5.1,2.13,57.0,5,Garmin
FIT-602871,2024-06-14,USR-1121,35-44,Male,Swimming,36,346.3,15143,166,6.6,2.72,76.0,2,Samsung Galaxy Watch
FIT-602302,2024-06-14,USR-1098,35-44,Female,Yoga,86,242.3,1871,87,4.5,0.78,83.3,3,Apple Watch
FIT-601207,2024-06-14,USR-1441,25-34,Male,Walking,38,147.8,6458,145,5.0,0.78,60.4,1,Garmin
FIT-603045,2024-06-14,USR-1414,45-54,Male,Yoga,75,254.4,1960,74,9.4,2.84,96.1,4,Fitbit
FIT-602048,2024-06-15,USR-1013,25-34,Female,HIIT,99,1199.3,4525,116,5.2,3.04,94.3,4,Samsung Galaxy Watch
FIT-600523,2024-06-15,USR-1023,25-34,Male,Cycling,103,832.1,11648,125,5.4,2.58,104.0,1,Apple Watch
FIT-603079,2024-06-15,USR-1234,18-24,Female,Swimming,65,552.5,7739,74,6.2,3.74,69.5,2,Apple Watch
FIT-602433,2024-06-15,USR-1095,25-34,Male,Cycling,18,164.7,2988,122,6.5,1.08,103.3,1,Garmin
FIT-602067,2024-06-16,USR-1340,25-34,Female,Yoga,37,125.1,7679,156,9.0,2.96,49.6,4,Apple Watch
FIT-600771,2024-06-16,USR-1395,35-44,Female,Walking,103,417.5,2202,156,8.3,1.6,93.2,2,Garmin
FIT-602900,2024-06-16,USR-1049,18-24,Female,HIIT,16,196.5,16535,77,8.8,3.79,63.2,3,Garmin
FIT-600159,2024-06-16,USR-1045,55+,Male,Strength Training,113,667.0,4058,115,4.3,3.01,108.6,1,Apple Watch
FIT-602682,2024-06-16,USR-1394,35-44,Male,Strength Training,78,505.2,3670,144,9.1,1.05,49.6,1,Samsung Galaxy Watch
FIT-601913,2024-06-16,USR-1387,45-54,Male,Strength Training,66,426.0,16383,109,6.1,0.65,92.6,2,Samsung Galaxy Watch
FIT-601856,2024-06-16,USR-1034,18-24,Male,Walking,30,131.0,7134,71,5.4,1.8,59.0,3,Mi Band
FIT-600999,2024-06-17,USR-1164,25-34,Male,Running,68,669.9,16214,83,7.8,2.82,80.5,4,Garmin
FIT-601721,2024-06-17,USR-1174,35-44,Male,HIIT,78,1072.1,3834,156,5.9,2.27,48.8,4,Apple Watch
FIT-602958,2024-06-17,USR-1419,25-34,Male,Running,89,1115.2,13556,156,7.2,1.67,93.0,5,Fitbit
FIT-601757,2024-06-17,USR-1037,35-44,Female,Strength Training,49,294.7,6007,173,8.7,2.04,75.9,1,Samsung Galaxy Watch
FIT-602730,2024-06-18,USR-1237,25-34,Male,Strength Training,47,322.7,9590,89,8.7,2.61,97.6,3,Samsung Galaxy Watch
FIT-602327,2024-06-18,USR-1423,45-54,Male,Cycling,63,475.6,9894,95,6.9,3.68,56.9,5,Garmin
FIT-600580,2024-06-19,USR-1401,25-34,Female,Cycling,111,944.4,4334,131,9.1,1.35,103.0,4,Apple Watch
FIT-601166,2024-06-19,USR-1026,25-34,Male,Cycling,20,168.2,17636,168,8.6,3.02,86.4,2,Mi Band
FIT-602856,2024-06-19,USR-1000,25-34,Female,Strength Training,110,737.0,15833,120,5.8,2.32,83.0,4,Mi Band
FIT-600866,2024-06-19,USR-1062,35-44,Male,Cycling,66,502.9,13771,136,9.0,3.82,55.6,3,Fitbit
FIT-600429,2024-06-19,USR-1471,25-34,Female,Walking,112,460.0,10011,160,7.5,1.54,72.4,2,Garmin
FIT-600640,2024-06-19,USR-1420,45-54,Male,Strength Training,49,335.8,5522,84,9.2,2.77,75.7,5,Fitbit
FIT-601512,2024-06-19,USR-1262,55+,Male,Walking,66,273.3,8129,136,5.9,0.83,102.8,3,Garmin
FIT-600653,2024-06-20,USR-1017,25-34,Female,Yoga,46,144.3,4737,81,7.3,3.67,89.5,5,Samsung Galaxy Watch
FIT-602989,2024-06-20,USR-1342,45-54,Male,Cycling,33,224.5,15198,93,4.6,2.75,98.9,4,Apple Watch
FIT-601155,2024-06-20,USR-1015,35-44,Male,Swimming,25,251.3,14094,112,9.3,1.24,98.9,3,Garmin
FIT-603252,2024-06-21,USR-1301,25-34,Female,Strength Training,80,522.2,17194,99,7.7,1.21,85.9,2,Garmin
FIT-603562,2024-06-21,USR-1276,25-34,Male,Yoga,61,182.0,4544,97,6.1,3.23,91.5,4,Fitbit
FIT-602727,2024-06-21,USR-1086,25-34,Male,Strength Training,108,556.8,11216,78,9.2,3.47,92.3,4,Mi Band
FIT-600618,2024-06-21,USR-1160,25-34,Female,Strength Training,92,474.6,7266,144,9.2,0.68,96.6,5,Fitbit
FIT-603078,2024-06-21,USR-1213,18-24,Female,Swimming,64,588.5,15836,148,7.9,2.0,87.3,5,Apple Watch
FIT-600765,2024-06-22,USR-1348,45-54,Male,HIIT,59,789.7,13142,100,5.1,1.35,103.7,4,Fitbit
FIT-601105,2024-06-23,USR-1178,45-54,Male,Walking,110,431.8,9924,93,4.0,2.07,68.9,5,Mi Band
FIT-603034,2024-06-23,USR-1066,25-34,Female,Swimming,81,783.3,11944,73,8.5,1.34,98.3,4,Samsung Galaxy Watch
FIT-601888,2024-06-23,USR-1195,45-54,Male,Strength Training,92,488.8,5284,92,8.1,1.41,52.4,4,Garmin
FIT-600103,2024-06-23,USR-1344,45-54,Male,Walking,75,313.4,6682,88,6.8,2.11,88.8,3,Mi Band
FIT-603238,2024-06-23,USR-1340,25-34,Female,HIIT,21,250.7,2105,161,6.8,1.93,102.8,3,Mi Band
FIT-600929,2024-06-23,USR-1430,18-24,Male,HIIT,51,620.0,10271,167,5.2,1.58,55.7,1,Samsung Galaxy Watch
FIT-601323,2024-06-24,USR-1488,35-44,Male,Running,23,262.9,15116,111,4.2,2.87,65.4,5,Mi Band
FIT-603953,2024-06-24,USR-1349,18-24,Female,Walking,119,514.6,6119,84,8.5,2.76,69.7,3,Fitbit
FIT-603415,2024-06-24,USR-1318,45-54,Male,Strength Training,108,631.2,14175,128,5.2,2.07,101.2,2,Apple Watch
FIT-601658,2024-06-24,USR-1259,25-34,Female,Yoga,33,100.2,1626,82,5.8,2.59,105.3,5,Apple Watch
FIT-603962,2024-06-24,USR-1021,25-34,Female,HIIT,66,682.3,12056,123,8.2,0.68,88.5,3,Mi Band
FIT-601383,2024-06-24,USR-1481,35-44,Female,Cycling,96,665.9,6576,85,7.5,1.08,63.0,1,Mi Band
FIT-601358,2024-06-25,USR-1408,45-54,Male,Yoga,114,320.2,2771,140,6.6,3.8,108.9,2,Mi Band
FIT-600857,2024-06-25,USR-1443,25-34,Female,Running,90,922.6,17478,139,5.5,2.37,89.3,1,Fitbit
FIT-603574,2024-06-25,USR-1233,25-34,Male,Cycling,32,218.8,1654,68,7.8,3.61,61.4,1,Mi Band
FIT-602216,2024-06-25,USR-1123,45-54,Male,Swimming,28,266.8,2828,155,5.4,1.81,102.5,5,Garmin
FIT-602317,2024-06-25,USR-1013,45-54,Male,Running,75,863.2,3252,142,4.7,2.98,81.2,4,Garmin
FIT-601270,2024-06-26,USR-1241,45-54,Male,Running,39,490.2,7363,89,6.7,1.36,55.6,2,Garmin
FIT-602628,2024-06-26,USR-1043,55+,Male,Strength Training,27,167.7,2585,145,4.7,0.54,108.0,1,Samsung Galaxy Watch
FIT-602611,2024-06-26,USR-1328,25-34,Male,Swimming,60,572.2,4148,149,5.0,3.09,93.6,3,Garmin
FIT-602542,2024-06-26,USR-1275,35-44,Female,HIIT,108,1465.1,13130,84,7.2,2.41,53.5,3,Apple Watch
FIT-603422,2024-06-26,USR-1317,45-54,Female,Strength Training,119,608.5,4160,162,4.1,3.29,101.5,2,Mi Band
FIT-603071,2024-06-26,USR-1408,35-44,Female,Strength Training,87,541.2,5850,168,4.3,3.22,109.5,3,Apple Watch
FIT-603024,2024-06-26,USR-1251,55+,Female,Cycling,17,126.7,581,119,9.0,2.73,52.2,2,Samsung Galaxy Watch
FIT-600889,2024-06-27,USR-1272,25-34,Male,Swimming,20,170.4,2174,121,6.4,1.28,97.5,2,Mi Band
FIT-600294,2024-06-27,USR-1374,18-24,Female,Cycling,29,241.9,16028,97,5.2,3.33,73.5,2,Fitbit
FIT-601283,2024-06-27,USR-1186,35-44,Female,Running,111,1056.3,16791,70,9.2,0.92,83.5,4,Apple Watch
FIT-602198,2024-06-28,USR-1287,18-24,Female,Walking,94,378.2,14107,169,5.8,0.64,82.2,4,Garmin
FIT-603518,2024-06-28,USR-1333,35-44,Female,HIIT,103,1373.9,6379,71,9.4,0.54,80.9,5,Fitbit
FIT-602073,2024-06-28,USR-1281,45-54,Female,Walking,74,285.1,16472,143,5.1,3.89,109.0,3,Fitbit
FIT-600983,2024-06-28,USR-1419,25-34,Male,Strength Training,18,100.2,15950,148,5.5,3.18,61.0,5,Mi Band
FIT-602112,2024-06-28,USR-1070,35-44,Female,Yoga,77,257.0,3043,167,6.4,2.18,71.3,3,Apple Watch
FIT-600879,2024-06-29,USR-1250,25-34,Female,Running,113,1113.3,14308,79,8.4,2.16,69.6,1,Fitbit
FIT-603301,2024-06-29,USR-1495,25-34,Male,Swimming,68,698.1,16007,70,4.6,1.03,65.6,4,Garmin
FIT-600962,2024-06-29,USR-1281,35-44,Female,Walking,98,399.7,9066,93,7.7,1.5,86.3,2,Fitbit
FIT-600963,2024-06-29,USR-1085,25-34,Male,Cycling,27,242.4,3745,165,7.4,3.44,101.9,1,Mi Band
FIT-600453,2024-06-30,USR-1229,25-34,Male,Swimming,28,257.0,17294,128,4.2,1.39,77.7,4,Fitbit
FIT-601980,2024-07-01,USR-1349,25-34,Male,Strength Training,61,390.7,11186,78,8.3,1.69,86.1,2,Mi Band
FIT-602370,2024-07-01,USR-1448,18-24,Male,Running,110,1272.6,14779,138,5.1,3.51,92.9,4,Garmin
FIT-602505,2024-07-01,USR-1103,45-54,Male,HIIT,52,568.5,2350,109,9.4,2.09,106.9,2,Garmin
FIT-603397,2024-07-01,USR-1265,25-34,Male,Strength Training,75,476.9,624,170,6.5,1.92,66.8,2,Garmin
FIT-602094,2024-07-01,USR-1159,25-34,Female,HIIT,59,732.5,17154,134,7.3,0.8,94.1,3,Samsung Galaxy Watch
FIT-602031,2024-07-02,USR-1204,45-54,Female,Strength Training,91,470.5,8755,94,4.8,1.82,65.9,5,Mi Band
FIT-602776,2024-07-02,USR-1193,25-34,Female,Walking,19,86.0,1278,127,6.9,2.54,98.7,5,Apple Watch
FIT-601054,2024-07-02,USR-1330,35-44,Female,Swimming,37,305.8,1473,148,7.6,0.56,95.8,5,Fitbit
FIT-603150,2024-07-02,USR-1091,55+,Female,Swimming,37,354.5,8628,166,6.5,3.71,88.7,5,Samsung Galaxy Watch
FIT-603134,2024-07-03,USR-1479,35-44,Male,Swimming,55,465.1,10488,112,8.7,1.24,58.1,1,Fitbit
FIT-600357,2024-07-03,USR-1221,25-34,Male,HIIT,12,158.1,16623,119,7.3,3.76,49.9,3,Samsung Galaxy Watch
FIT-603466,2024-07-03,USR-1389,18-24,Female,Walking,52,259.6,7696,110,5.4,1.45,97.8,1,Apple Watch
FIT-602359,2024-07-03,USR-1244,25-34,Female,Walking,90,386.6,10580,101,4.2,1.6,96.7,5,Fitbit
FIT-600778,2024-07-03,USR-1356,25-34,Male,Running,18,216.4,4531,77,5.2,2.97,67.6,2,Samsung Galaxy Watch
FIT-602788,2024-07-04,USR-1144,45-54,Male,Swimming,98,991.9,9427,88,5.5,2.75,88.0,2,Samsung Galaxy Watch
FIT-603365,2024-07-04,USR-1206,25-34,Male,Yoga,112,306.7,4567,154,7.6,3.85,85.7,4,Apple Watch
FIT-601341,2024-07-04,USR-1202,45-54,Female,Strength Training,73,382.6,15026,98,4.9,3.89,70.5,1,Fitbit
FIT-600865,2024-07-04,USR-1162,18-24,Male,Swimming,113,877.2,730,170,7.7,0.5,74.1,2,Mi Band
FIT-603266,2024-07-04,USR-1007,25-34,Male,Yoga,73,235.9,1455,111,6.1,2.48,64.0,1,Samsung Galaxy Watch
FIT-602936,2024-07-04,USR-1063,25-34,Female,Cycling,69,615.4,8221,156,9.4,2.92,81.3,2,Samsung Galaxy Watch
FIT-602733,2024-07-05,USR-1443,25-34,Female,Strength Training,104,557.3,13860,126,7.5,2.55,57.8,2,Apple Watch
FIT-602299,2024-07-05,USR-1104,45-54,Female,Cycling,116,963.2,4990,73,5.6,3.66,99.4,5,Apple Watch
FIT-601145,2024-07-05,USR-1274,25-34,Female,Swimming,18,138.5,5185,171,6.5,3.97,57.3,2,Garmin
FIT-602096,2024-07-05,USR-1480,35-44,Female,Walking,57,224.7,13535,78,7.5,3.4,84.6,1,Mi Band
FIT-600205,2024-07-05,USR-1477,35-44,Male,Cycling,11,81.0,749,109,5.4,1.83,50.7,4,Fitbit
FIT-600164,2024-07-05,USR-1087,35-44,Female,HIIT,78,941.2,16808,164,6.2,1.76,99.3,3,Mi Band
FIT-601407,2024-07-06,USR-1357,18-24,Female,Swimming,103,835.9,3643,154,6.4,2.14,64.2,2,Fitbit
FIT-601140,2024-07-06,USR-1464,25-34,Female,Walking,24,118.1,15301,92,4.6,3.29,53.1,5,Apple Watch
FIT-602434,2024-07-06,USR-1113,18-24,Female,HIIT,73,934.8,13917,158,6.8,3.81,62.1,2,Apple Watch
FIT-600506,2024-07-06,USR-1136,45-54,Male,Cycling,27,220.4,10687,112,6.4,2.42,85.5,5,Apple Watch
FIT-602742,2024-07-06,USR-1048,25-34,Male,Swimming,32,295.6,2721,110,6.7,1.03,73.4,5,Apple Watch
FIT-602915,2024-07-07,USR-1044,25-34,Female,Running,25,276.7,11892,161,8.2,0.77,107.6,1,Garmin
FIT-602289,2024-07-07,USR-1470,25-34,Female,Running,99,1124.3,3685,135,4.2,2.19,104.4,2,Garmin
FIT-602151,2024-07-07,USR-1243,35-44,Male,Running,47,505.8,17657,139,7.1,2.17,53.9,3,Fitbit
FIT-602058,2024-07-07,USR-1370,25-34,Male,Walking,85,412.6,11545,110,9.0,1.03,64.2,2,Garmin
FIT-600762,2024-07-07,USR-1265,35-44,Female,Swimming,57,461.9,5625,161,9.2,2.44,54.6,3,Mi Band
FIT-602566,2024-07-08,USR-1262,35-44,Other,Yoga,14,48.2,16293,102,8.9,2.2,53.5,5,Samsung Galaxy Watch
FIT-601865,2024-07-08,USR-1395,45-54,Other,Cycling,13,103.9,13649,105,9.0,2.59,107.8,5,Apple Watch
FIT-603622,2024-07-08,USR-1247,35-44,Male,Running,106,1104.2,14562,150,9.4,1.39,48.6,2,Apple Watch
FIT-602861,2024-07-08,USR-1145,25-34,Male,Cycling,41,303.5,3959,103,6.7,3.08,106.3,4,Mi Band
FIT-600306,2024-07-08,USR-1363,35-44,Female,Strength Training,38,210.4,9182,170,5.0,1.56,78.9,5,Garmin
FIT-603013,2024-07-08,USR-1337,45-54,Female,Swimming,23,208.7,10447,87,4.6,1.27,74.4,4,Apple Watch
FIT-602108,2024-07-08,USR-1108,45-54,Female,Cycling,74,546.7,3444,120,8.3,3.3,70.0,5,Apple Watch
FIT-600720,2024-07-08,USR-1346,25-34,Female,Strength Training,113,635.7,6078,81,6.6,2.8,52.1,3,Fitbit
FIT-601526,2024-07-08,USR-1205,35-44,Female,Running,96,1189.3,12259,146,6.1,1.2,57.0,1,Samsung Galaxy Watch
FIT-602827,2024-07-09,USR-1117,18-24,Male,Yoga,84,249.2,8811,129,7.2,2.45,59.2,4,Garmin
FIT-602805,2024-07-09,USR-1374,18-24,Female,Walking,28,144.5,16703,156,9.4,2.56,84.2,3,Mi Band
FIT-603471,2024-07-09,USR-1429,35-44,Female,Yoga,18,46.6,16153,164,4.9,2.24,78.9,1,Garmin
FIT-601317,2024-07-09,USR-1286,25-34,Male,HIIT,76,900.5,12806,68,9.2,3.17,51.0,1,Apple Watch
FIT-602887,2024-07-09,USR-1418,18-24,Male,Cycling,59,405.7,3641,106,7.6,2.23,60.6,2,Mi Band
FIT-601959,2024-07-09,USR-1012,25-34,Male,Walking,86,420.1,4962,172,7.5,3.26,47.2,2,Apple Watch
FIT-600019,2024-07-09,USR-1293,25-34,Male,Walking,34,172.8,10219,155,5.1,3.68,109.0,1,Apple Watch
FIT-601557,2024-07-10,USR-1251,18-24,Female,Strength Training,65,431.1,500,112,6.0,3.22,80.7,1,Garmin
FIT-601625,2024-07-10,USR-1498,55+,Female,Walking,75,360.0,16746,72,4.1,1.53,67.7,5,Garmin
FIT-601858,2024-07-10,USR-1098,45-54,Male,Yoga,67,174.4,1537,125,4.4,1.13,73.9,5,Samsung Galaxy Watch
FIT-602815,2024-07-11,USR-1180,25-34,Female,HIIT,71,886.3,5187,149,8.1,3.26,99.3,3,Mi Band
FIT-602582,2024-07-12,USR-1256,35-44,Male,HIIT,86,888.8,6021,146,9.5,2.48,71.6,3,Garmin
FIT-601314,2024-07-12,USR-1458,25-34,Female,Strength Training,114,778.2,7216,151,7.8,2.75,57.4,4,Samsung Galaxy Watch
FIT-602510,2024-07-12,USR-1302,25-34,Female,Running,118,1220.2,11666,107,4.1,3.38,84.7,2,Fitbit
FIT-601035,2024-07-12,USR-1203,35-44,Female,Yoga,46,143.3,5488,87,5.4,0.63,104.1,2,Samsung Galaxy Watch
FIT-601038,2024-07-13,USR-1337,35-44,Female,Running,36,427.0,13263,124,5.2,2.07,90.8,4,Samsung Galaxy Watch
FIT-603215,2024-07-13,USR-1458,25-34,Female,Walking,48,207.6,15599,101,5.2,1.13,108.6,5,Garmin
FIT-602687,2024-07-13,USR-1451,18-24,Female,Running,105,1018.0,14772,143,7.8,2.47,73.6,5,Garmin
FIT-601134,2024-07-13,USR-1389,18-24,Male,Swimming,98,787.4,15381,122,9.5,3.2,90.0,5,Fitbit
FIT-603431,2024-07-14,USR-1322,35-44,Female,HIIT,87,991.7,2679,66,4.5,3.74,87.8,4,Garmin
FIT-603805,2024-07-14,USR-1073,45-54,Female,Strength Training,77,448.3,1695,161,5.8,1.64,67.3,2,Fitbit
FIT-601579,2024-07-14,USR-1494,35-44,Female,Running,87,1084.3,8311,172,7.9,3.1,102.9,2,Mi Band
FIT-603200,2024-07-14,USR-1295,18-24,Female,Walking,79,397.1,5927,170,5.1,1.78,78.1,4,Mi Band
FIT-600335,2024-07-15,USR-1068,45-54,Female,HIIT,91,1198.3,6575,156,9.4,3.67,92.5,2,Garmin
FIT-602017,2024-07-15,USR-1136,25-34,Other,Yoga,77,230.8,4276,101,7.2,2.0,98.9,4,Garmin
FIT-600220,2024-07-15,USR-1235,35-44,Female,Running,51,604.4,6371,138,9.0,1.54,105.7,3,Mi Band
FIT-600823,2024-07-16,USR-1232,55+,Female,HIIT,17,233.8,17034,89,7.6,1.55,77.0,4,Fitbit
FIT-603282,2024-07-16,USR-1498,55+,Other,Strength Training,84,547.3,5625,125,9.4,3.46,109.0,5,Apple Watch
FIT-601290,2024-07-16,USR-1434,25-34,Female,Running,33,368.6,14121,84,4.9,3.17,47.1,2,Garmin
FIT-602585,2024-07-16,USR-1049,18-24,Male,HIIT,50,603.8,15998,87,9.4,3.8,79.6,1,Fitbit
FIT-600636,2024-07-16,USR-1233,45-54,Female,Running,59,711.1,6879,110,5.3,1.25,102.5,1,Fitbit
FIT-600093,2024-07-16,USR-1432,35-44,Male,HIIT,117,1280.8,10523,164,6.8,3.01,49.4,1,Samsung Galaxy Watch
FIT-603873,2024-07-17,USR-1321,25-34,Male,HIIT,95,1011.6,1377,82,7.0,0.56,75.7,4,Garmin
FIT-602000,2024-07-17,USR-1369,45-54,Male,Running,114,1110.3,15502,147,8.1,2.14,83.2,4,Fitbit
FIT-600728,2024-07-17,USR-1090,25-34,Female,Yoga,12,38.6,4147,99,4.9,2.82,90.9,4,Fitbit
FIT-603791,2024-07-17,USR-1342,35-44,Female,Strength Training,98,658.2,10292,107,5.2,1.3,74.0,5,Samsung Galaxy Watch
FIT-602077,2024-07-17,USR-1007,45-54,Male,Strength Training,31,172.9,4567,112,8.6,0.88,109.7,1,Samsung Galaxy Watch
FIT-603138,2024-07-17,USR-1314,35-44,Female,Yoga,99,335.7,3199,127,7.3,3.07,92.5,1,Apple Watch
FIT-603678,2024-07-18,USR-1280,45-54,Female,Yoga,76,252.8,4088,146,7.2,3.6,106.4,4,Mi Band
FIT-602413,2024-07-18,USR-1334,25-34,Other,Strength Training,102,654.2,16794,81,4.3,2.75,71.6,2,Garmin
FIT-603054,2024-07-18,USR-1448,55+,Male,HIIT,78,1059.2,4186,154,8.1,2.85,78.9,3,Apple Watch
FIT-602303,2024-07-18,USR-1103,25-34,Male,Running,66,672.6,3573,148,6.6,2.87,48.0,1,Mi Band
FIT-600958,2024-07-19,USR-1242,35-44,Male,Cycling,71,535.5,3147,96,7.1,1.79,75.8,4,Fitbit
FIT-600377,2024-07-19,USR-1359,45-54,Female,Cycling,12,84.1,7150,87,7.9,2.23,102.8,1,Apple Watch
FIT-600219,2024-07-19,USR-1038,45-54,Male,Swimming,88,846.7,12235,105,8.4,2.91,75.5,3,Samsung Galaxy Watch
FIT-602755,2024-07-19,USR-1085,25-34,Male,Swimming,106,977.3,8519,122,8.5,1.35,99.3,5,Garmin
FIT-600816,2024-07-19,USR-1183,18-24,Male,Yoga,108,319.5,11277,151,7.8,3.66,95.2,3,Samsung Galaxy Watch
FIT-600168,2024-07-19,USR-1179,25-34,Male,Strength Training,75,422.2,6078,88,4.1,1.86,81.6,1,Mi Band
FIT-603371,2024-07-20,USR-1448,35-44,Male,Running,38,376.3,13931,106,7.0,0.97,89.4,4,Garmin
FIT-600256,2024-07-20,USR-1297,55+,Male,Running,64,772.4,9761,141,6.9,1.57,70.3,1,Fitbit
FIT-602259,2024-07-20,USR-1078,25-34,Female,Running,103,1175.6,6831,103,8.9,3.4,69.6,4,Garmin
FIT-601601,2024-07-20,USR-1099,18-24,Male,Swimming,115,881.4,11012,117,9.0,2.49,48.5,4,Samsung Galaxy Watch
FIT-603808,2024-07-20,USR-1192,25-34,Female,Walking,101,515.8,17195,137,5.2,2.82,69.4,3,Samsung Galaxy Watch
FIT-603712,2024-07-21,USR-1223,18-24,Male,Strength Training,110,688.1,3557,70,6.1,3.12,48.2,1,Samsung Galaxy Watch
FIT-603108,2024-07-21,USR-1079,45-54,Male,Walking,108,509.2,11163,96,8.6,0.71,88.3,2,Garmin
FIT-600126,2024-07-21,USR-1257,55+,Female,Walking,46,180.4,12332,154,5.4,3.76,105.2,5,Fitbit
FIT-602921,2024-07-21,USR-1049,25-34,Female,Cycling,18,143.5,2831,94,8.7,3.32,55.1,1,Samsung Galaxy Watch
FIT-603099,2024-07-21,USR-1146,25-34,Other,Walking,60,243.8,5403,77,7.3,1.56,75.8,1,Garmin
FIT-603474,2024-07-21,USR-1198,45-54,Male,Running,111,1368.5,3251,161,6.0,1.52,74.4,2,Samsung Galaxy Watch
FIT-601300,2024-07-21,USR-1215,25-34,Female,Walking,112,461.2,6797,108,4.4,3.91,87.9,3,Garmin
FIT-600318,2024-07-21,USR-1420,45-54,Female,HIIT,37,505.3,11405,168,5.0,3.35,84.1,4,Garmin
FIT-602184,2024-07-21,USR-1382,45-54,Female,Swimming,50,438.5,9788,159,9.3,1.54,95.8,4,Apple Watch
FIT-603998,2024-07-21,USR-1399,25-34,Female,Swimming,15,145.9,4419,116,4.7,3.74,61.7,4,Mi Band
FIT-600121,2024-07-22,USR-1285,25-34,Male,Running,90,997.6,2454,158,9.3,2.88,71.7,2,Garmin
FIT-603679,2024-07-22,USR-1057,25-34,Male,Running,56,695.9,10140,68,5.8,1.48,53.1,4,Garmin
FIT-602143,2024-07-22,USR-1146,35-44,Female,Cycling,71,639.3,4112,92,4.6,1.74,102.9,1,Apple Watch
FIT-600695,2024-07-22,USR-1007,35-44,Female,Cycling,48,421.1,12269,81,5.8,0.52,91.2,4,Fitbit
FIT-600853,2024-07-22,USR-1116,18-24,Female,Strength Training,59,327.9,15749,153,6.1,0.99,66.3,3,Garmin
FIT-602036,2024-07-22,USR-1012,35-44,Male,HIIT,36,453.6,4764,173,4.0,1.92,69.5,2,Apple Watch
FIT-601857,2024-07-22,USR-1340,25-34,Female,Swimming,53,456.0,548,124,4.9,2.09,93.3,2,Mi Band
FIT-603008,2024-07-23,USR-1328,55+,Female,Running,96,1071.7,16231,73,6.1,0.76,51.4,2,Mi Band
FIT-602427,2024-07-23,USR-1495,35-44,Female,Swimming,34,286.1,5016,118,7.5,2.25,95.9,1,Samsung Galaxy Watch
FIT-601961,2024-07-24,USR-1396,45-54,Female,Swimming,49,497.1,14370,120,7.1,2.53,61.6,2,Samsung Galaxy Watch
FIT-603966,2024-07-24,USR-1448,35-44,Male,Yoga,113,367.9,16725,135,5.8,2.91,83.6,1,Fitbit
FIT-600660,2024-07-24,USR-1457,35-44,Male,Walking,82,402.7,9797,142,4.9,2.47,98.3,3,Mi Band
FIT-601393,2024-07-24,USR-1404,25-34,Female,Swimming,78,632.7,9507,95,7.9,2.17,91.7,1,Apple Watch
FIT-603442,2024-07-24,USR-1028,35-44,Female,Walking,62,276.0,6536,170,5.8,1.52,46.1,1,Fitbit
FIT-602068,2024-07-24,USR-1153,45-54,Male,Running,98,1051.3,7878,89,7.3,2.03,100.6,4,Garmin
FIT-601715,2024-07-25,USR-1095,25-34,Male,Cycling,109,885.1,16928,117,5.9,3.49,105.4,1,Garmin
FIT-600245,2024-07-25,USR-1277,25-34,Female,HIIT,117,1347.0,2036,136,4.1,3.69,64.9,1,Apple Watch
FIT-602028,2024-07-25,USR-1489,18-24,Female,HIIT,114,1382.7,6561,111,7.7,1.38,100.9,5,Mi Band
FIT-603187,2024-07-25,USR-1304,18-24,Male,HIIT,33,439.0,11417,152,8.6,3.51,94.7,1,Samsung Galaxy Watch
FIT-602335,2024-07-25,USR-1462,18-24,Male,Running,82,845.9,8615,128,8.6,1.86,105.3,2,Mi Band
FIT-601733,2024-07-25,USR-1124,45-54,Female,HIIT,70,754.7,14622,80,6.7,3.09,86.8,4,Samsung Galaxy Watch
FIT-603764,2024-07-26,USR-1100,25-34,Female,Running,38,392.8,14368,129,4.6,2.32,59.1,2,Samsung Galaxy Watch
FIT-603904,2024-07-26,USR-1078,18-24,Male,Strength Training,116,738.8,1361,69,7.3,3.91,73.2,3,Fitbit
FIT-603523,2024-07-26,USR-1143,25-34,Male,Swimming,17,174.8,9706,87,5.0,0.66,63.8,1,Garmin
FIT-602747,2024-07-26,USR-1426,18-24,Female,Running,95,996.6,8671,116,9.3,1.84,62.0,2,Samsung Galaxy Watch
FIT-600587,2024-07-26,USR-1188,35-44,Female,Running,20,251.3,5927,120,8.3,2.42,48.1,2,Apple Watch
FIT-600351,2024-07-26,USR-1274,18-24,Male,Running,48,511.3,14934,83,5.5,2.63,96.6,2,Fitbit
FIT-603973,2024-07-26,USR-1451,35-44,Female,Walking,71,363.6,607,125,5.2,2.0,78.0,2,Apple Watch
FIT-603856,2024-07-26,USR-1441,45-54,Female,Running,52,594.8,12311,124,7.9,3.91,76.7,1,Mi Band
FIT-602736,2024-07-26,USR-1349,18-24,Male,Cycling,84,694.3,10220,167,8.2,2.15,84.9,5,Apple Watch
FIT-600052,2024-07-26,USR-1312,35-44,Female,Yoga,16,41.3,9262,118,5.8,3.28,48.4,1,Apple Watch
FIT-603568,2024-07-27,USR-1327,45-54,Male,Cycling,37,314.0,13462,91,4.7,1.14,102.6,2,Samsung Galaxy Watch
FIT-603954,2024-07-27,USR-1492,35-44,Male,Walking,26,107.5,10962,103,4.2,1.8,102.1,3,Samsung Galaxy Watch
FIT-603556,2024-07-27,USR-1043,35-44,Male,Running,68,673.5,13302,138,7.8,3.95,61.6,1,Apple Watch
FIT-600378,2024-07-27,USR-1372,25-34,Female,HIIT,107,1138.4,16805,117,8.4,1.75,92.6,5,Fitbit
FIT-602166,2024-07-27,USR-1321,18-24,Male,Running,35,355.6,12007,144,7.2,0.84,100.3,4,Apple Watch
FIT-600235,2024-07-27,USR-1436,25-34,Female,Running,66,656.1,3435,94,5.5,1.76,77.6,3,Fitbit
FIT-600327,2024-07-28,USR-1130,25-34,Female,Swimming,61,617.8,11909,120,8.4,0.55,57.1,1,Fitbit
FIT-602666,2024-07-28,USR-1328,35-44,Female,Swimming,99,1021.7,3974,91,6.6,3.41,99.3,1,Garmin
FIT-603053,2024-07-28,USR-1484,45-54,Male,Strength Training,14,90.9,11465,88,9.1,2.48,59.7,4,Mi Band
FIT-603084,2024-07-28,USR-1173,25-34,Male,HIIT,82,972.0,6058,134,8.7,3.68,102.2,2,Samsung Galaxy Watch
FIT-601419,2024-07-28,USR-1437,45-54,Female,HIIT,56,703.1,15206,166,9.1,2.76,70.7,4,Garmin
FIT-601894,2024-07-28,USR-1077,25-34,Female,Running,56,708.3,9530,108,8.6,1.12,78.9,5,Garmin
FIT-602903,2024-07-29,USR-1164,25-34,Female,Strength Training,29,175.0,7640,163,4.5,0.5,49.6,1,Fitbit
FIT-602007,2024-07-29,USR-1386,18-24,Female,Strength Training,16,93.5,6735,143,9.5,2.18,68.3,3,Fitbit
FIT-603113,2024-07-29,USR-1014,55+,Female,Running,18,203.7,4012,129,7.2,0.75,79.3,3,Mi Band
FIT-602321,2024-07-30,USR-1458,25-34,Male,Cycling,91,776.4,1294,130,5.1,2.6,90.7,1,Apple Watch
FIT-600791,2024-07-30,USR-1047,45-54,Male,Walking,49,204.8,11084,100,8.5,3.4,49.5,4,Fitbit
FIT-603363,2024-07-31,USR-1471,25-34,Male,Swimming,17,134.4,6568,154,7.1,1.68,65.4,5,Garmin
FIT-601449,2024-07-31,USR-1454,18-24,Male,Walking,101,503.6,11181,65,5.4,0.63,65.4,1,Mi Band
FIT-600145,2024-07-31,USR-1095,35-44,Male,Running,19,198.2,9886,107,4.1,2.82,93.6,5,Apple Watch
FIT-602600,2024-08-01,USR-1265,18-24,Female,Cycling,24,215.1,5233,157,7.7,2.47,107.7,1,Samsung Galaxy Watch
FIT-601572,2024-08-01,USR-1220,35-44,Female,Running,72,870.2,9159,85,5.2,3.37,57.1,3,Garmin
FIT-600692,2024-08-01,USR-1470,25-34,Female,Yoga,94,282.1,14755,159,8.3,2.55,49.0,4,Apple Watch
FIT-602066,2024-08-01,USR-1384,25-34,Male,Yoga,17,54.3,11846,70,6.7,0.98,50.0,4,Mi Band
FIT-600652,2024-08-01,USR-1186,35-44,Female,Cycling,88,677.0,12603,119,8.4,2.63,87.0,3,Fitbit
FIT-601352,2024-08-01,USR-1367,25-34,Female,Yoga,101,280.6,16909,141,4.6,1.89,69.4,4,Garmin
FIT-603014,2024-08-01,USR-1436,45-54,Female,Swimming,32,299.8,839,172,8.4,2.36,104.3,5,Garmin
FIT-602230,2024-08-02,USR-1296,45-54,Male,Cycling,81,629.8,16599,107,4.7,2.99,94.9,2,Apple Watch
FIT-600455,2024-08-02,USR-1121,35-44,Female,Running,62,767.3,1304,85,7.4,2.64,106.2,5,Mi Band
FIT-603436,2024-08-02,USR-1302,45-54,Female,HIIT,14,144.3,13434,155,6.8,1.51,99.4,3,Apple Watch
FIT-600476,2024-08-03,USR-1206,55+,Male,Walking,111,460.6,3434,105,5.0,3.27,54.5,3,Apple Watch
FIT-603102,2024-08-03,USR-1178,18-24,Female,Running,85,1074.6,6796,133,6.0,2.95,79.2,4,Apple Watch
FIT-600127,2024-08-03,USR-1382,18-24,Male,Walking,12,47.8,11247,65,7.1,3.92,87.0,4,Fitbit
FIT-602203,2024-08-03,USR-1271,18-24,Female,Running,15,170.1,9669,70,4.2,2.85,92.8,1,Mi Band
FIT-600557,2024-08-03,USR-1473,55+,Male,Walking,59,272.6,12589,160,7.0,1.5,95.8,4,Fitbit
FIT-601094,2024-08-03,USR-1373,55+,Female,Running,118,1113.6,4967,154,9.2,2.79,57.8,5,Fitbit
FIT-601066,2024-08-03,USR-1060,35-44,Male,Swimming,105,942.1,1294,159,4.7,3.43,101.7,5,Garmin
FIT-600277,2024-08-03,USR-1231,18-24,Male,HIIT,118,1564.0,5135,105,4.3,2.32,66.5,1,Mi Band
FIT-600563,2024-08-03,USR-1436,45-54,Male,Walking,70,343.1,10400,142,9.0,1.99,72.2,4,Fitbit
FIT-600985,2024-08-04,USR-1103,25-34,Female,Running,50,580.5,16404,76,4.8,2.32,109.5,3,Samsung Galaxy Watch
FIT-600015,2024-08-04,USR-1333,25-34,Male,Running,103,1122.4,1620,94,7.8,2.69,49.0,2,Garmin
FIT-603503,2024-08-04,USR-1179,18-24,Female,HIIT,22,294.3,16196,94,6.8,3.4,96.5,4,Apple Watch
FIT-601461,2024-08-04,USR-1317,35-44,Male,Walking,87,400.1,879,116,9.2,2.46,78.8,2,Apple Watch
FIT-601373,2024-08-05,USR-1158,35-44,Female,HIIT,73,845.9,16381,137,4.0,1.12,101.1,4,Samsung Galaxy Watch
FIT-603833,2024-08-05,USR-1118,35-44,Male,Cycling,76,668.0,8390,112,7.1,1.32,55.7,4,Samsung Galaxy Watch
FIT-601364,2024-08-05,USR-1238,18-24,Male,Swimming,87,850.9,11401,140,7.0,0.82,87.4,2,Mi Band
FIT-603328,2024-08-05,USR-1458,35-44,Male,Cycling,119,958.3,17956,144,5.0,2.54,57.0,3,Samsung Galaxy Watch
FIT-600841,2024-08-06,USR-1484,55+,Male,Yoga,75,230.4,10388,108,8.3,3.67,66.2,5,Garmin
FIT-601068,2024-08-06,USR-1433,25-34,Female,Running,118,1164.6,13547,86,7.9,3.63,64.3,4,Samsung Galaxy Watch
FIT-600349,2024-08-06,USR-1474,25-34,Male,Cycling,39,338.2,759,96,6.8,3.99,63.8,4,Apple Watch
FIT-603408,2024-08-06,USR-1420,35-44,Male,Walking,90,392.9,16635,82,4.6,0.71,70.8,2,Garmin
FIT-603510,2024-08-06,USR-1230,35-44,Female,Strength Training,26,163.7,15835,149,5.4,1.31,72.6,2,Garmin
FIT-602782,2024-08-06,USR-1232,18-24,Male,Swimming,17,145.7,12995,174,5.5,3.67,108.1,5,Apple Watch
FIT-600797,2024-08-06,USR-1476,35-44,Male,Strength Training,113,698.0,1782,155,5.8,2.69,105.0,3,Garmin
FIT-602450,2024-08-07,USR-1047,55+,Male,Swimming,69,614.2,7178,128,9.3,2.8,68.9,1,Apple Watch
FIT-603850,2024-08-07,USR-1061,35-44,Male,Running,81,819.4,3240,174,8.0,1.89,69.0,1,Mi Band
FIT-600549,2024-08-07,USR-1331,25-34,Male,Strength Training,74,431.6,1593,92,6.2,1.61,87.3,5,Garmin
FIT-600893,2024-08-07,USR-1458,25-34,Male,Strength Training,115,674.8,8346,149,7.0,2.28,88.8,3,Garmin
FIT-600811,2024-08-07,USR-1279,18-24,Male,Yoga,91,272.0,13923,126,6.5,0.86,68.1,2,Samsung Galaxy Watch
FIT-600197,2024-08-08,USR-1319,18-24,Male,HIIT,118,1564.1,13936,137,7.2,3.42,107.8,2,Garmin
FIT-600450,2024-08-08,USR-1322,25-34,Female,Swimming,101,1011.9,2439,69,6.8,1.91,98.1,4,Fitbit
FIT-602363,2024-08-08,USR-1144,25-34,Male,Yoga,63,180.5,16235,72,6.1,1.21,73.9,3,Garmin
FIT-601574,2024-08-08,USR-1013,35-44,Male,Strength Training,40,259.3,13920,156,7.2,1.61,51.7,5,Samsung Galaxy Watch
FIT-600540,2024-08-08,USR-1361,18-24,Male,HIIT,50,579.5,3977,160,4.5,3.39,106.2,5,Apple Watch
FIT-602506,2024-08-08,USR-1286,18-24,Female,HIIT,24,254.1,14720,141,5.5,0.95,61.4,3,Fitbit
FIT-600739,2024-08-08,USR-1337,25-34,Male,HIIT,45,529.1,6797,88,6.7,2.4,61.3,4,Fitbit
FIT-603338,2024-08-08,USR-1093,25-34,Female,Strength Training,114,785.0,12575,111,7.4,2.25,88.9,2,Garmin
FIT-601604,2024-08-08,USR-1451,18-24,Male,Yoga,87,252.9,2338,147,6.7,3.65,87.0,3,Apple Watch
FIT-603959,2024-08-08,USR-1323,45-54,Female,Swimming,47,447.3,7554,159,7.9,3.75,71.9,3,Mi Band
FIT-603602,2024-08-09,USR-1468,45-54,Female,Yoga,61,185.2,8819,105,8.3,3.08,56.8,2,Garmin
FIT-601438,2024-08-09,USR-1274,45-54,Female,Swimming,43,438.7,8410,65,6.7,1.1,92.7,2,Mi Band
FIT-601617,2024-08-09,USR-1212,25-34,Female,HIIT,80,952.3,17081,170,4.5,2.72,64.8,3,Samsung Galaxy Watch
FIT-600806,2024-08-10,USR-1275,35-44,Male,Walking,31,121.9,4279,146,7.2,0.66,54.0,3,Mi Band
FIT-603508,2024-08-10,USR-1007,18-24,Female,Yoga,14,42.6,15915,113,8.8,2.38,93.4,4,Apple Watch
FIT-600533,2024-08-11,USR-1383,45-54,Female,Yoga,68,180.8,9546,164,8.4,2.14,59.0,5,Mi Band
FIT-600316,2024-08-11,USR-1302,45-54,Female,HIIT,15,189.4,14927,154,8.7,3.39,83.4,5,Garmin
FIT-601584,2024-08-11,USR-1384,25-34,Female,Cycling,104,729.5,15808,170,7.0,0.99,94.6,5,Mi Band
FIT-603411,2024-08-11,USR-1379,18-24,Male,HIIT,57,738.5,11456,104,6.5,3.61,85.2,3,Mi Band
FIT-601853,2024-08-11,USR-1258,25-34,Male,Swimming,20,168.2,12951,156,8.2,1.93,58.9,1,Garmin
FIT-600452,2024-08-11,USR-1329,25-34,Female,HIIT,23,290.8,14602,101,8.9,1.54,86.6,5,Samsung Galaxy Watch
FIT-600209,2024-08-11,USR-1003,18-24,Male,Strength Training,51,268.7,15377,165,9.3,3.0,104.9,5,Samsung Galaxy Watch
FIT-603823,2024-08-11,USR-1284,55+,Male,Yoga,52,151.5,8012,138,8.6,3.75,63.0,1,Mi Band
FIT-600644,2024-08-11,USR-1095,25-34,Female,HIIT,17,224.7,2368,132,6.6,1.18,56.6,2,Mi Band
FIT-603290,2024-08-12,USR-1283,55+,Male,Cycling,80,592.7,13243,119,5.5,3.21,45.9,1,Mi Band
FIT-601801,2024-08-12,USR-1055,35-44,Female,Yoga,47,133.2,10348,90,6.5,0.72,93.5,4,Fitbit
FIT-601957,2024-08-12,USR-1004,25-34,Female,HIIT,18,188.5,6358,99,6.3,1.45,60.5,4,Apple Watch
FIT-603829,2024-08-12,USR-1316,18-24,Male,HIIT,55,678.6,4705,171,4.6,3.54,63.0,3,Mi Band
FIT-602978,2024-08-12,USR-1421,25-34,Female,Cycling,29,239.5,3828,68,7.5,2.05,60.6,1,Mi Band
FIT-600897,2024-08-13,USR-1179,35-44,Other,Cycling,74,573.1,2563,71,7.1,0.72,52.0,5,Mi Band
FIT-600953,2024-08-13,USR-1054,45-54,Female,Swimming,43,341.7,10905,122,5.2,3.03,99.7,2,Mi Band
FIT-603164,2024-08-13,USR-1077,18-24,Female,Running,98,1167.7,5778,100,8.1,0.57,63.6,2,Samsung Galaxy Watch
FIT-602502,2024-08-13,USR-1244,35-44,Female,Swimming,69,694.8,8098,164,5.5,1.87,66.6,3,Fitbit
FIT-601790,2024-08-13,USR-1401,25-34,Male,Swimming,27,228.0,10835,147,6.1,1.01,76.7,5,Apple Watch
FIT-603798,2024-08-13,USR-1377,25-34,Male,Yoga,21,69.3,9771,155,6.7,2.25,61.2,5,Apple Watch
FIT-603120,2024-08-13,USR-1072,35-44,Male,HIIT,110,1425.2,13215,163,8.1,1.94,85.0,4,Mi Band
FIT-601466,2024-08-14,USR-1040,25-34,Female,Strength Training,70,452.9,9188,172,5.2,3.62,81.1,3,Samsung Galaxy Watch
FIT-600189,2024-08-14,USR-1026,35-44,Female,Cycling,20,156.6,17472,70,9.0,1.31,72.4,5,Fitbit
FIT-602490,2024-08-14,USR-1027,25-34,Female,Walking,82,323.2,1499,104,4.8,1.54,71.2,2,Mi Band
FIT-603695,2024-08-15,USR-1375,25-34,Female,Running,98,1196.2,8822,168,4.1,3.88,106.7,1,Fitbit
FIT-603339,2024-08-15,USR-1242,35-44,Female,Swimming,56,572.2,12030,108,6.3,2.26,51.5,1,Garmin
FIT-601287,2024-08-15,USR-1388,25-34,Male,Cycling,71,558.8,15419,72,6.7,3.96,70.0,4,Samsung Galaxy Watch
FIT-601242,2024-08-15,USR-1195,35-44,Female,Walking,96,413.6,12051,75,6.0,2.05,86.0,1,Garmin
FIT-603668,2024-08-15,USR-1128,35-44,Male,Running,76,787.1,17908,141,8.2,2.47,77.9,5,Samsung Galaxy Watch
FIT-601826,2024-08-16,USR-1164,55+,Female,Strength Training,27,165.7,9612,90,9.0,2.28,82.5,5,Apple Watch
FIT-602587,2024-08-16,USR-1479,35-44,Female,Walking,97,379.5,1747,126,4.4,1.72,109.1,5,Apple Watch
FIT-602869,2024-08-16,USR-1221,45-54,Male,Strength Training,68,446.1,5453,171,6.4,3.62,94.0,5,Mi Band
FIT-600041,2024-08-16,USR-1133,18-24,Female,Swimming,31,288.8,5162,165,5.2,3.17,51.8,5,Garmin
FIT-600555,2024-08-16,USR-1340,18-24,Female,Running,32,330.3,2222,156,5.7,2.25,100.8,1,Mi Band
FIT-601651,2024-08-16,USR-1288,25-34,Female,Cycling,20,150.8,12111,126,8.5,2.49,91.4,5,Garmin
FIT-601666,2024-08-16,USR-1152,35-44,Female,Yoga,79,252.2,11611,153,7.1,1.78,51.0,3,Samsung Galaxy Watch
FIT-603437,2024-08-16,USR-1066,35-44,Male,Walking,59,256.7,17436,72,5.2,2.8,53.5,3,Garmin
FIT-603194,2024-08-16,USR-1122,25-34,Female,Strength Training,61,415.9,12687,86,8.0,3.96,100.7,1,Fitbit
FIT-600529,2024-08-16,USR-1230,35-44,Male,Running,84,935.3,9234,106,4.1,1.65,73.5,4,Apple Watch
FIT-601118,2024-08-17,USR-1058,45-54,Male,Strength Training,41,235.0,7675,158,4.2,2.95,50.2,3,Garmin
FIT-601767,2024-08-17,USR-1431,25-34,Female,Walking,82,390.9,1310,126,5.7,2.54,86.2,3,Apple Watch
FIT-602153,2024-08-17,USR-1204,25-34,Male,HIIT,95,1178.2,17755,93,8.1,3.33,99.0,3,Samsung Galaxy Watch
FIT-603737,2024-08-17,USR-1200,18-24,Female,Cycling,95,659.7,2786,121,5.4,2.39,62.6,3,Garmin
FIT-603278,2024-08-17,USR-1196,18-24,Male,Running,68,675.4,6244,75,4.1,1.71,50.7,3,Apple Watch
FIT-600323,2024-08-17,USR-1169,45-54,Male,Yoga,51,174.5,13235,113,5.1,3.12,55.0,1,Apple Watch
FIT-603697,2024-08-17,USR-1248,18-24,Female,Running,69,834.8,2276,72,5.5,3.53,101.7,3,Samsung Galaxy Watch
FIT-603880,2024-08-17,USR-1459,45-54,Female,Yoga,49,141.7,8789,174,5.0,3.63,93.8,3,Mi Band
FIT-603964,2024-08-17,USR-1100,25-34,Male,Walking,24,122.4,4559,166,6.1,0.98,48.0,4,Mi Band
FIT-600908,2024-08-18,USR-1035,25-34,Female,Yoga,59,154.8,6023,149,5.3,0.73,91.7,1,Apple Watch
FIT-601936,2024-08-18,USR-1463,25-34,Female,Cycling,35,250.6,11512,173,7.3,2.7,78.0,2,Mi Band
FIT-603488,2024-08-18,USR-1269,25-34,Female,HIIT,69,771.0,8159,154,7.6,0.9,66.6,5,Mi Band
FIT-603264,2024-08-18,USR-1449,35-44,Female,Running,29,318.5,6336,73,7.6,0.74,51.9,4,Mi Band
FIT-601500,2024-08-18,USR-1271,55+,Male,Yoga,45,119.3,7732,133,4.6,3.51,94.4,1,Mi Band
FIT-602211,2024-08-18,USR-1110,25-34,Male,HIIT,104,1423.9,17799,166,4.8,2.45,95.2,2,Samsung Galaxy Watch
FIT-601469,2024-08-18,USR-1341,25-34,Female,Running,44,483.7,8913,77,5.3,3.41,71.5,2,Samsung Galaxy Watch
FIT-601880,2024-08-18,USR-1057,35-44,Male,Cycling,19,139.1,9583,147,7.8,3.89,105.4,1,Mi Band
FIT-601459,2024-08-19,USR-1492,45-54,Male,Cycling,105,925.2,6966,109,5.1,3.66,66.7,2,Mi Band
FIT-603906,2024-08-19,USR-1206,25-34,Male,Swimming,48,411.0,2574,155,9.1,1.47,69.6,5,Apple Watch
FIT-600405,2024-08-19,USR-1297,45-54,Male,Swimming,103,1048.9,17018,172,8.7,1.49,109.7,1,Apple Watch
FIT-602744,2024-08-19,USR-1400,18-24,Female,Strength Training,18,120.5,10918,167,4.4,3.98,107.0,4,Apple Watch
FIT-603461,2024-08-19,USR-1390,35-44,Female,Cycling,26,196.4,14400,139,9.1,3.45,102.5,5,Mi Band
FIT-601765,2024-08-19,USR-1420,55+,Female,Swimming,44,390.3,16012,88,7.4,3.49,50.6,5,Mi Band
FIT-600664,2024-08-20,USR-1421,35-44,Male,Running,44,440.9,8571,85,8.4,2.72,80.9,1,Mi Band
FIT-600799,2024-08-20,USR-1123,18-24,Male,Running,36,381.8,13538,144,7.1,2.23,73.8,1,Mi Band
FIT-602889,2024-08-20,USR-1026,45-54,Female,Running,36,446.2,16378,143,8.9,2.38,92.6,2,Garmin
FIT-601951,2024-08-20,USR-1351,18-24,Female,Cycling,33,288.6,13615,107,8.0,1.56,65.2,5,Apple Watch
FIT-601077,2024-08-20,USR-1248,25-34,Female,Cycling,83,634.2,5656,89,4.7,2.06,96.4,5,Samsung Galaxy Watch
FIT-601421,2024-08-20,USR-1060,18-24,Female,Strength Training,98,557.5,13304,74,5.1,2.87,104.0,1,Garmin
FIT-600005,2024-08-20,USR-1157,55+,Male,Yoga,21,57.6,13356,106,4.6,1.47,56.9,1,Mi Band
FIT-600751,2024-08-20,USR-1467,18-24,Female,Yoga,72,244.1,13260,140,7.7,0.87,79.8,5,Fitbit
FIT-600869,2024-08-21,USR-1084,25-34,Male,Cycling,84,633.6,16864,173,7.6,3.96,80.2,4,Mi Band
FIT-600487,2024-08-21,USR-1058,35-44,Female,Strength Training,12,69.2,11667,115,6.0,1.84,78.9,3,Samsung Galaxy Watch
FIT-602896,2024-08-21,USR-1358,25-34,Male,Yoga,31,95.4,15721,122,5.8,2.42,63.0,3,Garmin
FIT-601744,2024-08-21,USR-1142,25-34,Male,Running,79,929.2,8896,67,6.5,2.62,88.7,1,Mi Band
FIT-602095,2024-08-21,USR-1251,45-54,Other,Cycling,32,229.1,17437,98,5.3,1.79,67.5,3,Apple Watch
FIT-603217,2024-08-21,USR-1477,45-54,Female,Walking,60,250.5,1069,110,6.9,3.33,71.5,5,Samsung Galaxy Watch
FIT-600813,2024-08-22,USR-1011,18-24,Female,Swimming,117,1031.8,11069,153,4.8,2.17,85.6,4,Apple Watch
FIT-603091,2024-08-22,USR-1362,25-34,Male,Yoga,93,292.0,2594,120,5.4,1.84,100.4,2,Apple Watch
FIT-602003,2024-08-22,USR-1159,35-44,Male,Cycling,75,586.2,12433,66,6.4,1.19,69.0,2,Mi Band
FIT-601633,2024-08-22,USR-1347,35-44,Other,Walking,15,65.0,10327,156,5.3,1.3,102.8,4,Garmin
FIT-601257,2024-08-22,USR-1473,18-24,Female,Walking,57,251.5,12142,73,8.8,2.82,57.4,1,Apple Watch
FIT-602523,2024-08-22,USR-1114,25-34,Male,Strength Training,89,568.0,10960,150,6.3,1.45,76.8,4,Garmin
FIT-602941,2024-08-22,USR-1107,35-44,Female,Walking,16,78.2,9860,79,8.2,3.82,63.0,3,Fitbit
FIT-600179,2024-08-22,USR-1316,45-54,Female,Yoga,110,376.8,15935,151,4.7,3.6,76.6,4,Fitbit
FIT-601825,2024-08-22,USR-1447,55+,Female,Running,19,203.1,14651,77,7.8,1.88,77.2,2,Mi Band
FIT-602046,2024-08-23,USR-1147,18-24,Male,Running,72,818.8,15107,121,9.3,1.93,107.3,5,Fitbit
FIT-603369,2024-08-23,USR-1038,25-34,Female,Cycling,31,278.1,9858,121,5.6,0.73,49.7,4,Garmin
FIT-601181,2024-08-23,USR-1384,18-24,Female,Running,81,962.0,15590,69,8.9,3.25,101.8,3,Apple Watch
FIT-603551,2024-08-23,USR-1286,45-54,Female,Walking,87,433.9,11532,120,8.8,2.52,58.1,5,Garmin
FIT-603841,2024-08-23,USR-1482,35-44,Female,HIIT,43,496.1,14225,72,4.0,2.15,85.4,1,Mi Band
FIT-600561,2024-08-24,USR-1379,18-24,Male,HIIT,37,455.0,13234,100,7.1,3.12,95.0,5,Mi Band
FIT-600183,2024-08-24,USR-1355,35-44,Female,Strength Training,117,731.1,5277,82,4.5,2.09,65.1,1,Samsung Galaxy Watch
FIT-602507,2024-08-24,USR-1230,35-44,Male,Strength Training,104,702.9,7501,72,7.6,1.18,66.2,1,Mi Band
FIT-601615,2024-08-24,USR-1065,25-34,Female,Cycling,12,83.1,11711,147,6.2,3.4,61.1,3,Mi Band
FIT-602929,2024-08-24,USR-1091,55+,Female,Swimming,65,624.1,12238,105,9.3,3.14,105.4,5,Garmin
FIT-603565,2024-08-24,USR-1098,45-54,Male,Yoga,108,356.4,12399,159,8.1,1.17,54.6,4,Apple Watch
FIT-600169,2024-08-24,USR-1093,45-54,Female,Strength Training,45,299.9,1516,95,5.8,3.02,65.9,2,Apple Watch
FIT-603502,2024-08-24,USR-1032,45-54,Male,Cycling,103,936.9,1382,108,8.2,1.43,62.7,2,Fitbit
FIT-600268,2024-08-24,USR-1117,45-54,Male,Walking,29,132.5,11203,91,4.1,0.96,56.3,2,Apple Watch
FIT-600966,2024-08-24,USR-1023,25-34,Female,Swimming,90,769.7,11323,88,4.9,2.64,47.2,4,Samsung Galaxy Watch
FIT-601090,2024-08-24,USR-1462,35-44,Female,Running,42,441.7,6147,150,5.0,0.56,82.8,2,Fitbit
FIT-600382,2024-08-25,USR-1055,18-24,Female,HIIT,91,1206.7,14583,82,6.0,3.23,76.6,2,Apple Watch
FIT-600942,2024-08-25,USR-1193,18-24,Female,Strength Training,101,652.9,16143,161,6.4,1.53,101.6,4,Fitbit
FIT-602866,2024-08-25,USR-1157,18-24,Male,Cycling,28,226.4,1713,69,5.0,2.52,108.5,5,Samsung Galaxy Watch
FIT-601275,2024-08-25,USR-1466,18-24,Male,Strength Training,113,723.1,1463,147,6.8,2.55,57.8,1,Samsung Galaxy Watch
FIT-602414,2024-08-25,USR-1326,45-54,Male,Swimming,70,679.1,8347,139,6.2,2.23,66.2,5,Garmin
FIT-601365,2024-08-25,USR-1293,18-24,Male,HIIT,103,1232.3,15701,66,9.1,0.82,48.4,3,Samsung Galaxy Watch
FIT-600773,2024-08-26,USR-1147,45-54,Male,Strength Training,68,429.6,14846,107,4.4,2.51,84.2,3,Samsung Galaxy Watch
FIT-602828,2024-08-26,USR-1245,35-44,Female,Walking,15,72.1,15345,124,8.8,3.58,82.6,5,Fitbit
FIT-602519,2024-08-26,USR-1108,55+,Male,Cycling,13,111.4,10859,87,5.8,1.04,49.3,3,Apple Watch
FIT-601531,2024-08-26,USR-1155,35-44,Female,Walking,26,111.9,16646,78,6.0,1.97,60.3,2,Mi Band
FIT-603909,2024-08-26,USR-1284,25-34,Male,Running,107,1262.0,8776,165,6.8,1.01,73.6,4,Mi Band
FIT-600769,2024-08-27,USR-1383,55+,Female,Yoga,52,135.7,4062,77,8.5,3.95,59.7,3,Samsung Galaxy Watch
FIT-600007,2024-08-27,USR-1211,45-54,Male,Swimming,20,201.0,5317,144,5.8,1.98,86.0,2,Apple Watch
FIT-602879,2024-08-27,USR-1407,25-34,Female,Yoga,17,46.8,5933,95,8.5,2.71,66.7,1,Fitbit
FIT-603420,2024-08-27,USR-1382,35-44,Male,Yoga,61,196.0,7624,125,9.2,1.16,96.7,2,Garmin
FIT-601496,2024-08-27,USR-1051,25-34,Other,Yoga,10,32.9,4923,166,9.0,2.64,99.8,3,Apple Watch
FIT-601975,2024-08-27,USR-1192,35-44,Female,Swimming,111,1051.3,6559,108,8.1,3.18,56.2,5,Garmin
FIT-602602,2024-08-27,USR-1400,18-24,Female,Running,35,376.4,1708,83,4.4,2.48,86.8,3,Mi Band
FIT-603789,2024-08-28,USR-1450,55+,Male,Yoga,100,323.6,15077,130,4.2,1.58,71.4,3,Mi Band
FIT-601255,2024-08-28,USR-1005,25-34,Female,Strength Training,98,593.2,1048,158,4.6,2.51,50.5,4,Garmin
FIT-600375,2024-08-28,USR-1287,18-24,Female,Running,10,94.3,11603,83,6.4,3.1,64.4,5,Mi Band
FIT-602676,2024-08-28,USR-1297,25-34,Female,Swimming,59,566.5,13278,144,8.3,1.43,50.2,1,Fitbit
FIT-602406,2024-08-28,USR-1151,45-54,Female,Walking,80,368.0,5851,95,4.9,0.61,88.6,3,Apple Watch
FIT-601429,2024-08-28,USR-1208,35-44,Female,Yoga,31,86.3,16865,73,7.9,1.44,107.7,1,Apple Watch
FIT-601703,2024-08-29,USR-1071,35-44,Female,Yoga,44,127.7,8282,87,5.1,3.36,104.6,2,Garmin
FIT-602924,2024-08-29,USR-1061,25-34,Female,Running,44,496.5,4816,95,6.3,1.75,71.8,5,Mi Band
FIT-602638,2024-08-29,USR-1025,25-34,Male,HIIT,80,1032.5,12390,117,7.1,0.56,70.4,5,Apple Watch
FIT-600468,2024-08-29,USR-1179,45-54,Male,Cycling,101,691.4,8330,103,4.5,2.45,81.0,2,Mi Band
FIT-601952,2024-08-29,USR-1414,18-24,Female,Yoga,39,124.4,16308,79,5.3,0.75,101.0,4,Mi Band
FIT-602741,2024-08-29,USR-1112,18-24,Male,Swimming,41,406.5,17478,129,6.9,1.45,79.5,3,Apple Watch
FIT-601434,2024-08-29,USR-1146,18-24,Male,Swimming,21,201.5,15062,145,6.0,1.67,95.7,5,Mi Band
FIT-602346,2024-08-29,USR-1042,45-54,Male,Yoga,14,41.7,2857,84,7.8,2.27,108.1,4,Samsung Galaxy Watch
FIT-600599,2024-08-30,USR-1421,45-54,Female,Cycling,105,943.9,9109,148,4.1,3.87,98.1,5,Garmin
FIT-600178,2024-08-30,USR-1096,25-34,Male,Running,24,260.6,4834,118,7.2,0.72,52.1,4,Samsung Galaxy Watch
FIT-602927,2024-08-30,USR-1076,25-34,Female,Yoga,11,31.0,3377,135,4.8,3.83,57.2,4,Garmin
FIT-601382,2024-08-30,USR-1434,35-44,Female,Cycling,102,916.4,7084,121,5.8,3.02,56.2,1,Samsung Galaxy Watch
FIT-601547,2024-08-31,USR-1345,45-54,Male,Swimming,34,344.4,14217,82,7.6,3.54,76.0,5,Samsung Galaxy Watch
FIT-603459,2024-08-31,USR-1276,25-34,Male,Cycling,71,511.2,8891,169,5.9,2.45,59.9,4,Garmin
FIT-601883,2024-08-31,USR-1185,45-54,Female,Swimming,54,470.4,6063,83,8.7,2.3,74.5,1,Mi Band
FIT-602702,2024-08-31,USR-1281,35-44,Other,Swimming,109,1018.4,16464,159,9.2,3.32,75.3,5,Fitbit
FIT-602399,2024-08-31,USR-1364,18-24,Female,Running,10,107.1,11669,145,4.9,1.77,93.8,3,Mi Band
FIT-603225,2024-08-31,USR-1357,35-44,Male,Running,78,743.5,3495,110,5.5,2.38,65.1,2,Garmin
FIT-600232,2024-08-31,USR-1060,18-24,Male,Swimming,78,769.6,10779,139,8.3,1.35,68.4,4,Apple Watch
FIT-602675,2024-08-31,USR-1339,18-24,Female,Walking,71,299.5,12705,115,4.9,1.72,87.0,4,Fitbit
FIT-602104,2024-09-01,USR-1383,25-34,Male,Walking,65,328.0,8161,83,7.2,3.25,80.1,1,Fitbit
FIT-603732,2024-09-01,USR-1168,55+,Male,Swimming,43,383.4,17415,141,8.7,2.03,103.1,2,Mi Band
FIT-602914,2024-09-01,USR-1482,25-34,Female,Walking,53,232.7,2513,73,5.8,1.1,66.6,2,Mi Band
FIT-602186,2024-09-01,USR-1260,18-24,Male,Strength Training,37,214.3,12096,138,7.4,1.64,72.3,4,Mi Band
FIT-603305,2024-09-01,USR-1264,55+,Other,Swimming,59,609.8,686,84,7.3,1.28,78.5,5,Samsung Galaxy Watch
FIT-602528,2024-09-02,USR-1198,45-54,Male,Running,27,321.6,10335,135,5.9,1.32,62.9,2,Samsung Galaxy Watch
FIT-602592,2024-09-02,USR-1075,55+,Female,Yoga,109,291.8,573,77,4.1,3.8,86.2,2,Apple Watch
FIT-601981,2024-09-02,USR-1087,45-54,Female,Strength Training,102,565.6,5944,111,8.0,3.69,60.5,5,Mi Band
FIT-603279,2024-09-02,USR-1455,45-54,Male,Strength Training,10,68.9,502,109,5.1,0.54,91.9,4,Samsung Galaxy Watch
FIT-603628,2024-09-02,USR-1172,25-34,Female,Walking,61,292.5,11922,85,6.3,1.55,109.0,5,Mi Band
FIT-602375,2024-09-02,USR-1444,35-44,Female,Yoga,66,226.4,10002,108,7.6,3.42,56.8,4,Fitbit
FIT-602899,2024-09-02,USR-1047,18-24,Male,Running,59,577.7,8959,124,5.4,0.92,53.0,1,Garmin
FIT-602042,2024-09-02,USR-1397,35-44,Male,Walking,108,547.4,3166,121,5.0,0.63,69.4,4,Fitbit
FIT-600443,2024-09-02,USR-1327,18-24,Female,Yoga,87,281.9,8715,168,7.0,0.5,76.8,5,Fitbit
FIT-601173,2024-09-02,USR-1387,45-54,Male,Strength Training,55,361.8,5258,158,6.2,2.25,50.2,1,Mi Band
FIT-600119,2024-09-03,USR-1206,25-34,Male,Cycling,85,632.5,9337,135,4.9,3.11,107.1,5,Fitbit
FIT-602194,2024-09-03,USR-1122,55+,Female,Running,48,554.0,13527,131,4.6,2.67,73.4,3,Samsung Galaxy Watch
FIT-602633,2024-09-03,USR-1108,35-44,Female,Running,44,471.0,2293,98,6.5,1.91,80.4,4,Samsung Galaxy Watch
FIT-603825,2024-09-03,USR-1104,18-24,Female,Strength Training,75,441.9,14409,141,6.5,3.66,85.2,2,Garmin
FIT-603292,2024-09-04,USR-1242,25-34,Female,Strength Training,34,220.8,8923,114,8.2,0.69,77.6,4,Garmin
FIT-601228,2024-09-04,USR-1373,18-24,Female,Swimming,21,210.9,2065,112,5.7,2.49,109.7,3,Mi Band
FIT-601945,2024-09-04,USR-1317,25-34,Male,Running,35,433.9,7901,109,8.4,2.86,63.6,3,Apple Watch
FIT-603231,2024-09-04,USR-1080,35-44,Female,Swimming,19,163.0,3890,131,6.3,3.24,74.9,5,Mi Band
FIT-601088,2024-09-04,USR-1334,55+,Female,HIIT,105,1388.7,1824,145,8.6,3.22,47.6,3,Fitbit
FIT-603283,2024-09-05,USR-1332,18-24,Male,Running,99,1141.2,9812,90,4.5,3.45,94.2,4,Fitbit
FIT-602167,2024-09-05,USR-1404,25-34,Male,Swimming,42,335.5,13466,152,9.5,2.28,101.4,4,Samsung Galaxy Watch
FIT-600231,2024-09-05,USR-1317,18-24,Male,Running,71,701.4,2720,80,4.3,1.79,67.6,1,Samsung Galaxy Watch
FIT-600790,2024-09-05,USR-1030,35-44,Other,Strength Training,64,384.8,14588,141,8.9,2.08,109.2,3,Fitbit
FIT-600824,2024-09-05,USR-1483,18-24,Male,Strength Training,73,388.1,12071,128,9.1,3.64,77.9,3,Fitbit
FIT-603533,2024-09-05,USR-1290,45-54,Male,Walking,47,208.5,10732,93,4.3,0.65,108.0,3,Apple Watch
FIT-603118,2024-09-05,USR-1450,25-34,Female,Walking,111,566.9,8464,109,7.4,1.66,89.6,4,Apple Watch
FIT-603784,2024-09-05,USR-1004,25-34,Female,Walking,36,170.9,17219,166,8.9,2.75,49.0,5,Garmin
FIT-603559,2024-09-06,USR-1274,18-24,Female,Running,24,285.4,13659,90,4.4,1.28,98.0,2,Samsung Galaxy Watch
FIT-601331,2024-09-06,USR-1441,35-44,Male,HIIT,102,1131.8,2999,137,4.5,3.26,101.2,4,Mi Band
FIT-601814,2024-09-06,USR-1129,45-54,Female,Running,71,694.4,8887,72,4.4,1.33,51.8,3,Mi Band
FIT-602930,2024-09-06,USR-1030,25-34,Female,HIIT,60,621.6,11667,69,4.0,0.59,101.3,2,Fitbit
FIT-602660,2024-09-06,USR-1355,35-44,Male,Running,15,150.5,16809,143,6.4,2.44,75.9,4,Garmin
FIT-603042,2024-09-06,USR-1264,35-44,Male,Swimming,60,499.0,7226,116,6.7,2.41,63.2,4,Apple Watch
FIT-602247,2024-09-07,USR-1092,18-24,Male,Cycling,26,204.4,1259,126,7.9,1.58,106.6,5,Mi Band
FIT-600696,2024-09-07,USR-1432,25-34,Female,Strength Training,55,295.3,15909,117,6.3,3.61,64.1,5,Mi Band
FIT-602862,2024-09-07,USR-1051,25-34,Female,Strength Training,38,212.5,5578,148,9.0,0.63,47.4,5,Garmin
FIT-603297,2024-09-07,USR-1395,35-44,Female,HIIT,25,280.4,2196,76,6.2,2.36,106.1,3,Mi Band
FIT-601024,2024-09-07,USR-1179,18-24,Male,Cycling,107,856.2,17502,157,4.7,0.76,56.3,4,Garmin
FIT-600697,2024-09-08,USR-1285,25-34,Female,Yoga,26,75.5,17582,119,9.1,2.01,93.2,1,Samsung Galaxy Watch
FIT-601773,2024-09-08,USR-1492,18-24,Male,Yoga,68,225.5,2269,123,5.1,0.97,101.8,3,Samsung Galaxy Watch
FIT-603114,2024-09-08,USR-1049,45-54,Male,Walking,83,358.0,14964,151,8.1,3.71,63.4,2,Apple Watch
FIT-601339,2024-09-08,USR-1496,18-24,Female,HIIT,110,1377.1,8705,149,4.7,2.63,82.3,2,Fitbit
FIT-603504,2024-09-09,USR-1157,35-44,Male,Walking,74,351.1,13494,172,4.7,3.25,45.7,1,Samsung Galaxy Watch
FIT-603126,2024-09-09,USR-1334,18-24,Male,Running,82,1017.5,6640,161,8.7,2.41,101.5,4,Samsung Galaxy Watch
FIT-601487,2024-09-09,USR-1045,25-34,Female,Swimming,64,611.7,7767,69,4.6,0.5,91.0,3,Apple Watch
FIT-601291,2024-09-09,USR-1478,25-34,Female,Running,29,314.0,9860,78,8.6,2.67,66.3,5,Mi Band
FIT-601055,2024-09-09,USR-1352,18-24,Male,HIIT,65,861.2,4352,117,4.4,2.85,47.9,3,Mi Band
FIT-600795,2024-09-09,USR-1076,35-44,Male,Running,85,833.3,4144,169,8.2,0.69,70.5,4,Apple Watch
FIT-601476,2024-09-10,USR-1121,18-24,Female,Cycling,72,568.5,15840,86,7.0,1.27,50.7,4,Garmin
FIT-602386,2024-09-10,USR-1173,25-34,Male,Walking,20,95.9,4868,114,9.0,2.6,56.7,1,Apple Watch
FIT-603465,2024-09-10,USR-1160,18-24,Male,HIIT,47,482.4,14091,154,8.6,3.34,78.8,4,Apple Watch
FIT-600388,2024-09-10,USR-1369,35-44,Male,Swimming,54,439.4,17089,163,8.8,0.79,58.9,4,Samsung Galaxy Watch
FIT-602337,2024-09-11,USR-1423,25-34,Male,Swimming,119,967.4,4250,123,6.7,0.58,65.5,3,Apple Watch
FIT-603393,2024-09-11,USR-1342,35-44,Female,Running,76,764.4,6545,157,7.4,1.73,107.7,2,Garmin
FIT-602671,2024-09-12,USR-1119,55+,Other,Strength Training,50,265.0,1664,91,7.8,0.69,62.8,5,Samsung Galaxy Watch
FIT-602549,2024-09-12,USR-1200,35-44,Female,Yoga,22,70.5,11567,84,7.2,1.39,45.2,3,Apple Watch
FIT-603593,2024-09-12,USR-1382,25-34,Male,Cycling,24,190.6,1092,159,5.1,3.14,65.7,1,Garmin
FIT-603702,2024-09-12,USR-1125,45-54,Male,HIIT,31,391.6,15860,151,5.7,3.17,87.3,5,Fitbit
FIT-603147,2024-09-12,USR-1385,35-44,Female,Swimming,23,186.7,17812,101,4.8,1.9,66.8,4,Apple Watch
FIT-602106,2024-09-12,USR-1241,35-44,Female,Cycling,24,174.7,4121,77,6.0,3.3,67.9,1,Apple Watch
FIT-601890,2024-09-12,USR-1333,25-34,Female,Swimming,119,1064.3,2707,126,8.2,2.35,45.3,4,Garmin
FIT-603603,2024-09-12,USR-1087,18-24,Female,Running,71,720.0,15904,115,4.9,1.58,105.4,1,Mi Band
FIT-600810,2024-09-12,USR-1464,55+,Female,Yoga,37,112.3,13866,74,9.4,3.24,53.1,2,Garmin
FIT-601048,2024-09-12,USR-1298,35-44,Female,HIIT,114,1526.5,7943,164,6.1,0.68,84.1,4,Mi Band
FIT-602245,2024-09-13,USR-1049,35-44,Male,Swimming,109,913.3,12889,123,5.0,3.03,77.2,3,Samsung Galaxy Watch
FIT-602786,2024-09-13,USR-1292,45-54,Male,Yoga,114,377.1,11584,128,6.1,2.82,76.0,4,Samsung Galaxy Watch
FIT-601567,2024-09-13,USR-1079,35-44,Female,Swimming,62,486.0,540,124,8.1,2.54,107.6,1,Fitbit
FIT-603063,2024-09-14,USR-1114,35-44,Male,Running,76,947.4,5675,73,9.1,3.02,70.9,1,Apple Watch
FIT-601713,2024-09-14,USR-1364,55+,Female,Walking,41,180.8,13512,91,7.7,1.5,56.4,1,Garmin
FIT-601258,2024-09-14,USR-1415,35-44,Male,Cycling,78,535.6,9908,100,7.4,3.39,78.9,4,Fitbit
FIT-601592,2024-09-15,USR-1443,35-44,Male,Strength Training,30,167.2,14724,89,5.9,1.8,72.4,2,Apple Watch
FIT-602530,2024-09-15,USR-1340,18-24,Female,Walking,60,277.0,15361,113,7.6,0.59,67.7,2,Garmin
FIT-601804,2024-09-15,USR-1075,25-34,Male,Swimming,33,319.7,15532,172,4.5,3.74,58.5,1,Apple Watch
FIT-600679,2024-09-15,USR-1375,45-54,Female,Yoga,114,310.3,7266,82,6.5,3.92,57.6,5,Garmin
FIT-603133,2024-09-16,USR-1193,35-44,Female,Walking,71,296.7,14671,75,9.4,1.56,82.6,2,Samsung Galaxy Watch
FIT-600964,2024-09-16,USR-1258,18-24,Female,Running,84,813.3,5294,120,5.3,1.14,88.6,1,Garmin
FIT-602646,2024-09-16,USR-1101,35-44,Male,Yoga,82,279.8,16563,143,9.5,1.48,79.1,4,Apple Watch
FIT-600832,2024-09-16,USR-1428,18-24,Male,Cycling,100,908.3,962,168,8.2,2.79,77.2,5,Samsung Galaxy Watch
FIT-601544,2024-09-16,USR-1402,35-44,Female,Yoga,14,43.9,13688,143,4.4,2.92,105.9,3,Mi Band
FIT-602493,2024-09-16,USR-1271,18-24,Female,Cycling,48,390.3,5007,158,4.7,0.93,99.5,1,Fitbit
FIT-601803,2024-09-16,USR-1071,55+,Female,Swimming,40,377.7,15210,157,8.0,1.89,100.7,1,Garmin
FIT-602762,2024-09-16,USR-1464,25-34,Female,Yoga,34,99.0,13552,109,6.7,1.29,58.5,3,Garmin
FIT-603965,2024-09-17,USR-1291,35-44,Female,Swimming,100,944.0,17710,130,6.3,0.56,78.6,2,Garmin
FIT-602451,2024-09-17,USR-1014,18-24,Female,Yoga,102,280.2,5030,126,7.7,0.63,91.9,2,Samsung Galaxy Watch
FIT-603139,2024-09-17,USR-1251,25-34,Female,Cycling,94,854.9,14071,111,6.6,2.39,75.4,1,Fitbit
FIT-602579,2024-09-17,USR-1498,25-34,Female,Cycling,111,779.7,11287,164,4.7,0.68,56.7,4,Fitbit
FIT-602987,2024-09-17,USR-1028,18-24,Male,Strength Training,57,316.4,4105,105,4.7,2.85,106.0,3,Apple Watch
FIT-600367,2024-09-18,USR-1237,45-54,Female,Strength Training,52,338.9,8847,148,8.5,2.33,53.8,5,Fitbit
FIT-600372,2024-09-18,USR-1398,35-44,Female,Cycling,81,580.3,2298,84,5.7,1.25,104.9,2,Garmin
FIT-601032,2024-09-18,USR-1332,25-34,Male,Yoga,78,216.0,9404,131,4.6,1.16,46.4,2,Apple Watch
FIT-600855,2024-09-18,USR-1466,55+,Male,Cycling,118,834.9,9061,112,7.5,3.26,47.5,1,Fitbit
FIT-602520,2024-09-18,USR-1108,25-34,Male,Swimming,11,85.1,4418,98,4.1,2.54,98.6,1,Garmin
FIT-603162,2024-09-18,USR-1361,18-24,Male,Yoga,36,123.2,1916,109,5.3,2.56,55.2,1,Garmin
FIT-603184,2024-09-19,USR-1057,25-34,Male,Strength Training,95,514.2,8639,66,8.7,2.2,90.9,4,Samsung Galaxy Watch
FIT-602340,2024-09-19,USR-1450,25-34,Male,HIIT,24,277.6,2072,170,4.7,0.52,82.1,2,Apple Watch
FIT-602907,2024-09-19,USR-1080,25-34,Male,HIIT,81,887.1,17326,122,8.3,3.61,53.0,3,Apple Watch
FIT-601587,2024-09-19,USR-1184,35-44,Male,Running,42,480.1,4803,145,5.4,3.08,107.8,4,Fitbit
FIT-600347,2024-09-19,USR-1132,35-44,Female,Yoga,55,181.9,17920,122,6.5,2.02,46.9,3,Garmin
FIT-601210,2024-09-19,USR-1432,35-44,Female,Swimming,117,992.2,1370,136,6.5,0.81,49.2,4,Garmin
FIT-601409,2024-09-20,USR-1344,35-44,Male,Cycling,63,431.1,1267,161,5.8,3.98,49.2,4,Apple Watch
FIT-602920,2024-09-20,USR-1187,35-44,Female,Walking,28,114.5,14625,103,8.9,1.55,109.6,4,Fitbit
FIT-600944,2024-09-20,USR-1494,18-24,Male,Cycling,67,582.1,15005,79,7.6,4.0,75.3,2,Mi Band
FIT-602532,2024-09-20,USR-1116,35-44,Female,Strength Training,16,89.1,11433,108,5.9,2.66,97.1,2,Fitbit
FIT-603561,2024-09-20,USR-1377,25-34,Male,HIIT,64,774.1,17117,141,4.2,2.5,103.3,5,Apple Watch
FIT-601797,2024-09-21,USR-1386,25-34,Male,Running,112,1323.4,13346,141,7.3,1.25,81.2,1,Fitbit
FIT-601683,2024-09-21,USR-1249,45-54,Male,Swimming,78,642.8,7401,114,6.3,3.86,99.7,1,Mi Band
FIT-603440,2024-09-21,USR-1130,18-24,Male,Running,67,761.6,3243,94,4.5,0.77,91.4,1,Fitbit
FIT-602122,2024-09-21,USR-1302,18-24,Female,Swimming,110,898.3,7567,103,4.7,0.85,57.9,4,Apple Watch
FIT-603599,2024-09-21,USR-1487,45-54,Female,Walking,117,458.6,5642,96,6.1,2.16,96.6,2,Mi Band
FIT-601674,2024-09-22,USR-1483,18-24,Female,Running,53,506.8,14043,141,5.6,2.49,80.8,4,Mi Band
FIT-601698,2024-09-23,USR-1136,55+,Male,Running,105,1132.6,10730,92,7.0,2.91,84.4,5,Garmin
FIT-600449,2024-09-23,USR-1428,18-24,Female,Running,105,1142.0,9206,145,8.8,3.18,88.4,4,Apple Watch
FIT-601441,2024-09-23,USR-1407,18-24,Female,Strength Training,86,471.6,1973,90,7.5,1.46,82.6,3,Garmin
FIT-602562,2024-09-23,USR-1420,18-24,Male,Yoga,44,143.9,2150,139,5.4,3.44,91.6,5,Mi Band
FIT-603080,2024-09-23,USR-1272,25-34,Male,HIIT,16,165.7,11717,133,5.8,1.85,79.3,1,Samsung Galaxy Watch
FIT-600483,2024-09-23,USR-1159,45-54,Female,HIIT,119,1253.1,1543,73,7.1,0.52,60.4,4,Samsung Galaxy Watch
FIT-602657,2024-09-23,USR-1303,18-24,Female,Swimming,45,359.5,1976,131,5.8,1.2,91.1,5,Samsung Galaxy Watch
FIT-603101,2024-09-24,USR-1408,35-44,Female,Swimming,102,1043.6,8806,94,7.4,0.88,89.2,5,Apple Watch
FIT-600708,2024-09-24,USR-1441,45-54,Male,Swimming,26,258.1,14191,132,4.1,3.37,59.5,5,Samsung Galaxy Watch
FIT-601064,2024-09-24,USR-1323,35-44,Female,Strength Training,16,96.4,12939,65,6.7,4.0,79.8,3,Fitbit
FIT-603522,2024-09-24,USR-1019,18-24,Other,Running,88,1040.5,11950,133,6.3,2.53,89.7,4,Fitbit
FIT-602188,2024-09-24,USR-1208,35-44,Other,Swimming,102,1028.2,16546,106,9.3,3.59,54.8,5,Apple Watch
FIT-600839,2024-09-24,USR-1314,25-34,Male,Strength Training,103,638.3,13464,114,4.1,1.82,70.1,2,Mi Band
FIT-600641,2024-09-24,USR-1140,25-34,Male,Cycling,34,248.5,8703,82,7.7,3.36,86.3,5,Fitbit
FIT-600383,2024-09-25,USR-1226,35-44,Female,Strength Training,47,318.2,11255,102,5.3,2.8,107.1,2,Samsung Galaxy Watch
FIT-601158,2024-09-26,USR-1376,25-34,Male,Swimming,18,152.5,1452,103,4.7,1.42,62.6,5,Fitbit
FIT-601366,2024-09-26,USR-1173,25-34,Male,Strength Training,30,187.7,9150,123,9.2,1.19,105.0,5,Apple Watch
FIT-603859,2024-09-26,USR-1426,35-44,Female,Swimming,61,502.7,5104,149,4.2,0.51,83.5,5,Garmin
FIT-601110,2024-09-26,USR-1251,45-54,Female,Strength Training,19,106.2,17499,97,5.9,3.92,96.8,4,Samsung Galaxy Watch
FIT-600490,2024-09-27,USR-1139,35-44,Male,Running,58,617.5,1869,80,8.5,3.22,56.6,1,Fitbit
FIT-602558,2024-09-27,USR-1011,25-34,Male,HIIT,34,435.2,3796,100,6.0,1.14,52.8,3,Mi Band
FIT-601800,2024-09-27,USR-1230,25-34,Female,Swimming,114,925.8,9106,153,8.8,1.38,52.1,4,Apple Watch
FIT-600115,2024-09-27,USR-1217,35-44,Male,Running,20,241.3,5631,138,4.8,2.42,68.9,4,Mi Band
FIT-602758,2024-09-27,USR-1073,35-44,Male,Swimming,83,822.5,13129,168,7.5,3.57,66.1,2,Fitbit
FIT-601726,2024-09-27,USR-1126,35-44,Other,Strength Training,65,369.6,5421,85,7.9,3.29,104.9,4,Samsung Galaxy Watch
FIT-601722,2024-09-28,USR-1153,35-44,Male,HIIT,45,610.7,3838,91,8.3,2.59,48.4,5,Mi Band
FIT-600872,2024-09-28,USR-1085,18-24,Female,Running,100,1222.7,11941,150,4.9,3.46,105.0,2,Apple Watch
FIT-603241,2024-09-28,USR-1314,25-34,Male,Walking,18,69.2,14409,93,5.1,3.22,106.3,1,Garmin
FIT-602822,2024-09-28,USR-1103,35-44,Male,Walking,43,201.3,10697,127,6.2,1.7,45.8,5,Mi Band
FIT-600104,2024-09-28,USR-1336,25-34,Female,Strength Training,85,550.4,15883,88,8.3,0.61,104.5,1,Samsung Galaxy Watch
FIT-601760,2024-09-28,USR-1465,18-24,Female,Walking,13,52.3,16513,121,7.6,2.78,73.9,4,Fitbit
FIT-602168,2024-09-29,USR-1208,35-44,Female,Strength Training,71,396.6,9077,89,7.8,3.13,88.2,1,Garmin
FIT-601885,2024-09-30,USR-1372,25-34,Female,Cycling,102,743.3,9877,75,9.3,1.56,80.0,2,Mi Band
FIT-600913,2024-09-30,USR-1243,18-24,Female,HIIT,17,205.5,10413,116,5.7,2.54,88.4,5,Apple Watch
FIT-602696,2024-09-30,USR-1477,35-44,Female,Running,13,130.1,17226,82,6.2,3.42,91.5,1,Garmin
FIT-602491,2024-09-30,USR-1293,18-24,Female,Swimming,83,702.8,3804,66,4.0,3.64,108.7,2,Fitbit
FIT-603140,2024-09-30,USR-1271,45-54,Female,Running,21,247.4,8239,76,6.9,2.91,89.5,5,Apple Watch
FIT-602291,2024-10-01,USR-1499,45-54,Male,Yoga,75,225.6,10327,114,5.0,1.32,61.2,2,Fitbit
FIT-601510,2024-10-02,USR-1162,18-24,Female,Running,38,454.4,3847,153,9.4,3.17,54.0,5,Garmin
FIT-602911,2024-10-02,USR-1358,45-54,Male,HIIT,70,771.4,2616,125,4.2,3.58,98.2,3,Mi Band
FIT-600711,2024-10-02,USR-1294,45-54,Female,Cycling,64,441.3,14683,120,5.1,2.06,85.9,5,Samsung Galaxy Watch
FIT-600732,2024-10-02,USR-1273,25-34,Female,Cycling,14,116.3,8102,72,7.3,1.78,66.9,4,Mi Band
FIT-603505,2024-10-02,USR-1410,45-54,Male,Running,22,271.0,4926,83,5.2,2.17,59.9,2,Fitbit
FIT-603205,2024-10-02,USR-1410,35-44,Other,Running,12,141.2,14851,172,9.0,3.85,60.7,5,Samsung Galaxy Watch
FIT-601006,2024-10-02,USR-1286,18-24,Female,Swimming,50,397.6,7094,98,8.5,2.68,50.3,3,Samsung Galaxy Watch
FIT-601192,2024-10-03,USR-1477,18-24,Female,Yoga,79,225.9,4250,156,6.0,1.32,71.1,3,Samsung Galaxy Watch
FIT-602548,2024-10-03,USR-1102,55+,Male,Yoga,44,145.8,15726,71,6.0,1.25,108.8,5,Samsung Galaxy Watch
FIT-601784,2024-10-03,USR-1179,55+,Female,Cycling,84,625.3,4696,99,6.2,0.75,59.2,3,Samsung Galaxy Watch
FIT-602336,2024-10-03,USR-1121,18-24,Female,Running,77,886.9,9486,123,5.8,3.59,83.3,5,Garmin
FIT-601322,2024-10-03,USR-1009,25-34,Female,Walking,75,297.0,14078,143,8.9,2.36,60.9,4,Fitbit
FIT-602780,2024-10-03,USR-1366,35-44,Male,HIIT,54,734.5,8646,77,7.9,1.77,77.8,5,Fitbit
FIT-602213,2024-10-03,USR-1138,35-44,Female,Cycling,62,558.2,10615,112,5.7,1.45,57.0,3,Garmin
FIT-603135,2024-10-03,USR-1246,18-24,Male,Walking,97,421.6,2675,79,6.0,3.14,109.9,2,Mi Band
FIT-602316,2024-10-03,USR-1295,18-24,Male,HIIT,11,115.1,11627,147,8.2,2.23,75.1,4,Mi Band
FIT-600729,2024-10-04,USR-1337,55+,Male,Swimming,82,690.7,15305,118,8.0,3.14,45.3,5,Fitbit
FIT-603849,2024-10-04,USR-1345,25-34,Male,Swimming,110,954.9,12589,106,9.3,3.67,63.1,5,Apple Watch
FIT-602382,2024-10-04,USR-1426,25-34,Male,HIIT,71,901.2,4882,136,4.4,2.98,92.7,1,Apple Watch
FIT-601524,2024-10-04,USR-1087,45-54,Male,Yoga,84,228.3,4956,107,7.4,2.12,65.1,4,Apple Watch
FIT-603596,2024-10-05,USR-1205,18-24,Female,Swimming,92,914.0,5583,140,4.8,2.64,76.4,1,Garmin
FIT-601815,2024-10-05,USR-1463,35-44,Male,Cycling,87,675.6,2160,130,5.9,3.42,94.0,3,Garmin
FIT-602626,2024-10-05,USR-1362,25-34,Male,Running,118,1458.7,16757,138,8.9,3.77,71.6,1,Samsung Galaxy Watch
FIT-601377,2024-10-05,USR-1400,25-34,Male,Cycling,80,563.7,10429,154,4.3,2.3,109.0,5,Fitbit
FIT-603304,2024-10-05,USR-1205,25-34,Male,Swimming,43,339.5,13964,90,7.2,3.23,89.2,2,Garmin
FIT-603819,2024-10-06,USR-1024,18-24,Male,Walking,65,255.9,13589,116,4.1,1.52,49.9,5,Fitbit
FIT-601008,2024-10-06,USR-1115,35-44,Male,Walking,13,60.6,8403,156,6.8,3.6,59.9,5,Garmin
FIT-600166,2024-10-06,USR-1243,35-44,Male,Walking,36,164.3,12223,158,6.7,2.67,59.8,1,Mi Band
FIT-602692,2024-10-07,USR-1492,25-34,Male,Yoga,87,270.7,8479,85,6.9,0.52,82.0,3,Mi Band
FIT-601583,2024-10-07,USR-1263,35-44,Female,Yoga,61,190.4,16050,128,6.7,1.18,60.3,3,Mi Band
FIT-600973,2024-10-07,USR-1296,45-54,Male,Running,12,134.4,17477,135,8.3,1.96,99.7,5,Mi Band
FIT-603867,2024-10-07,USR-1479,35-44,Male,Strength Training,16,82.8,11601,167,8.1,1.9,106.5,1,Apple Watch
FIT-601074,2024-10-07,USR-1327,18-24,Male,HIIT,110,1337.2,9142,91,4.6,1.25,94.5,5,Garmin
FIT-600030,2024-10-08,USR-1094,35-44,Female,HIIT,45,558.3,575,149,7.9,1.31,95.0,4,Fitbit
FIT-602480,2024-10-08,USR-1358,35-44,Male,Running,14,159.6,16576,70,5.0,3.38,72.3,2,Samsung Galaxy Watch
FIT-602439,2024-10-08,USR-1415,45-54,Male,Running,61,735.3,14153,105,4.3,3.7,101.0,4,Garmin
FIT-600589,2024-10-08,USR-1034,35-44,Male,Swimming,114,1084.5,10918,129,4.8,2.97,72.3,1,Apple Watch
FIT-601293,2024-10-08,USR-1493,35-44,Female,Running,86,825.3,17112,71,6.1,1.53,61.5,5,Fitbit
FIT-602596,2024-10-09,USR-1382,35-44,Male,Strength Training,90,484.9,815,116,4.2,2.64,84.5,5,Garmin
FIT-603498,2024-10-09,USR-1400,35-44,Male,Strength Training,61,329.6,16153,131,7.5,3.6,91.7,5,Fitbit
FIT-601988,2024-10-09,USR-1334,18-24,Male,Yoga,85,275.9,4981,141,9.1,3.29,94.6,5,Mi Band
FIT-601504,2024-10-09,USR-1340,35-44,Female,Swimming,29,293.7,15941,121,4.9,1.23,87.0,1,Samsung Galaxy Watch
FIT-601559,2024-10-09,USR-1474,45-54,Female,Running,93,1151.8,17448,151,8.3,3.27,102.2,4,Garmin
FIT-600854,2024-10-09,USR-1339,45-54,Male,Walking,21,104.4,11945,103,6.0,2.11,91.8,4,Mi Band
FIT-603563,2024-10-09,USR-1087,55+,Male,Swimming,53,534.9,15721,155,4.0,2.26,80.6,2,Fitbit
FIT-603548,2024-10-09,USR-1096,45-54,Male,Yoga,74,246.2,15405,166,6.7,3.98,98.4,3,Mi Band
FIT-601286,2024-10-10,USR-1209,45-54,Female,Swimming,48,415.3,1492,83,9.5,2.06,62.5,4,Apple Watch
FIT-600780,2024-10-10,USR-1267,25-34,Male,Swimming,100,801.3,1036,124,9.2,1.9,59.9,4,Fitbit
FIT-600922,2024-10-10,USR-1388,25-34,Male,Running,41,423.0,11209,170,5.7,2.86,86.4,2,Samsung Galaxy Watch
FIT-601489,2024-10-10,USR-1325,18-24,Male,HIIT,111,1336.8,4590,83,7.4,1.5,65.2,4,Fitbit
FIT-600113,2024-10-10,USR-1099,35-44,Male,Running,41,440.2,13546,158,8.7,1.4,86.2,1,Garmin
FIT-602076,2024-10-10,USR-1027,18-24,Male,Swimming,116,1192.2,13796,119,8.9,3.56,85.3,5,Apple Watch
FIT-601309,2024-10-10,USR-1334,45-54,Male,Walking,81,384.2,5799,116,8.7,3.87,57.3,4,Samsung Galaxy Watch
FIT-600585,2024-10-10,USR-1403,18-24,Male,Cycling,56,502.9,9437,68,9.3,1.95,79.7,5,Fitbit
FIT-603477,2024-10-11,USR-1262,45-54,Female,Strength Training,32,175.9,6124,74,8.3,2.25,96.6,3,Mi Band
FIT-601569,2024-10-12,USR-1332,55+,Female,Swimming,66,634.3,3727,159,8.1,2.8,97.6,5,Garmin
FIT-603476,2024-10-12,USR-1218,35-44,Male,Cycling,82,717.1,12410,101,9.2,0.58,97.4,1,Garmin
FIT-601411,2024-10-12,USR-1273,25-34,Male,Swimming,85,810.6,13534,161,8.2,2.78,74.9,5,Samsung Galaxy Watch
FIT-600473,2024-10-12,USR-1280,25-34,Male,Running,66,632.0,15695,130,8.6,2.25,80.8,4,Apple Watch
FIT-600129,2024-10-13,USR-1019,18-24,Female,HIIT,46,587.2,3412,80,7.3,1.08,61.9,3,Samsung Galaxy Watch
FIT-600254,2024-10-13,USR-1242,35-44,Male,Strength Training,117,717.5,13102,123,4.2,3.18,102.7,2,Samsung Galaxy Watch
FIT-602243,2024-10-13,USR-1044,18-24,Male,Cycling,15,124.9,16303,166,5.0,1.17,96.3,1,Fitbit
FIT-600569,2024-10-13,USR-1212,35-44,Female,HIIT,69,871.6,5688,116,6.8,0.71,47.1,3,Mi Band
FIT-602062,2024-10-14,USR-1076,18-24,Female,Strength Training,48,320.5,9141,129,9.4,0.67,84.6,3,Samsung Galaxy Watch
FIT-602897,2024-10-14,USR-1301,55+,Male,Strength Training,78,411.1,15208,138,9.3,2.52,59.1,4,Samsung Galaxy Watch
FIT-601590,2024-10-14,USR-1238,25-34,Female,HIIT,39,505.3,3908,149,6.4,3.18,97.9,3,Garmin
FIT-603934,2024-10-14,USR-1242,18-24,Female,Cycling,88,658.7,1895,72,6.2,1.85,68.6,4,Fitbit
FIT-600737,2024-10-14,USR-1465,35-44,Male,Yoga,43,124.2,15156,82,9.2,2.95,84.5,3,Mi Band
FIT-603384,2024-10-14,USR-1408,35-44,Female,Running,49,539.9,5736,100,4.4,1.8,55.2,4,Fitbit
FIT-601780,2024-10-15,USR-1023,45-54,Male,Yoga,22,60.9,11925,127,5.6,1.52,65.3,4,Garmin
FIT-600881,2024-10-15,USR-1193,18-24,Male,Swimming,13,101.7,3739,166,7.8,3.38,86.2,4,Apple Watch
FIT-602568,2024-10-15,USR-1441,55+,Female,Walking,74,353.0,691,173,4.7,1.65,83.2,5,Garmin
FIT-603019,2024-10-15,USR-1499,35-44,Female,HIIT,17,217.4,6435,157,5.5,1.45,70.4,1,Apple Watch
FIT-603566,2024-10-15,USR-1121,45-54,Other,Swimming,102,941.2,4024,138,4.0,3.4,65.2,5,Apple Watch
FIT-601977,2024-10-15,USR-1258,35-44,Female,Swimming,68,560.0,14492,136,6.7,3.31,106.4,5,Garmin
FIT-603948,2024-10-16,USR-1167,25-34,Female,Swimming,87,788.9,16584,69,8.5,4.0,55.2,1,Samsung Galaxy Watch
FIT-600425,2024-10-16,USR-1011,18-24,Female,Swimming,105,806.8,8339,131,5.6,2.07,62.3,5,Garmin
FIT-601398,2024-10-16,USR-1123,45-54,Male,Yoga,50,137.2,9948,87,7.1,0.76,106.9,4,Mi Band
FIT-602547,2024-10-16,USR-1148,25-34,Female,Running,27,296.9,4344,89,4.7,3.31,106.9,4,Fitbit
FIT-603429,2024-10-17,USR-1234,25-34,Female,Swimming,55,532.0,8851,110,8.3,2.36,50.2,5,Garmin
FIT-601371,2024-10-17,USR-1314,45-54,Female,HIIT,16,181.0,10976,135,7.4,2.79,95.2,5,Samsung Galaxy Watch
FIT-601727,2024-10-17,USR-1024,55+,Male,Yoga,12,38.3,7851,147,8.0,2.0,48.1,5,Fitbit
FIT-600559,2024-10-17,USR-1033,25-34,Male,Running,69,714.5,3616,79,9.3,2.35,89.8,4,Mi Band
FIT-602922,2024-10-17,USR-1209,35-44,Female,HIIT,99,1021.3,3142,144,7.9,2.62,52.3,5,Samsung Galaxy Watch
FIT-601655,2024-10-18,USR-1252,45-54,Male,Swimming,12,92.8,9319,168,9.2,2.61,97.6,4,Fitbit
FIT-602020,2024-10-18,USR-1497,35-44,Female,HIIT,96,1320.0,16090,116,4.3,3.13,98.5,2,Mi Band
FIT-601799,2024-10-18,USR-1266,25-34,Male,Cycling,103,905.7,14070,146,4.8,3.02,79.2,1,Apple Watch
FIT-601649,2024-10-18,USR-1255,25-34,Female,Cycling,21,143.6,1451,149,9.5,2.93,89.4,4,Samsung Galaxy Watch
FIT-602972,2024-10-19,USR-1444,18-24,Other,Swimming,20,193.7,6715,119,7.1,3.45,67.8,1,Mi Band
FIT-600083,2024-10-19,USR-1467,45-54,Male,Running,114,1303.7,8019,96,6.7,1.4,47.8,4,Garmin
FIT-602647,2024-10-20,USR-1092,45-54,Female,Cycling,96,856.8,16149,134,4.7,1.85,61.9,3,Apple Watch
FIT-600545,2024-10-20,USR-1080,35-44,Male,Yoga,65,169.8,1274,127,6.0,1.41,109.1,2,Samsung Galaxy Watch
FIT-602852,2024-10-21,USR-1389,25-34,Female,Strength Training,17,88.1,12489,91,8.4,2.94,96.3,4,Fitbit
FIT-603421,2024-10-21,USR-1051,25-34,Female,Strength Training,35,240.8,6581,152,8.9,1.68,93.9,1,Samsung Galaxy Watch
FIT-603175,2024-10-21,USR-1449,35-44,Male,HIIT,54,614.6,16354,172,7.8,1.81,68.2,1,Mi Band
FIT-600987,2024-10-21,USR-1001,25-34,Female,Running,52,652.7,13546,157,6.8,3.42,87.4,1,Mi Band
FIT-602441,2024-10-21,USR-1101,18-24,Male,Walking,25,97.2,667,70,9.2,2.4,88.0,1,Mi Band
FIT-602074,2024-10-21,USR-1104,25-34,Female,Swimming,32,302.8,17130,109,5.9,3.81,59.3,1,Fitbit
FIT-602593,2024-10-21,USR-1462,35-44,Male,Walking,49,197.9,11313,75,5.5,1.3,49.3,5,Fitbit
FIT-601978,2024-10-21,USR-1272,25-34,Female,Walking,92,435.1,4035,153,9.3,0.53,54.1,1,Mi Band
FIT-602773,2024-10-21,USR-1007,25-34,Female,Yoga,77,204.6,14415,157,5.7,2.54,82.6,1,Fitbit
FIT-600542,2024-10-22,USR-1070,25-34,Female,Swimming,119,1074.5,10488,138,9.4,0.79,107.0,2,Fitbit
FIT-601030,2024-10-22,USR-1277,18-24,Male,Strength Training,55,370.8,5495,119,7.5,0.57,86.0,3,Fitbit
FIT-603920,2024-10-22,USR-1328,25-34,Male,Running,102,1168.7,15013,169,4.2,0.51,69.3,1,Apple Watch
FIT-600645,2024-10-22,USR-1463,45-54,Female,Walking,105,491.1,14112,160,9.1,2.68,63.1,4,Fitbit
FIT-600884,2024-10-22,USR-1111,35-44,Female,Cycling,106,820.6,1839,136,7.2,2.73,101.8,1,Samsung Galaxy Watch
FIT-602948,2024-10-22,USR-1319,35-44,Female,Strength Training,113,670.7,5898,125,5.0,3.98,55.8,5,Mi Band
FIT-602075,2024-10-22,USR-1285,35-44,Female,Strength Training,64,429.6,13510,80,8.6,1.91,55.0,3,Fitbit
FIT-602099,2024-10-22,USR-1143,55+,Male,Yoga,97,330.7,11568,163,5.2,0.78,64.3,1,Fitbit
FIT-602882,2024-10-23,USR-1135,45-54,Female,Running,32,401.9,10449,161,7.8,1.29,47.8,3,Garmin
FIT-602953,2024-10-23,USR-1337,25-34,Male,Swimming,87,741.0,13289,166,6.1,3.48,102.2,2,Garmin
FIT-600781,2024-10-23,USR-1421,25-34,Male,Strength Training,37,191.4,8291,161,8.7,1.34,97.6,5,Samsung Galaxy Watch
FIT-600066,2024-10-23,USR-1204,25-34,Other,HIIT,97,1221.4,11906,117,8.5,0.85,90.4,3,Mi Band
FIT-602288,2024-10-24,USR-1260,25-34,Male,Cycling,100,875.4,13086,85,4.6,3.32,93.9,1,Garmin
FIT-600968,2024-10-24,USR-1202,25-34,Female,Cycling,70,598.3,16587,75,7.4,3.52,67.2,1,Mi Band
FIT-602312,2024-10-24,USR-1023,18-24,Female,Running,14,147.8,11777,107,4.4,1.4,105.4,5,Fitbit
FIT-600034,2024-10-24,USR-1461,45-54,Male,Walking,10,40.0,11122,76,6.6,2.27,95.4,1,Garmin
FIT-603228,2024-10-25,USR-1394,45-54,Female,Cycling,114,865.7,12204,174,7.0,1.62,103.6,3,Garmin
FIT-600315,2024-10-25,USR-1274,18-24,Male,Walking,54,265.7,4427,70,6.2,3.49,86.1,2,Samsung Galaxy Watch
FIT-601319,2024-10-26,USR-1357,18-24,Female,Running,76,801.2,3082,86,4.5,2.99,65.1,2,Mi Band
FIT-601917,2024-10-26,USR-1330,45-54,Male,HIIT,93,1015.2,10414,73,9.4,1.36,64.5,1,Garmin
FIT-602385,2024-10-26,USR-1141,25-34,Female,Strength Training,111,580.5,15926,77,6.3,3.55,55.6,2,Mi Band
FIT-603809,2024-10-26,USR-1292,35-44,Female,Running,102,1122.1,5959,169,7.8,1.0,96.9,5,Apple Watch
FIT-603584,2024-10-26,USR-1079,45-54,Male,Yoga,79,215.1,3909,163,4.0,3.58,104.1,2,Fitbit
FIT-603549,2024-10-26,USR-1268,25-34,Female,Walking,92,400.5,2329,117,4.9,3.44,92.1,3,Fitbit
FIT-603185,2024-10-27,USR-1393,25-34,Male,Swimming,39,358.0,3830,139,4.1,0.99,78.1,4,Apple Watch
FIT-601296,2024-10-27,USR-1215,45-54,Female,Strength Training,52,336.1,13609,158,8.4,2.35,53.5,1,Mi Band
FIT-601326,2024-10-27,USR-1083,25-34,Female,Running,116,1433.6,1517,108,5.6,1.61,108.4,1,Fitbit
FIT-601439,2024-10-27,USR-1478,35-44,Female,Running,94,1027.6,6314,84,7.0,2.93,50.2,1,Apple Watch
FIT-603083,2024-10-27,USR-1196,45-54,Male,Strength Training,33,214.8,625,169,8.5,1.5,65.0,2,Mi Band
FIT-602942,2024-10-27,USR-1387,35-44,Female,Strength Training,13,68.8,13301,138,8.1,0.52,50.8,2,Fitbit
FIT-600750,2024-10-27,USR-1333,45-54,Male,Swimming,19,195.5,6981,137,8.8,2.6,56.0,2,Samsung Galaxy Watch
FIT-602943,2024-10-27,USR-1160,25-34,Male,Cycling,17,115.7,1068,90,5.3,2.06,45.3,4,Apple Watch
FIT-603696,2024-10-27,USR-1468,55+,Male,HIIT,32,362.5,6618,141,6.0,2.89,73.6,3,Fitbit
FIT-603068,2024-10-27,USR-1358,35-44,Female,Swimming,115,907.8,14974,71,8.5,2.04,67.4,1,Samsung Galaxy Watch
FIT-601595,2024-10-27,USR-1441,18-24,Male,Swimming,103,930.0,8127,170,9.2,1.21,107.5,1,Samsung Galaxy Watch
FIT-603639,2024-10-27,USR-1389,25-34,Male,Swimming,38,321.1,6507,97,7.4,1.94,69.5,2,Fitbit
FIT-603963,2024-10-27,USR-1208,55+,Male,HIIT,17,206.8,16197,142,6.7,2.03,100.5,4,Mi Band
FIT-603509,2024-10-28,USR-1206,55+,Female,Yoga,92,283.8,3889,165,7.6,3.06,103.0,1,Garmin
FIT-601582,2024-10-28,USR-1443,55+,Female,Swimming,93,833.6,13673,114,9.5,2.3,94.0,3,Fitbit
FIT-602964,2024-10-28,USR-1399,35-44,Female,Strength Training,50,282.9,6522,119,8.6,1.68,92.4,2,Fitbit
FIT-600935,2024-10-28,USR-1195,25-34,Female,Yoga,113,325.8,5497,169,7.1,0.71,55.9,1,Fitbit
FIT-600280,2024-10-28,USR-1340,25-34,Female,HIIT,47,591.6,17480,114,4.5,3.88,53.5,2,Fitbit
FIT-600536,2024-10-28,USR-1393,35-44,Female,Running,33,387.7,11892,88,6.5,1.98,85.2,5,Apple Watch
FIT-603386,2024-10-28,USR-1457,55+,Female,Swimming,87,869.5,16017,151,5.1,1.0,61.0,2,Apple Watch
FIT-601372,2024-10-29,USR-1255,35-44,Female,Strength Training,79,490.6,17957,67,5.4,1.39,87.7,5,Samsung Galaxy Watch
FIT-600035,2024-10-29,USR-1290,18-24,Female,Yoga,59,166.4,2775,141,6.5,3.74,57.2,4,Apple Watch
FIT-603811,2024-10-30,USR-1252,35-44,Female,Walking,40,196.8,4387,71,7.6,2.22,107.1,4,Samsung Galaxy Watch
FIT-600511,2024-10-30,USR-1346,25-34,Male,Yoga,17,46.1,4236,142,6.6,2.18,90.9,4,Fitbit
FIT-602622,2024-10-30,USR-1110,45-54,Male,Walking,102,482.0,3515,111,6.3,3.45,59.3,3,Apple Watch
FIT-603800,2024-10-30,USR-1419,25-34,Female,Running,18,198.5,7944,173,5.0,3.2,109.4,5,Apple Watch
FIT-600900,2024-10-30,USR-1417,18-24,Male,Cycling,18,126.5,8304,94,7.2,3.33,76.6,2,Mi Band
FIT-603469,2024-10-31,USR-1047,35-44,Male,Swimming,53,489.0,9352,173,8.8,0.71,69.1,4,Mi Band
FIT-601221,2024-10-31,USR-1243,45-54,Male,Yoga,103,349.3,11462,138,6.1,1.42,62.0,4,Mi Band
FIT-602322,2024-10-31,USR-1458,18-24,Female,Swimming,26,218.3,11241,174,9.3,3.2,108.8,5,Samsung Galaxy Watch
FIT-602469,2024-10-31,USR-1473,18-24,Other,Running,110,1328.4,3023,111,5.1,2.18,56.1,3,Garmin
FIT-602115,2024-10-31,USR-1144,25-34,Female,Running,104,1103.6,10069,69,5.5,3.48,99.1,3,Samsung Galaxy Watch
FIT-602631,2024-10-31,USR-1424,18-24,Male,Running,20,235.1,11660,106,6.4,3.78,61.7,1,Samsung Galaxy Watch
FIT-601929,2024-11-01,USR-1058,18-24,Female,Strength Training,99,681.9,6024,162,9.5,1.58,87.0,2,Apple Watch
FIT-600174,2024-11-01,USR-1130,25-34,Male,Running,82,930.9,11271,166,9.4,0.9,67.1,5,Garmin
FIT-603124,2024-11-01,USR-1193,35-44,Male,Walking,66,285.5,14102,153,8.3,0.81,99.8,3,Mi Band
FIT-603781,2024-11-01,USR-1373,18-24,Male,HIIT,115,1224.9,13614,154,6.1,3.71,104.2,3,Apple Watch
FIT-600527,2024-11-01,USR-1284,55+,Male,Strength Training,108,690.3,8108,159,6.8,1.97,72.2,5,Samsung Galaxy Watch
FIT-601100,2024-11-02,USR-1312,35-44,Male,Cycling,93,729.1,9969,160,6.6,0.95,88.4,4,Fitbit
FIT-601718,2024-11-02,USR-1265,25-34,Female,Cycling,38,290.4,12461,91,5.6,0.89,50.0,3,Mi Band
FIT-601186,2024-11-02,USR-1397,55+,Female,Strength Training,45,272.3,6621,79,4.2,3.18,65.1,2,Garmin
FIT-600515,2024-11-03,USR-1328,35-44,Female,Yoga,117,370.9,921,134,7.9,3.64,46.7,5,Garmin
FIT-603653,2024-11-03,USR-1456,45-54,Female,Walking,42,210.5,10888,80,8.8,1.33,56.2,4,Apple Watch
FIT-601995,2024-11-03,USR-1150,25-34,Female,Cycling,98,862.5,9387,110,8.1,3.99,93.9,1,Mi Band
FIT-600607,2024-11-03,USR-1402,55+,Male,Walking,77,324.4,8172,152,7.3,1.18,84.1,3,Samsung Galaxy Watch
FIT-603552,2024-11-03,USR-1074,35-44,Female,Cycling,99,725.8,7369,119,5.8,2.94,50.0,5,Mi Band
FIT-603969,2024-11-03,USR-1407,25-34,Male,Cycling,36,260.4,9506,134,5.2,1.96,87.8,2,Fitbit
FIT-603454,2024-11-04,USR-1349,45-54,Female,Cycling,32,275.7,12005,163,8.4,2.74,55.4,4,Apple Watch
FIT-600251,2024-11-04,USR-1230,25-34,Female,Walking,45,209.0,14970,109,9.3,3.5,69.7,4,Samsung Galaxy Watch
FIT-600669,2024-11-04,USR-1100,25-34,Female,Strength Training,75,419.1,10709,84,8.7,2.92,54.8,2,Garmin
FIT-600738,2024-11-04,USR-1254,45-54,Female,Cycling,46,336.6,13136,118,6.8,3.02,50.5,1,Samsung Galaxy Watch
FIT-601087,2024-11-04,USR-1164,45-54,Male,Cycling,87,663.7,6180,153,4.6,1.48,88.1,2,Fitbit
FIT-601899,2024-11-04,USR-1430,25-34,Male,Swimming,103,1056.0,3596,108,8.4,3.33,59.9,2,Fitbit
FIT-603349,2024-11-04,USR-1201,25-34,Male,Walking,73,372.7,14373,68,9.1,3.52,53.3,4,Garmin
FIT-601211,2024-11-04,USR-1172,18-24,Female,Walking,116,540.2,1452,161,7.5,3.5,89.4,4,Mi Band
FIT-603688,2024-11-05,USR-1389,25-34,Male,HIIT,113,1475.2,7832,93,7.5,2.45,93.4,3,Fitbit
FIT-601768,2024-11-05,USR-1489,25-34,Male,Cycling,108,809.8,14000,168,9.3,0.62,45.1,4,Garmin
FIT-601565,2024-11-05,USR-1188,35-44,Male,Strength Training,105,564.4,7553,88,6.4,3.81,92.9,3,Apple Watch
FIT-600284,2024-11-05,USR-1402,25-34,Male,Cycling,39,314.7,14067,75,9.1,1.17,91.3,4,Mi Band
FIT-602580,2024-11-06,USR-1141,25-34,Female,Walking,75,370.5,12263,170,6.0,0.9,51.5,5,Mi Band
FIT-601623,2024-11-06,USR-1085,35-44,Female,Strength Training,92,592.9,1270,147,5.4,1.64,102.7,1,Mi Band
FIT-603540,2024-11-06,USR-1008,45-54,Female,Walking,105,513.7,1815,156,7.8,1.77,59.3,1,Garmin
FIT-602849,2024-11-06,USR-1105,25-34,Male,Running,13,151.1,7538,168,5.0,3.67,96.3,2,Garmin
FIT-601878,2024-11-06,USR-1221,25-34,Male,Running,11,118.3,6376,153,6.0,1.13,87.4,1,Fitbit
FIT-601262,2024-11-06,USR-1437,25-34,Male,Cycling,40,357.4,16012,142,5.9,2.92,83.4,3,Apple Watch
FIT-603932,2024-11-06,USR-1219,35-44,Male,HIIT,24,283.2,1255,139,9.2,0.65,77.7,5,Fitbit
FIT-600013,2024-11-07,USR-1008,45-54,Female,HIIT,95,996.3,5548,133,4.1,2.31,84.8,5,Apple Watch
FIT-603100,2024-11-07,USR-1313,35-44,Female,Walking,31,157.1,10116,91,7.3,1.01,86.5,2,Samsung Galaxy Watch
FIT-603493,2024-11-08,USR-1345,25-34,Male,Yoga,27,76.0,11972,165,6.3,0.54,61.8,4,Apple Watch
FIT-600677,2024-11-08,USR-1286,18-24,Other,Swimming,27,237.3,4400,160,7.4,0.84,80.4,1,Apple Watch
FIT-603216,2024-11-08,USR-1460,45-54,Female,Walking,87,412.4,1961,146,9.2,0.97,89.4,5,Apple Watch
FIT-600556,2024-11-08,USR-1290,25-34,Male,Cycling,25,193.1,7512,66,9.3,2.75,101.9,2,Fitbit
FIT-600955,2024-11-09,USR-1396,25-34,Male,HIIT,64,824.1,13600,101,4.4,0.55,72.3,2,Garmin
FIT-600225,2024-11-09,USR-1426,18-24,Female,Walking,81,379.9,3515,149,6.4,2.11,79.3,1,Fitbit
FIT-601908,2024-11-09,USR-1414,45-54,Male,HIIT,99,1264.1,12023,103,8.6,0.77,50.1,4,Mi Band
FIT-601200,2024-11-10,USR-1233,25-34,Other,Swimming,33,302.8,2811,165,7.1,2.64,93.9,4,Samsung Galaxy Watch
FIT-601849,2024-11-10,USR-1182,35-44,Male,Running,97,965.4,886,71,5.4,2.45,100.7,4,Apple Watch
FIT-600683,2024-11-10,USR-1375,18-24,Female,Cycling,79,616.1,7737,136,6.1,2.11,62.5,4,Fitbit
FIT-603649,2024-11-10,USR-1240,18-24,Male,HIIT,103,1181.8,15993,133,5.9,1.21,78.2,3,Fitbit
FIT-602465,2024-11-11,USR-1370,45-54,Male,Cycling,56,471.0,11357,174,5.9,2.09,66.2,2,Garmin
FIT-600949,2024-11-11,USR-1477,55+,Male,Swimming,52,453.9,2927,67,8.1,1.07,89.5,1,Mi Band
FIT-600161,2024-11-11,USR-1325,35-44,Male,HIIT,107,1162.7,3052,144,8.2,3.81,62.2,5,Garmin
FIT-603219,2024-11-11,USR-1344,35-44,Other,Yoga,117,394.9,7108,165,6.6,0.56,93.3,5,Garmin
FIT-600680,2024-11-11,USR-1283,55+,Female,Yoga,32,102.7,3747,136,5.9,1.13,59.9,2,Fitbit
FIT-603244,2024-11-11,USR-1190,18-24,Female,Walking,19,74.1,16816,101,7.8,3.63,52.7,1,Garmin
FIT-601169,2024-11-11,USR-1069,45-54,Male,Cycling,62,487.3,4264,132,8.8,2.88,76.1,3,Mi Band
FIT-602759,2024-11-11,USR-1110,35-44,Male,Cycling,80,621.2,10893,94,7.6,2.13,55.0,5,Fitbit
FIT-602236,2024-11-11,USR-1189,25-34,Male,HIIT,19,253.7,17792,161,5.2,2.14,54.2,3,Garmin
FIT-601634,2024-11-11,USR-1445,45-54,Other,Running,54,628.2,11969,70,5.4,1.6,95.1,5,Fitbit
FIT-602369,2024-11-12,USR-1430,18-24,Male,Yoga,97,250.4,16061,81,4.3,0.58,98.6,4,Fitbit
FIT-601009,2024-11-12,USR-1209,18-24,Male,Running,96,1083.0,5837,79,4.4,1.96,106.8,3,Fitbit
FIT-600638,2024-11-12,USR-1305,55+,Male,Strength Training,25,144.2,2900,95,6.0,0.72,46.2,3,Mi Band
FIT-603657,2024-11-12,USR-1000,25-34,Female,Strength Training,25,135.2,11750,158,5.2,3.68,110.0,3,Garmin
FIT-601161,2024-11-13,USR-1085,25-34,Male,Swimming,50,399.9,2624,85,7.7,2.2,69.8,5,Mi Band
FIT-600835,2024-11-13,USR-1049,35-44,Male,Running,105,1204.3,7477,109,7.6,3.28,65.0,5,Mi Band
FIT-601107,2024-11-13,USR-1046,35-44,Male,HIIT,34,417.0,7956,65,8.1,0.62,105.8,3,Garmin
FIT-600986,2024-11-13,USR-1458,55+,Female,Walking,50,222.6,6844,157,7.7,3.2,52.9,5,Apple Watch
FIT-601214,2024-11-14,USR-1401,18-24,Male,Walking,117,572.9,9195,114,5.7,2.86,69.9,4,Mi Band
FIT-601788,2024-11-14,USR-1393,35-44,Male,Swimming,109,878.0,7338,96,7.9,1.63,72.8,4,Samsung Galaxy Watch
FIT-601770,2024-11-14,USR-1185,35-44,Female,HIIT,23,289.7,8982,157,7.0,0.65,70.6,5,Samsung Galaxy Watch
FIT-603208,2024-11-14,USR-1273,25-34,Male,Walking,56,272.7,575,166,8.1,2.32,67.5,2,Apple Watch
FIT-602161,2024-11-15,USR-1450,25-34,Female,Running,78,748.6,3015,95,6.1,3.6,108.6,5,Mi Band
FIT-602070,2024-11-15,USR-1006,18-24,Female,HIIT,90,1155.2,14997,108,7.9,1.39,56.6,2,Mi Band
FIT-602757,2024-11-15,USR-1152,25-34,Other,Cycling,10,86.2,12516,66,5.5,3.64,80.6,2,Samsung Galaxy Watch
FIT-603928,2024-11-15,USR-1184,45-54,Male,Yoga,96,271.0,2294,121,6.2,2.17,59.9,3,Garmin
FIT-600310,2024-11-15,USR-1147,55+,Other,Walking,77,301.8,7908,141,5.0,2.48,89.6,5,Mi Band
FIT-600381,2024-11-15,USR-1491,35-44,Male,Strength Training,47,321.3,12273,104,5.9,1.48,50.5,5,Mi Band
FIT-602767,2024-11-15,USR-1047,18-24,Male,Running,93,900.0,5631,110,4.2,0.97,58.7,3,Garmin
FIT-600230,2024-11-15,USR-1453,25-34,Female,Walking,75,322.8,1442,134,5.2,2.84,91.1,4,Fitbit
FIT-601036,2024-11-15,USR-1024,25-34,Female,Running,32,313.4,10903,158,5.0,3.98,87.7,5,Apple Watch
FIT-603910,2024-11-15,USR-1141,35-44,Male,HIIT,58,626.9,8575,139,5.1,2.27,76.8,1,Fitbit
FIT-602689,2024-11-15,USR-1048,45-54,Male,HIIT,60,772.3,11042,166,4.1,0.93,81.2,1,Mi Band
FIT-603274,2024-11-15,USR-1080,18-24,Female,Running,43,537.4,7906,116,5.2,1.84,69.3,4,Samsung Galaxy Watch
FIT-603291,2024-11-16,USR-1349,35-44,Male,Strength Training,22,145.4,10975,145,8.7,2.2,108.7,4,Samsung Galaxy Watch
FIT-600731,2024-11-16,USR-1078,45-54,Female,HIIT,67,840.4,11121,89,9.1,0.83,75.5,1,Samsung Galaxy Watch
FIT-601901,2024-11-16,USR-1460,35-44,Female,Running,88,882.0,2662,147,9.0,0.78,63.5,4,Garmin
FIT-603276,2024-11-17,USR-1223,25-34,Female,Yoga,21,58.8,1743,153,8.9,1.09,76.0,3,Apple Watch
FIT-600298,2024-11-17,USR-1337,25-34,Male,Running,27,301.8,3947,74,4.8,3.03,109.2,2,Mi Band
FIT-603982,2024-11-17,USR-1148,25-34,Female,Running,89,925.3,15331,76,6.4,0.57,62.9,1,Fitbit
FIT-602895,2024-11-17,USR-1297,25-34,Male,Yoga,17,45.2,2533,152,4.8,3.3,79.9,3,Apple Watch
FIT-602996,2024-11-17,USR-1289,35-44,Male,Swimming,32,316.6,17496,71,5.1,2.43,52.4,2,Mi Band
FIT-602463,2024-11-18,USR-1382,18-24,Male,Running,98,1021.6,1561,77,9.4,0.92,79.4,3,Samsung Galaxy Watch
FIT-603740,2024-11-18,USR-1372,25-34,Female,Yoga,74,190.7,9192,162,6.9,3.12,91.3,4,Fitbit
FIT-600201,2024-11-18,USR-1258,45-54,Male,Walking,31,125.3,3068,86,6.9,1.52,54.5,2,Samsung Galaxy Watch
FIT-601443,2024-11-18,USR-1078,35-44,Female,Walking,110,465.0,10269,138,6.3,3.49,68.7,1,Fitbit
FIT-600146,2024-11-18,USR-1132,55+,Male,Cycling,43,371.4,7123,157,5.2,3.83,109.7,2,Samsung Galaxy Watch
FIT-603446,2024-11-18,USR-1402,35-44,Female,Strength Training,110,595.0,8904,80,7.6,1.57,63.4,1,Fitbit
FIT-602304,2024-11-19,USR-1240,45-54,Male,HIIT,116,1378.4,2884,90,8.6,1.79,51.2,4,Mi Band
FIT-601428,2024-11-19,USR-1240,55+,Male,Yoga,19,52.8,7657,172,9.1,3.6,96.0,3,Apple Watch
FIT-601568,2024-11-19,USR-1292,55+,Male,Walking,60,259.0,9627,137,7.7,1.91,83.7,1,Garmin
FIT-603916,2024-11-19,USR-1443,25-34,Male,Strength Training,117,735.2,9663,129,6.2,1.26,87.1,4,Apple Watch
FIT-603790,2024-11-19,USR-1330,45-54,Male,Walking,34,143.2,5708,73,4.7,1.58,83.0,3,Garmin
FIT-602004,2024-11-19,USR-1317,18-24,Male,Swimming,27,211.3,11228,157,4.4,0.69,68.7,3,Mi Band
FIT-602517,2024-11-19,USR-1331,25-34,Female,Strength Training,105,544.4,16064,95,9.1,1.18,60.1,2,Fitbit
FIT-603887,2024-11-19,USR-1011,18-24,Male,Running,74,745.4,16463,75,6.8,2.0,71.0,1,Apple Watch
FIT-601124,2024-11-20,USR-1394,55+,Female,Swimming,95,959.9,11871,68,4.8,2.05,54.9,1,Fitbit
FIT-603172,2024-11-20,USR-1219,35-44,Male,Cycling,92,774.0,17482,120,6.6,2.31,100.1,3,Samsung Galaxy Watch
FIT-601245,2024-11-20,USR-1473,25-34,Female,HIIT,60,690.3,13751,155,8.7,3.76,104.3,1,Garmin
FIT-600038,2024-11-20,USR-1470,45-54,Male,Walking,76,391.0,17970,146,5.0,2.33,86.8,1,Mi Band
FIT-600524,2024-11-20,USR-1298,18-24,Female,Cycling,98,730.7,13411,73,6.1,0.78,64.9,4,Mi Band
FIT-601561,2024-11-20,USR-1306,25-34,Female,Walking,37,180.8,11136,95,7.1,2.11,64.8,2,Mi Band
FIT-602234,2024-11-20,USR-1286,25-34,Male,Strength Training,94,611.2,572,163,5.9,2.05,60.5,2,Apple Watch
FIT-600496,2024-11-20,USR-1418,45-54,Female,Yoga,22,69.2,8018,132,7.5,2.58,109.2,5,Apple Watch
FIT-602030,2024-11-20,USR-1027,25-34,Male,Yoga,66,214.7,7886,154,6.0,0.8,76.0,4,Samsung Galaxy Watch
FIT-602624,2024-11-21,USR-1082,35-44,Male,Yoga,111,364.2,4496,122,4.7,2.01,62.3,3,Apple Watch
FIT-603788,2024-11-21,USR-1338,18-24,Male,HIIT,27,282.3,9310,129,5.0,0.99,45.8,1,Garmin
FIT-601295,2024-11-21,USR-1006,18-24,Female,Strength Training,28,175.5,9347,164,6.0,0.75,104.0,5,Fitbit
FIT-603659,2024-11-21,USR-1240,45-54,Male,HIIT,59,783.3,4805,158,9.3,1.52,107.6,4,Mi Band
FIT-602607,2024-11-22,USR-1325,25-34,Male,Strength Training,11,61.6,1638,150,5.9,3.43,59.2,1,Samsung Galaxy Watch
FIT-600960,2024-11-22,USR-1169,45-54,Male,Strength Training,13,70.3,14879,140,6.0,1.45,58.7,3,Fitbit
FIT-601909,2024-11-22,USR-1330,35-44,Male,Strength Training,80,517.1,14976,78,6.0,1.06,66.4,2,Fitbit
FIT-600745,2024-11-22,USR-1042,25-34,Female,Cycling,91,830.5,17441,74,6.6,2.92,50.4,5,Garmin
FIT-602554,2024-11-22,USR-1242,35-44,Female,Yoga,106,300.1,6376,65,4.7,1.31,96.3,2,Apple Watch
FIT-601897,2024-11-23,USR-1440,25-34,Female,Cycling,109,916.8,15878,124,5.1,3.95,48.8,4,Fitbit
FIT-600829,2024-11-23,USR-1008,45-54,Female,Walking,103,532.9,4370,163,4.9,2.42,67.8,5,Apple Watch
FIT-603345,2024-11-23,USR-1072,45-54,Male,Walking,102,487.0,10930,159,5.5,1.69,97.7,4,Mi Band
FIT-602982,2024-11-23,USR-1111,25-34,Male,Yoga,93,274.9,3879,116,6.5,3.65,67.4,3,Apple Watch
FIT-601197,2024-11-23,USR-1499,35-44,Female,Running,62,632.6,4884,124,8.8,2.91,100.0,2,Samsung Galaxy Watch
FIT-603669,2024-11-23,USR-1284,45-54,Male,HIIT,46,554.3,15110,101,5.2,1.45,105.2,4,Mi Band
FIT-603038,2024-11-23,USR-1366,18-24,Female,Cycling,78,595.7,10496,138,8.3,2.02,77.7,4,Mi Band
FIT-601069,2024-11-23,USR-1481,35-44,Male,HIIT,99,1140.0,15680,172,7.0,0.74,66.4,2,Apple Watch
FIT-601791,2024-11-24,USR-1130,35-44,Female,Yoga,54,151.9,1519,157,6.1,2.52,100.3,1,Mi Band
FIT-601363,2024-11-24,USR-1040,25-34,Female,Cycling,111,938.0,8262,152,9.0,3.53,106.7,2,Fitbit
FIT-600752,2024-11-24,USR-1195,35-44,Male,Cycling,59,406.6,5000,168,4.0,3.74,70.5,2,Apple Watch
FIT-603401,2024-11-24,USR-1114,25-34,Female,Swimming,27,259.8,4005,169,7.7,2.37,90.1,1,Fitbit
FIT-600078,2024-11-24,USR-1362,35-44,Female,Strength Training,37,235.8,12769,128,4.3,2.11,60.5,1,Mi Band
FIT-601996,2024-11-24,USR-1011,35-44,Female,Strength Training,19,128.1,505,74,6.2,1.86,78.3,1,Fitbit
FIT-602293,2024-11-25,USR-1296,45-54,Male,Yoga,113,346.4,16450,110,5.9,3.02,105.3,4,Mi Band
FIT-601610,2024-11-25,USR-1236,25-34,Male,HIIT,54,734.3,2884,144,5.5,0.91,100.0,3,Fitbit
FIT-601742,2024-11-25,USR-1088,25-34,Female,Running,111,1161.7,1215,72,8.4,1.97,64.6,3,Mi Band
FIT-603258,2024-11-25,USR-1373,25-34,Female,Running,74,773.1,9727,77,6.5,1.8,64.4,3,Fitbit
FIT-603070,2024-11-25,USR-1014,18-24,Male,Cycling,83,604.1,10678,101,8.0,0.64,67.6,3,Apple Watch
FIT-603635,2024-11-25,USR-1481,25-34,Female,Strength Training,18,111.4,17144,113,4.1,0.52,59.9,1,Mi Band
FIT-601558,2024-11-25,USR-1073,25-34,Male,Strength Training,78,415.7,14492,88,5.7,4.0,68.4,3,Apple Watch
FIT-602966,2024-11-27,USR-1376,35-44,Male,HIIT,79,1034.3,13690,120,6.3,3.9,77.3,5,Apple Watch
FIT-603248,2024-11-27,USR-1428,45-54,Female,HIIT,119,1340.9,16023,112,5.4,3.41,47.7,3,Mi Band
FIT-601316,2024-11-27,USR-1429,45-54,Female,Running,42,415.3,3641,92,5.4,1.31,86.1,1,Apple Watch
FIT-601299,2024-11-28,USR-1419,18-24,Female,Running,18,224.6,5349,75,6.7,2.82,93.4,5,Samsung Galaxy Watch
FIT-601895,2024-11-28,USR-1350,45-54,Female,Strength Training,25,151.6,14717,126,9.1,2.3,56.0,1,Mi Band
FIT-601974,2024-11-28,USR-1141,18-24,Female,Yoga,88,248.8,1419,88,8.2,1.57,49.6,2,Garmin
FIT-603314,2024-11-28,USR-1415,35-44,Male,Walking,104,427.8,3238,140,9.0,3.32,99.3,4,Garmin
FIT-601678,2024-11-28,USR-1117,18-24,Male,Walking,118,579.6,11858,83,8.4,3.69,100.6,2,Mi Band
FIT-603142,2024-11-28,USR-1327,35-44,Female,Walking,52,224.6,8090,101,8.2,3.28,47.8,2,Apple Watch
FIT-601174,2024-11-28,USR-1385,18-24,Female,Yoga,115,355.2,5989,157,9.1,3.64,56.5,1,Fitbit
FIT-602019,2024-11-28,USR-1054,35-44,Male,Walking,80,327.8,13782,110,8.7,2.7,104.3,3,Mi Band
FIT-601098,2024-11-29,USR-1079,18-24,Female,Swimming,19,151.4,11274,132,9.0,2.59,99.9,4,Fitbit
FIT-600285,2024-11-29,USR-1368,25-34,Male,Cycling,112,960.5,9775,135,6.5,3.75,90.2,2,Fitbit
FIT-601376,2024-11-29,USR-1271,45-54,Female,Swimming,60,552.3,5495,72,5.3,2.51,56.6,2,Samsung Galaxy Watch
FIT-600242,2024-11-29,USR-1015,35-44,Female,Strength Training,21,121.5,1680,159,5.6,1.35,106.8,5,Garmin
FIT-600297,2024-11-29,USR-1471,25-34,Female,Walking,70,300.6,9529,141,4.3,2.65,71.0,5,Fitbit
FIT-601793,2024-11-29,USR-1409,25-34,Female,Strength Training,105,637.7,2278,169,6.6,0.82,74.5,4,Fitbit
FIT-601941,2024-11-29,USR-1455,35-44,Male,Yoga,31,87.0,6459,134,9.4,1.56,106.8,2,Mi Band
FIT-603606,2024-11-30,USR-1277,18-24,Female,Swimming,39,311.8,9194,78,5.8,2.42,79.5,3,Garmin
FIT-600214,2024-11-30,USR-1018,35-44,Male,Cycling,43,340.5,17198,70,5.7,2.57,46.5,5,Apple Watch
FIT-601932,2024-11-30,USR-1081,25-34,Female,Walking,56,255.1,4241,138,4.4,3.61,99.0,5,Samsung Galaxy Watch
FIT-600514,2024-11-30,USR-1365,35-44,Female,HIIT,30,318.2,9635,166,8.4,3.22,93.8,3,Mi Band
FIT-601112,2024-11-30,USR-1102,18-24,Male,Cycling,75,514.5,17013,161,5.4,3.06,96.2,2,Fitbit
FIT-602380,2024-11-30,USR-1083,35-44,Male,Strength Training,32,202.0,13346,67,6.9,3.06,52.4,1,Apple Watch
FIT-600649,2024-11-30,USR-1059,18-24,Male,Running,106,1025.9,14114,156,6.9,1.37,97.4,4,Samsung Galaxy Watch
FIT-603032,2024-11-30,USR-1012,25-34,Female,Strength Training,11,58.4,1395,70,5.0,2.11,55.8,1,Samsung Galaxy Watch
FIT-602699,2024-11-30,USR-1311,25-34,Male,HIIT,79,1081.5,16049,173,5.5,2.06,91.6,5,Fitbit
FIT-603207,2024-12-01,USR-1497,35-44,Male,HIIT,93,1157.2,3680,122,5.0,2.08,97.0,2,Samsung Galaxy Watch
FIT-603958,2024-12-01,USR-1465,25-34,Male,Running,25,275.2,12653,137,6.1,3.68,98.4,2,Fitbit
FIT-603335,2024-12-01,USR-1267,18-24,Male,Walking,83,417.5,17393,98,8.2,2.55,108.6,1,Garmin
FIT-600578,2024-12-01,USR-1239,45-54,Female,Cycling,40,311.9,14261,100,4.1,2.38,53.6,1,Garmin
FIT-600239,2024-12-01,USR-1499,18-24,Male,Swimming,27,274.4,17828,65,4.3,3.07,91.1,1,Fitbit
FIT-600871,2024-12-02,USR-1283,35-44,Male,Swimming,117,973.1,12282,79,5.7,0.85,97.8,1,Mi Band
FIT-601456,2024-12-02,USR-1372,45-54,Female,Yoga,44,116.3,11466,134,7.5,2.21,67.5,2,Apple Watch
FIT-602642,2024-12-02,USR-1339,25-34,Male,Yoga,15,38.7,11595,97,8.1,3.99,98.0,5,Garmin
FIT-603863,2024-12-02,USR-1330,25-34,Male,Swimming,78,766.6,13630,121,5.7,0.53,98.3,5,Garmin
FIT-603261,2024-12-02,USR-1409,55+,Female,Running,97,1170.0,13629,129,6.7,3.3,105.7,1,Fitbit
FIT-602768,2024-12-02,USR-1210,45-54,Male,Yoga,115,357.9,12256,80,7.0,0.7,69.1,2,Apple Watch
FIT-602824,2024-12-02,USR-1036,25-34,Male,Swimming,61,487.6,7155,82,4.4,1.11,108.2,1,Fitbit
FIT-603109,2024-12-03,USR-1010,18-24,Male,Yoga,84,262.4,8246,122,6.1,2.02,104.8,2,Mi Band
FIT-603872,2024-12-03,USR-1123,35-44,Male,Walking,85,377.7,7093,87,7.7,1.25,78.1,3,Mi Band
FIT-600812,2024-12-03,USR-1293,45-54,Female,Yoga,82,253.7,1678,164,8.8,1.22,95.0,4,Mi Band
FIT-600914,2024-12-03,USR-1297,18-24,Male,Cycling,17,117.8,8110,140,6.9,3.91,101.7,1,Garmin
FIT-600727,2024-12-04,USR-1157,55+,Male,HIIT,48,567.8,14388,108,4.7,0.99,69.4,4,Mi Band
FIT-602071,2024-12-04,USR-1119,25-34,Male,Swimming,57,487.6,6417,108,4.5,3.26,102.7,3,Samsung Galaxy Watch
FIT-601432,2024-12-04,USR-1050,18-24,Female,Strength Training,95,621.5,16000,128,9.1,1.26,91.9,2,Samsung Galaxy Watch
FIT-600642,2024-12-04,USR-1444,35-44,Male,Strength Training,109,682.4,11528,166,6.1,1.14,69.8,5,Mi Band
FIT-602175,2024-12-04,USR-1391,55+,Male,Yoga,53,163.1,2509,97,9.3,2.16,51.3,3,Fitbit
FIT-602803,2024-12-04,USR-1460,55+,Female,Cycling,45,325.9,16193,113,5.9,0.65,92.9,3,Fitbit
FIT-603417,2024-12-04,USR-1102,55+,Female,Yoga,41,114.3,12939,109,7.6,2.8,84.7,3,Samsung Galaxy Watch
FIT-601879,2024-12-04,USR-1009,18-24,Male,Strength Training,106,579.9,3061,77,5.5,1.97,96.4,5,Garmin
FIT-603061,2024-12-04,USR-1091,45-54,Male,HIIT,117,1413.9,7503,150,6.1,2.96,49.4,1,Mi Band
FIT-603324,2024-12-04,USR-1000,25-34,Male,Yoga,110,336.1,6882,82,5.1,2.38,69.1,4,Fitbit
FIT-601082,2024-12-04,USR-1007,35-44,Female,Running,104,1090.6,3011,97,4.6,2.63,104.0,1,Samsung Galaxy Watch
FIT-600162,2024-12-04,USR-1466,55+,Male,Cycling,103,836.5,6274,149,4.7,2.48,55.5,5,Garmin
FIT-603361,2024-12-04,USR-1008,25-34,Male,Running,22,225.8,9855,75,6.0,3.77,93.3,2,Fitbit
FIT-601934,2024-12-04,USR-1225,45-54,Female,HIIT,83,1068.5,2085,154,5.5,1.89,92.8,3,Samsung Galaxy Watch
FIT-600668,2024-12-04,USR-1108,55+,Male,Strength Training,27,181.5,4508,160,4.0,2.6,76.1,4,Apple Watch
FIT-601566,2024-12-04,USR-1269,18-24,Male,Yoga,109,340.6,6716,171,6.3,1.55,45.6,3,Fitbit
FIT-600861,2024-12-05,USR-1298,25-34,Male,Swimming,68,702.4,3722,136,6.5,0.74,80.0,3,Garmin
FIT-601654,2024-12-05,USR-1492,55+,Male,Strength Training,64,380.0,1356,146,5.2,2.92,49.2,4,Samsung Galaxy Watch
FIT-603230,2024-12-05,USR-1060,55+,Male,Strength Training,27,176.3,3033,174,4.0,3.35,51.9,1,Apple Watch
FIT-601004,2024-12-05,USR-1242,25-34,Male,Yoga,94,253.4,8047,119,4.1,0.61,87.6,1,Garmin
FIT-601689,2024-12-05,USR-1492,25-34,Male,HIIT,117,1492.3,4665,116,7.9,3.31,94.8,2,Garmin
FIT-602292,2024-12-06,USR-1270,55+,Female,Yoga,112,324.2,7628,75,9.4,3.84,105.5,2,Apple Watch
FIT-603158,2024-12-06,USR-1142,35-44,Female,Swimming,18,182.2,7918,147,6.8,3.96,86.5,2,Garmin
FIT-603802,2024-12-06,USR-1437,55+,Male,Running,42,399.0,9136,129,9.1,0.52,102.7,1,Apple Watch
FIT-602355,2024-12-06,USR-1480,25-34,Female,HIIT,67,728.9,3328,122,7.0,3.01,97.0,5,Mi Band
FIT-600522,2024-12-06,USR-1352,18-24,Female,Strength Training,116,689.7,5271,71,8.5,3.64,60.5,2,Apple Watch
FIT-600924,2024-12-06,USR-1158,35-44,Female,Yoga,13,44.6,12682,85,5.6,1.8,86.8,5,Apple Watch
FIT-603993,2024-12-07,USR-1016,25-34,Female,Walking,67,281.7,9350,102,5.9,2.12,85.8,1,Samsung Galaxy Watch
FIT-602012,2024-12-07,USR-1338,35-44,Male,HIIT,74,798.9,8270,71,9.1,2.98,86.7,1,Apple Watch
FIT-603889,2024-12-07,USR-1225,35-44,Female,Cycling,75,566.6,14606,102,4.8,0.73,106.5,2,Samsung Galaxy Watch
FIT-603914,2024-12-07,USR-1211,25-34,Female,Swimming,112,943.5,4302,67,6.4,2.41,85.3,1,Fitbit
FIT-601236,2024-12-08,USR-1050,55+,Female,HIIT,17,220.3,3088,114,5.9,0.55,82.4,2,Garmin
FIT-602775,2024-12-08,USR-1125,18-24,Female,Yoga,70,232.9,8890,124,6.2,2.21,79.0,5,Apple Watch
FIT-600941,2024-12-08,USR-1012,18-24,Male,Strength Training,81,477.7,16701,119,6.6,2.13,60.9,1,Garmin
FIT-602974,2024-12-08,USR-1170,25-34,Female,Yoga,45,146.8,8773,171,4.2,2.2,48.0,2,Apple Watch
FIT-601276,2024-12-09,USR-1306,18-24,Male,Running,94,880.8,5864,159,4.3,3.57,91.8,1,Samsung Galaxy Watch
FIT-603796,2024-12-09,USR-1391,25-34,Female,Strength Training,23,141.8,10347,84,6.1,1.31,108.7,3,Apple Watch
FIT-603352,2024-12-09,USR-1154,35-44,Female,Running,48,551.1,10463,75,7.2,2.29,100.9,5,Fitbit
FIT-600777,2024-12-10,USR-1430,25-34,Female,Strength Training,41,270.4,13199,100,8.9,1.18,58.4,3,Samsung Galaxy Watch
FIT-603129,2024-12-10,USR-1140,35-44,Female,Walking,58,293.0,1755,141,6.5,3.74,105.9,5,Samsung Galaxy Watch
FIT-600988,2024-12-10,USR-1054,18-24,Female,Cycling,102,826.5,1818,84,5.4,3.26,98.4,1,Garmin
FIT-602863,2024-12-10,USR-1252,45-54,Female,Cycling,16,135.1,12730,76,8.4,1.17,77.4,3,Fitbit
FIT-600502,2024-12-10,USR-1252,25-34,Male,Cycling,117,846.2,2702,94,6.1,3.75,50.4,1,Samsung Galaxy Watch
FIT-603236,2024-12-10,USR-1190,25-34,Male,Walking,10,49.1,11778,98,4.8,2.06,50.3,5,Samsung Galaxy Watch
FIT-601875,2024-12-10,USR-1420,18-24,Male,HIIT,116,1192.1,12210,91,8.5,1.24,86.9,1,Garmin
FIT-603190,2024-12-11,USR-1126,25-34,Other,HIIT,18,232.2,17143,148,9.0,2.04,53.0,3,Fitbit
FIT-602456,2024-12-11,USR-1100,45-54,Female,Cycling,108,863.0,4239,110,4.5,1.48,95.7,1,Mi Band
FIT-600182,2024-12-11,USR-1363,45-54,Male,Running,77,732.8,12675,110,6.1,0.77,72.8,4,Mi Band
FIT-600417,2024-12-11,USR-1025,45-54,Male,Running,49,546.8,6311,126,6.5,1.66,65.0,2,Apple Watch
FIT-603298,2024-12-11,USR-1494,35-44,Male,Walking,21,81.1,6801,163,8.5,0.68,108.7,5,Mi Band
FIT-601829,2024-12-11,USR-1443,25-34,Male,Strength Training,101,582.5,15250,168,7.4,1.74,87.5,1,Fitbit
FIT-601506,2024-12-11,USR-1007,35-44,Male,Yoga,111,294.6,2345,139,5.7,1.63,97.0,3,Fitbit
FIT-603439,2024-12-11,USR-1097,25-34,Female,Swimming,53,535.2,14687,92,7.5,1.12,86.4,5,Samsung Galaxy Watch
FIT-600123,2024-12-12,USR-1288,25-34,Female,Cycling,72,629.0,7689,105,7.6,3.83,103.8,3,Apple Watch
FIT-600975,2024-12-12,USR-1135,18-24,Female,HIIT,17,225.7,10381,157,7.4,0.7,57.4,2,Garmin
FIT-603919,2024-12-12,USR-1119,25-34,Male,Running,30,284.4,9168,161,8.1,2.3,100.2,2,Apple Watch
FIT-601473,2024-12-12,USR-1469,18-24,Female,Cycling,38,337.6,3222,128,6.9,1.48,76.6,1,Samsung Galaxy Watch
FIT-603879,2024-12-13,USR-1222,35-44,Female,Swimming,93,905.5,2205,73,6.6,2.02,68.6,1,Garmin
FIT-600808,2024-12-13,USR-1172,55+,Female,Strength Training,78,413.4,16267,75,9.0,1.35,59.7,3,Garmin
FIT-601195,2024-12-13,USR-1441,25-34,Male,Running,57,690.8,16732,146,8.9,1.21,87.2,5,Mi Band
FIT-603532,2024-12-13,USR-1263,55+,Male,HIIT,59,746.9,1685,93,7.5,2.35,80.8,2,Garmin
FIT-603525,2024-12-13,USR-1138,25-34,Male,Walking,118,587.9,17475,140,4.1,0.65,100.5,1,Garmin
FIT-602659,2024-12-13,USR-1196,35-44,Male,Running,97,994.2,1759,137,5.5,2.3,55.9,2,Mi Band
FIT-603271,2024-12-14,USR-1090,18-24,Female,Running,53,543.0,9143,166,4.2,1.95,50.9,2,Apple Watch
FIT-601408,2024-12-14,USR-1315,55+,Male,Yoga,104,356.7,8173,174,5.2,2.25,45.2,1,Fitbit
FIT-601073,2024-12-14,USR-1078,18-24,Female,Cycling,80,572.0,14366,105,4.2,1.77,106.2,1,Mi Band
FIT-603178,2024-12-14,USR-1315,25-34,Male,Swimming,70,538.3,2391,174,7.6,0.53,86.6,3,Garmin
FIT-602250,2024-12-14,USR-1212,25-34,Male,Cycling,112,819.8,5447,123,9.3,1.77,69.5,5,Mi Band
FIT-603676,2024-12-14,USR-1008,35-44,Male,Cycling,33,247.9,8785,172,4.2,1.23,97.6,1,Mi Band
FIT-602425,2024-12-14,USR-1265,55+,Male,Walking,29,114.8,14272,76,8.9,1.97,79.8,1,Apple Watch
FIT-601734,2024-12-14,USR-1252,25-34,Female,Walking,96,423.7,11671,119,9.1,0.78,90.9,5,Samsung Galaxy Watch
FIT-603739,2024-12-14,USR-1128,18-24,Male,Running,104,999.9,13159,121,8.6,2.74,96.4,2,Mi Band
FIT-600978,2024-12-15,USR-1447,25-34,Male,Running,100,1032.7,530,88,9.3,0.81,57.4,2,Apple Watch
FIT-600025,2024-12-15,USR-1140,35-44,Male,HIIT,55,561.2,924,99,6.6,3.12,67.9,5,Garmin
FIT-600700,2024-12-15,USR-1186,25-34,Female,Strength Training,95,558.9,9154,104,7.5,0.72,63.0,3,Mi Band
FIT-601564,2024-12-16,USR-1319,25-34,Female,Swimming,41,333.6,3375,167,9.2,1.92,66.8,5,Apple Watch
FIT-600844,2024-12-16,USR-1111,35-44,Male,HIIT,37,498.7,7818,160,5.6,3.89,77.1,4,Fitbit
FIT-602783,2024-12-16,USR-1274,35-44,Male,Walking,38,172.6,9016,152,4.0,2.56,84.0,5,Mi Band
FIT-603059,2024-12-16,USR-1122,25-34,Female,Walking,58,284.8,14422,172,4.6,2.52,85.4,5,Garmin
FIT-600822,2024-12-16,USR-1375,35-44,Female,Swimming,47,398.2,5652,71,8.0,1.94,98.1,3,Mi Band
FIT-603073,2024-12-17,USR-1449,25-34,Male,HIIT,87,1047.6,653,89,8.6,2.97,71.6,2,Garmin
FIT-603968,2024-12-17,USR-1313,45-54,Male,Strength Training,108,650.3,14484,127,7.6,3.87,99.5,1,Fitbit
FIT-600851,2024-12-17,USR-1323,35-44,Female,Yoga,28,77.9,14682,133,5.8,1.69,61.6,4,Garmin
FIT-601911,2024-12-17,USR-1222,35-44,Male,HIIT,89,1214.3,7223,111,4.4,2.39,73.0,4,Apple Watch
FIT-603312,2024-12-18,USR-1221,45-54,Male,Running,98,1233.6,3098,95,4.7,0.73,78.0,4,Samsung Galaxy Watch
FIT-601946,2024-12-18,USR-1260,25-34,Male,Strength Training,36,196.9,17600,84,5.3,3.98,53.4,1,Samsung Galaxy Watch
FIT-602688,2024-12-18,USR-1322,35-44,Male,Running,78,894.3,10694,65,8.3,0.52,85.8,4,Garmin
FIT-603799,2024-12-18,USR-1182,18-24,Female,Strength Training,50,307.5,6784,119,5.2,3.12,68.5,3,Fitbit
FIT-603473,2024-12-19,USR-1189,18-24,Male,Walking,74,372.6,15613,104,7.5,1.39,90.3,1,Fitbit
FIT-602648,2024-12-19,USR-1460,18-24,Male,Swimming,116,1068.1,826,154,5.4,3.75,48.7,2,Mi Band
FIT-600672,2024-12-19,USR-1122,25-34,Male,Strength Training,107,629.4,13268,89,6.3,3.2,109.0,1,Apple Watch
FIT-600082,2024-12-20,USR-1177,25-34,Male,Strength Training,91,612.4,14401,164,4.9,1.08,62.3,4,Apple Watch
FIT-601446,2024-12-20,USR-1258,35-44,Male,Yoga,119,361.4,1262,92,4.3,0.82,96.4,3,Garmin
FIT-601297,2024-12-20,USR-1090,25-34,Male,Walking,10,51.4,10560,152,9.0,2.59,71.7,4,Garmin
FIT-600011,2024-12-20,USR-1350,45-54,Female,Running,112,1292.6,10737,84,7.2,3.61,57.8,3,Apple Watch
FIT-603908,2024-12-20,USR-1241,35-44,Male,HIIT,38,505.4,12996,140,4.3,1.91,106.8,3,Mi Band
FIT-603820,2024-12-20,USR-1372,35-44,Male,Running,86,954.6,4392,125,4.5,3.22,66.4,3,Garmin
FIT-600594,2024-12-20,USR-1333,55+,Male,Walking,19,94.9,5995,172,5.0,2.2,57.7,3,Samsung Galaxy Watch
FIT-602906,2024-12-21,USR-1133,35-44,Female,Swimming,68,610.5,14670,95,7.0,1.78,87.7,2,Fitbit
FIT-602764,2024-12-21,USR-1482,25-34,Female,Strength Training,113,762.8,3892,120,5.7,1.86,101.6,2,Fitbit
FIT-603754,2024-12-21,USR-1045,35-44,Female,Yoga,98,282.2,17743,165,4.3,3.09,88.5,4,Mi Band
FIT-601015,2024-12-21,USR-1144,25-34,Female,Cycling,98,867.7,17957,164,7.5,1.59,50.7,1,Apple Watch
FIT-600291,2024-12-21,USR-1385,25-34,Male,Swimming,78,674.3,10959,66,5.6,3.06,54.4,3,Mi Band
FIT-603974,2024-12-22,USR-1313,45-54,Male,Swimming,54,558.6,5525,138,6.4,2.68,96.4,5,Mi Band
FIT-602601,2024-12-22,USR-1399,45-54,Male,Swimming,91,702.7,13544,80,4.6,0.95,95.1,4,Fitbit
FIT-603160,2024-12-22,USR-1032,25-34,Female,Walking,43,203.3,14240,102,4.5,2.93,105.6,5,Apple Watch
FIT-600202,2024-12-22,USR-1276,18-24,Female,Cycling,72,580.8,14374,112,5.5,3.78,95.2,1,Fitbit
FIT-603761,2024-12-23,USR-1025,35-44,Male,HIIT,41,509.3,8080,70,6.5,1.55,74.1,1,Samsung Galaxy Watch
FIT-600213,2024-12-23,USR-1291,25-34,Male,Strength Training,99,641.5,13383,147,8.8,3.91,82.4,3,Mi Band
FIT-601451,2024-12-23,USR-1428,35-44,Male,Cycling,21,186.1,744,74,5.5,1.85,97.4,2,Mi Band
FIT-603970,2024-12-23,USR-1244,45-54,Female,Yoga,78,216.0,5134,107,8.6,0.85,57.1,1,Fitbit
FIT-602235,2024-12-23,USR-1117,18-24,Male,Swimming,119,1203.4,8953,147,6.9,1.88,80.9,2,Mi Band
FIT-603617,2024-12-23,USR-1028,18-24,Female,Yoga,95,246.6,10657,120,5.1,2.69,95.1,2,Mi Band
FIT-603575,2024-12-24,USR-1193,18-24,Male,HIIT,46,557.9,12868,163,6.7,2.47,106.9,2,Fitbit
FIT-603554,2024-12-24,USR-1145,25-34,Female,Swimming,71,677.0,4039,97,4.6,2.31,83.1,1,Fitbit
FIT-602651,2024-12-24,USR-1235,25-34,Male,Swimming,86,701.1,6677,135,8.6,0.8,98.0,1,Samsung Galaxy Watch
FIT-601759,2024-12-24,USR-1111,35-44,Female,HIIT,85,1011.1,6506,169,4.6,3.31,85.6,3,Samsung Galaxy Watch
FIT-603986,2024-12-24,USR-1349,18-24,Female,HIIT,60,621.4,13603,93,4.9,2.27,86.0,2,Apple Watch
FIT-600032,2024-12-25,USR-1385,45-54,Female,Running,94,1075.7,8854,78,9.0,1.89,97.9,1,Samsung Galaxy Watch
FIT-602753,2024-12-25,USR-1166,35-44,Female,Strength Training,90,558.7,14960,146,4.4,2.78,90.0,5,Garmin
FIT-600903,2024-12-25,USR-1396,18-24,Male,Swimming,36,330.1,1220,65,7.4,3.89,90.0,2,Apple Watch
FIT-601705,2024-12-25,USR-1279,25-34,Female,Yoga,66,194.2,3317,69,5.4,1.08,78.8,1,Apple Watch
FIT-601991,2024-12-25,USR-1325,45-54,Male,Cycling,97,860.7,8308,124,6.2,1.62,69.3,4,Mi Band
FIT-601418,2024-12-26,USR-1222,55+,Male,Yoga,75,216.4,5650,98,7.2,2.85,103.5,4,Samsung Galaxy Watch
FIT-603852,2024-12-26,USR-1444,35-44,Female,Yoga,69,203.3,725,163,4.6,2.78,46.6,2,Fitbit
FIT-603894,2024-12-26,USR-1163,25-34,Male,HIIT,57,776.7,12852,101,5.1,3.38,108.8,1,Samsung Galaxy Watch
FIT-602038,2024-12-26,USR-1239,45-54,Female,Swimming,102,800.3,6669,89,8.5,1.5,95.6,4,Fitbit
FIT-603763,2024-12-27,USR-1241,35-44,Male,Strength Training,51,266.2,14110,99,5.2,2.22,70.8,3,Mi Band
FIT-601714,2024-12-27,USR-1471,18-24,Female,Walking,18,84.2,16618,141,5.8,1.7,71.8,4,Fitbit
FIT-602717,2024-12-27,USR-1363,35-44,Male,Running,11,125.0,12918,166,7.7,1.4,45.1,5,Apple Watch
FIT-602215,2024-12-27,USR-1447,25-34,Male,Running,81,848.2,6354,125,4.5,3.39,56.0,2,Fitbit
FIT-602131,2024-12-27,USR-1303,18-24,Female,Running,71,797.3,16456,71,7.9,3.98,103.6,1,Apple Watch
FIT-603119,2024-12-27,USR-1134,35-44,Female,Walking,62,299.7,12317,135,4.0,0.73,71.2,3,Samsung Galaxy Watch
FIT-601650,2024-12-27,USR-1457,18-24,Male,Yoga,76,195.8,6763,144,4.8,2.17,78.4,1,Fitbit
FIT-601811,2024-12-27,USR-1364,55+,Female,Cycling,52,440.7,17322,138,7.8,1.48,51.1,2,Apple Watch
FIT-602050,2024-12-27,USR-1013,25-34,Female,Running,52,497.5,16488,157,5.8,3.3,55.9,3,Fitbit
FIT-601648,2024-12-27,USR-1497,25-34,Female,Yoga,19,54.8,4516,124,5.7,2.4,82.8,5,Mi Band
FIT-602980,2024-12-28,USR-1269,18-24,Male,HIIT,33,359.0,16783,152,9.0,3.63,89.3,4,Apple Watch
FIT-602157,2024-12-28,USR-1459,35-44,Female,Running,78,789.6,17962,156,6.3,1.36,108.0,5,Garmin
FIT-600507,2024-12-28,USR-1010,35-44,Female,Swimming,56,546.4,11476,81,6.0,3.27,81.3,5,Samsung Galaxy Watch
FIT-600934,2024-12-28,USR-1223,25-34,Male,Swimming,29,248.9,13281,109,5.9,2.85,106.0,2,Samsung Galaxy Watch
FIT-601102,2024-12-28,USR-1092,18-24,Female,HIIT,52,565.6,7359,80,7.8,0.87,54.8,5,Samsung Galaxy Watch
FIT-603295,2024-12-28,USR-1151,25-34,Female,Walking,76,383.3,5549,101,5.7,3.33,106.3,4,Apple Watch
FIT-600014,2024-12-28,USR-1419,55+,Female,Strength Training,52,304.1,4745,70,7.1,0.56,81.1,1,Apple Watch
FIT-601652,2024-12-29,USR-1147,25-34,Female,Swimming,93,787.7,14476,125,9.5,3.24,56.5,5,Apple Watch
FIT-602089,2024-12-29,USR-1194,25-34,Female,Cycling,115,1015.2,11665,96,7.6,3.81,77.3,5,Fitbit
FIT-601279,2024-12-29,USR-1417,18-24,Female,Swimming,48,446.3,6469,133,7.5,0.67,77.8,5,Samsung Galaxy Watch
FIT-600814,2024-12-29,USR-1202,45-54,Other,HIIT,32,371.4,3365,82,7.1,2.43,45.6,5,Mi Band
FIT-600741,2024-12-29,USR-1296,25-34,Male,Running,42,414.9,11959,113,6.2,0.92,103.4,5,Fitbit
FIT-600820,2024-12-29,USR-1034,18-24,Male,Strength Training,97,576.2,2434,113,9.0,3.5,109.1,4,Samsung Galaxy Watch
FIT-600933,2024-12-30,USR-1427,35-44,Male,Cycling,116,860.5,13178,76,7.2,2.07,85.9,3,Fitbit
FIT-602686,2024-12-30,USR-1324,25-34,Female,Running,55,645.3,8949,169,8.3,3.64,98.2,1,Samsung Galaxy Watch
FIT-600472,2024-12-30,USR-1282,18-24,Male,HIIT,82,1074.7,12410,147,7.7,1.02,79.8,4,Apple Watch
FIT-600004,2024-12-30,USR-1241,35-44,Male,Strength Training,54,354.5,4448,172,9.1,3.78,103.8,1,Apple Watch
FIT-601862,2024-12-31,USR-1458,45-54,Male,Walking,12,58.0,581,88,9.2,0.87,47.7,5,Garmin
FIT-602778,2024-12-31,USR-1205,45-54,Female,Swimming,88,762.9,5937,137,8.6,1.46,103.5,2,Apple Watch
FIT-603410,2024-12-31,USR-1139,25-34,Male,HIIT,63,849.8,16588,81,9.1,0.91,93.0,3,Garmin
FIT-603634,2024-12-31,USR-1339,18-24,Male,Yoga,82,234.9,16167,145,6.1,1.0,62.7,5,Garmin
FIT-602417,2024-12-31,USR-1076,35-44,Female,Running,104,1236.8,9010,67,7.8,1.13,59.1,5,Mi Band
FIT-601831,2025-01-01,USR-1215,18-24,Female,Strength Training,47,301.2,6342,70,6.1,3.15,73.5,5,Samsung Galaxy Watch
FIT-602085,2025-01-01,USR-1375,35-44,Female,Swimming,94,731.3,16386,115,8.7,0.9,107.7,4,Mi Band
FIT-603250,2025-01-01,USR-1025,25-34,Female,Cycling,96,740.3,5537,101,5.7,3.24,86.7,5,Mi Band
FIT-600624,2025-01-02,USR-1243,55+,Male,Running,67,647.3,11995,68,8.3,0.95,62.6,4,Garmin
FIT-600485,2025-01-02,USR-1012,18-24,Male,Running,116,1268.7,8913,138,9.3,3.83,78.0,3,Apple Watch
FIT-601115,2025-01-02,USR-1165,18-24,Female,Swimming,102,1033.4,17883,87,6.7,2.06,47.9,4,Garmin
FIT-601906,2025-01-03,USR-1126,35-44,Male,Running,118,1403.6,14225,164,6.1,1.24,101.3,5,Fitbit
FIT-601642,2025-01-03,USR-1296,25-34,Male,Cycling,101,790.7,15475,96,9.3,0.66,49.0,3,Garmin
FIT-603709,2025-01-03,USR-1279,35-44,Male,HIIT,102,1207.9,13096,93,8.4,2.76,102.9,1,Mi Band
FIT-600151,2025-01-04,USR-1121,55+,Male,Yoga,37,109.4,14512,170,8.6,0.84,74.1,1,Mi Band
FIT-600746,2025-01-04,USR-1125,25-34,Male,HIIT,25,261.9,17536,114,8.0,4.0,98.2,3,Garmin
FIT-600088,2025-01-04,USR-1269,18-24,Male,Running,70,704.7,6035,81,4.6,2.58,54.6,4,Apple Watch
FIT-600532,2025-01-04,USR-1383,18-24,Female,Running,21,231.3,7934,122,4.7,1.66,71.8,2,Fitbit
FIT-600709,2025-01-05,USR-1141,55+,Female,Running,111,1199.7,13222,120,7.5,1.51,85.7,5,Fitbit
FIT-602324,2025-01-06,USR-1339,25-34,Male,Cycling,56,502.5,10124,106,4.2,2.55,48.6,3,Mi Band
FIT-603023,2025-01-06,USR-1081,45-54,Male,HIIT,117,1480.7,4073,111,7.2,2.93,57.3,5,Mi Band
FIT-603700,2025-01-06,USR-1018,45-54,Female,HIIT,45,617.5,1357,127,4.5,3.3,67.6,2,Apple Watch
FIT-600133,2025-01-06,USR-1470,45-54,Male,HIIT,84,1078.9,6047,129,6.8,3.61,107.3,4,Mi Band
FIT-602860,2025-01-06,USR-1268,25-34,Female,Swimming,69,556.7,5523,150,8.1,1.0,66.7,5,Apple Watch
FIT-600430,2025-01-06,USR-1432,25-34,Female,HIIT,100,1376.8,10777,111,8.2,1.45,70.2,4,Mi Band
FIT-602945,2025-01-07,USR-1353,35-44,Male,HIIT,115,1177.3,3052,140,5.1,1.11,54.7,4,Fitbit
FIT-602714,2025-01-07,USR-1062,35-44,Male,Walking,55,236.1,9441,78,6.5,3.92,72.7,3,Apple Watch
FIT-602754,2025-01-07,USR-1192,45-54,Male,Swimming,75,590.2,17817,86,7.3,3.68,95.6,3,Garmin
FIT-602269,2025-01-07,USR-1435,35-44,Female,Strength Training,82,520.9,6761,164,7.7,2.99,100.7,3,Mi Band
FIT-600199,2025-01-07,USR-1314,45-54,Female,Swimming,62,495.6,8892,129,9.5,2.53,79.5,5,Garmin
FIT-602271,2025-01-07,USR-1276,18-24,Female,Cycling,68,511.0,771,150,4.3,3.93,105.3,1,Garmin
FIT-600144,2025-01-07,USR-1251,35-44,Female,Swimming,24,245.1,2505,118,5.4,1.49,109.8,3,Apple Watch
FIT-600657,2025-01-07,USR-1165,25-34,Female,Walking,115,487.2,15178,163,6.6,2.93,51.9,4,Garmin
FIT-603874,2025-01-08,USR-1175,35-44,Female,Running,21,197.3,8593,121,9.5,3.56,98.2,5,Fitbit
FIT-603095,2025-01-08,USR-1406,35-44,Male,Cycling,108,957.8,3817,167,5.2,0.68,106.4,1,Apple Watch
FIT-600456,2025-01-08,USR-1349,45-54,Female,Swimming,41,328.4,3166,87,4.1,0.76,82.7,3,Garmin
FIT-602551,2025-01-08,USR-1291,25-34,Female,Running,60,653.7,14595,154,6.5,2.78,50.5,4,Fitbit
FIT-603528,2025-01-08,USR-1175,25-34,Male,Walking,31,129.1,4164,93,7.6,2.64,65.9,3,Samsung Galaxy Watch
FIT-603056,2025-01-08,USR-1332,35-44,Male,Cycling,99,711.0,14027,106,4.7,1.29,79.5,4,Samsung Galaxy Watch
FIT-603425,2025-01-08,USR-1390,25-34,Male,Swimming,61,607.0,14105,173,9.5,2.68,63.6,1,Fitbit
FIT-602634,2025-01-08,USR-1340,55+,Female,Yoga,60,180.5,13142,146,7.5,3.86,61.3,2,Fitbit
FIT-600967,2025-01-08,USR-1484,35-44,Female,HIIT,38,456.6,13727,113,6.9,2.17,100.6,2,Garmin
FIT-601111,2025-01-09,USR-1136,18-24,Male,HIIT,99,1098.3,8235,105,8.1,3.99,77.1,4,Samsung Galaxy Watch
FIT-603242,2025-01-09,USR-1290,25-34,Female,Cycling,72,584.7,12199,82,9.4,1.38,69.5,1,Garmin
FIT-603878,2025-01-10,USR-1051,25-34,Male,Cycling,27,193.4,17003,142,4.5,3.87,88.1,2,Apple Watch
FIT-601758,2025-01-10,USR-1204,45-54,Other,Strength Training,75,449.9,10705,163,9.5,2.03,100.0,1,Fitbit
FIT-601960,2025-01-10,USR-1478,25-34,Female,Yoga,106,343.5,11165,105,5.1,2.23,99.4,4,Apple Watch
FIT-603876,2025-01-11,USR-1481,45-54,Male,HIIT,106,1175.7,1644,129,4.2,1.45,68.4,3,Samsung Galaxy Watch
FIT-601640,2025-01-11,USR-1281,45-54,Male,Running,110,1084.2,2221,71,8.4,0.6,103.7,3,Fitbit
FIT-602130,2025-01-11,USR-1326,25-34,Male,Yoga,20,53.4,5923,164,5.1,0.82,56.3,5,Fitbit
FIT-600807,2025-01-11,USR-1339,25-34,Male,Yoga,22,62.3,3205,154,5.4,2.21,53.8,5,Garmin
FIT-603467,2025-01-11,USR-1413,25-34,Male,Strength Training,54,357.8,5441,138,7.2,2.89,99.3,4,Garmin
FIT-603306,2025-01-11,USR-1320,18-24,Male,HIIT,37,417.8,1950,83,9.4,1.99,93.8,5,Mi Band
FIT-603557,2025-01-11,USR-1348,45-54,Female,Running,89,1024.2,7617,117,4.5,2.78,97.2,3,Fitbit
FIT-603141,2025-01-11,USR-1430,45-54,Female,Yoga,74,198.5,13736,99,7.9,2.95,47.9,3,Apple Watch
FIT-601813,2025-01-11,USR-1071,25-34,Female,Walking,99,488.8,11356,102,7.6,3.68,75.9,1,Apple Watch
FIT-603893,2025-01-11,USR-1090,18-24,Male,Walking,56,251.4,11931,139,8.1,0.52,98.2,4,Fitbit
FIT-600656,2025-01-12,USR-1317,45-54,Female,HIIT,119,1547.4,10457,126,5.0,1.65,90.6,4,Samsung Galaxy Watch
FIT-602172,2025-01-12,USR-1292,18-24,Male,Cycling,89,710.6,10080,138,5.3,2.66,54.0,3,Mi Band
FIT-602961,2025-01-13,USR-1127,25-34,Male,Walking,53,263.9,3224,130,6.3,2.96,103.5,5,Mi Band
FIT-602986,2025-01-13,USR-1001,18-24,Male,Running,106,1119.7,11305,165,5.9,1.58,93.9,3,Samsung Galaxy Watch
FIT-600059,2025-01-13,USR-1419,25-34,Female,Swimming,37,311.5,14857,72,5.1,1.46,78.3,4,Garmin
FIT-600458,2025-01-13,USR-1058,35-44,Female,Running,76,881.8,1857,74,4.2,1.7,71.9,5,Garmin
FIT-601842,2025-01-13,USR-1305,18-24,Female,Walking,98,432.8,15607,172,8.3,0.87,59.7,4,Mi Band
FIT-600157,2025-01-13,USR-1461,25-34,Female,HIIT,32,415.6,13241,170,6.5,2.32,94.2,5,Samsung Galaxy Watch
FIT-602728,2025-01-13,USR-1440,25-34,Male,Cycling,104,829.8,17071,117,5.1,2.62,91.9,4,Apple Watch
FIT-603812,2025-01-13,USR-1069,18-24,Female,Cycling,24,182.0,13915,69,6.9,3.17,45.2,2,Fitbit
FIT-600902,2025-01-13,USR-1391,35-44,Male,Yoga,13,43.7,13380,87,6.0,1.27,82.5,4,Fitbit
FIT-601435,2025-01-13,USR-1097,18-24,Male,Yoga,86,273.8,10728,136,6.7,2.41,71.5,4,Fitbit
FIT-603520,2025-01-13,USR-1078,45-54,Male,Cycling,80,653.6,12295,141,8.9,3.89,100.3,2,Samsung Galaxy Watch
FIT-600244,2025-01-13,USR-1208,25-34,Male,Yoga,63,186.7,14288,166,5.2,2.63,70.9,2,Samsung Galaxy Watch
FIT-601818,2025-01-14,USR-1214,35-44,Female,Running,51,519.4,7168,169,5.0,1.26,75.3,4,Fitbit
FIT-603214,2025-01-14,USR-1046,25-34,Female,Strength Training,68,464.5,8675,123,7.4,1.12,46.1,4,Fitbit
FIT-603726,2025-01-14,USR-1292,35-44,Female,Walking,53,254.3,14921,89,5.7,1.11,76.4,4,Garmin
FIT-600486,2025-01-14,USR-1480,25-34,Female,Running,17,172.8,7980,120,5.3,1.53,81.3,1,Mi Band
FIT-603772,2025-01-14,USR-1208,55+,Female,Strength Training,23,150.3,17654,147,8.5,1.09,51.4,5,Samsung Galaxy Watch
FIT-601137,2025-01-14,USR-1484,18-24,Female,Yoga,94,285.4,17388,128,8.1,1.98,96.0,1,Apple Watch
FIT-603553,2025-01-14,USR-1009,18-24,Male,Walking,38,179.0,15048,130,9.0,2.69,72.1,3,Samsung Galaxy Watch
FIT-601616,2025-01-15,USR-1363,25-34,Male,Walking,63,287.1,6403,124,5.8,2.09,89.7,1,Samsung Galaxy Watch
FIT-600685,2025-01-15,USR-1487,35-44,Female,Walking,96,435.0,6831,89,5.9,3.38,108.5,3,Mi Band
FIT-602295,2025-01-15,USR-1179,35-44,Female,Swimming,105,851.5,4573,151,8.3,2.04,107.4,1,Mi Band
FIT-601162,2025-01-15,USR-1392,18-24,Male,Cycling,97,766.7,10493,145,7.0,0.94,107.6,2,Garmin
FIT-603006,2025-01-15,USR-1053,25-34,Male,Strength Training,88,603.9,3180,142,7.3,2.39,80.3,3,Mi Band
FIT-601954,2025-01-15,USR-1164,55+,Male,Strength Training,80,489.3,10401,96,5.5,1.42,106.4,3,Samsung Galaxy Watch
FIT-603531,2025-01-15,USR-1174,18-24,Male,Swimming,103,1024.4,9037,172,7.1,2.8,99.8,5,Garmin
FIT-600263,2025-01-16,USR-1395,35-44,Male,Yoga,89,272.9,7739,166,4.7,3.49,106.7,4,Garmin
FIT-603460,2025-01-16,USR-1260,25-34,Male,Running,25,248.8,11481,105,6.2,2.22,58.7,5,Fitbit
FIT-602872,2025-01-16,USR-1328,35-44,Female,Running,42,518.4,3992,156,6.7,2.63,47.9,5,Fitbit
FIT-600413,2025-01-16,USR-1464,25-34,Female,Walking,83,339.2,16849,100,7.0,2.82,79.1,5,Samsung Galaxy Watch
FIT-603381,2025-01-16,USR-1377,18-24,Female,Strength Training,33,176.9,1257,155,4.2,1.45,82.8,1,Apple Watch
FIT-601396,2025-01-17,USR-1208,55+,Male,Running,58,723.3,14167,137,7.9,1.4,72.4,5,Mi Band
FIT-602546,2025-01-17,USR-1270,18-24,Male,Cycling,21,154.7,4084,171,8.8,3.07,104.6,1,Mi Band
FIT-603097,2025-01-17,USR-1257,25-34,Female,HIIT,14,167.9,9660,91,6.7,0.76,94.7,5,Samsung Galaxy Watch
FIT-602117,2025-01-17,USR-1077,55+,Female,Yoga,50,149.3,4902,70,5.6,1.45,93.6,1,Samsung Galaxy Watch
FIT-602807,2025-01-17,USR-1221,25-34,Female,Walking,47,195.2,8256,134,5.5,3.34,83.6,1,Mi Band
FIT-600705,2025-01-18,USR-1421,25-34,Female,HIIT,87,991.8,1689,116,7.3,1.36,46.1,3,Samsung Galaxy Watch
FIT-603589,2025-01-18,USR-1040,45-54,Female,HIIT,42,446.1,12030,97,6.0,2.55,79.2,2,Fitbit
FIT-601091,2025-01-18,USR-1055,35-44,Female,Yoga,53,171.9,4230,134,6.7,2.14,86.1,5,Apple Watch
FIT-601690,2025-01-18,USR-1174,45-54,Female,Cycling,101,726.2,13753,118,9.3,3.73,84.0,5,Samsung Galaxy Watch
FIT-602029,2025-01-18,USR-1345,18-24,Male,Strength Training,55,314.3,17873,140,8.4,1.58,99.8,1,Samsung Galaxy Watch
FIT-603332,2025-01-19,USR-1082,35-44,Male,Walking,113,527.0,13570,77,8.7,2.98,65.5,1,Samsung Galaxy Watch
FIT-601543,2025-01-19,USR-1437,35-44,Male,Cycling,66,531.3,3536,154,9.3,3.3,77.2,4,Garmin
FIT-602570,2025-01-19,USR-1465,35-44,Male,Strength Training,12,79.5,13602,77,4.3,2.65,57.9,4,Samsung Galaxy Watch
FIT-602947,2025-01-20,USR-1482,25-34,Female,HIIT,102,1212.9,7243,144,4.2,2.9,70.6,2,Mi Band
FIT-600989,2025-01-20,USR-1289,25-34,Male,Walking,61,301.3,2330,93,8.4,2.62,64.2,1,Fitbit
FIT-602673,2025-01-20,USR-1480,45-54,Male,Walking,49,225.4,11562,160,4.8,3.64,64.1,1,Samsung Galaxy Watch
FIT-601392,2025-01-21,USR-1240,25-34,Male,Running,46,527.3,9846,90,5.8,2.79,64.8,5,Apple Watch
FIT-600236,2025-01-21,USR-1242,35-44,Female,HIIT,106,1416.9,8744,116,4.9,3.52,75.6,1,Samsung Galaxy Watch
FIT-600847,2025-01-21,USR-1301,25-34,Male,HIIT,19,240.8,16818,67,6.3,2.5,80.3,2,Mi Band
FIT-603462,2025-01-21,USR-1286,45-54,Male,Walking,70,301.1,13756,72,5.8,2.51,72.8,5,Mi Band
FIT-601229,2025-01-21,USR-1285,35-44,Female,Walking,108,439.4,3600,84,8.8,2.14,101.9,4,Fitbit
FIT-601031,2025-01-21,USR-1233,25-34,Female,Swimming,68,529.8,11234,129,4.3,1.92,49.3,2,Apple Watch
FIT-600448,2025-01-21,USR-1118,18-24,Female,HIIT,109,1243.7,2799,174,5.4,3.63,56.9,4,Garmin
FIT-602711,2025-01-22,USR-1005,35-44,Other,Running,13,158.1,4025,131,9.1,1.2,78.0,4,Apple Watch
FIT-600460,2025-01-22,USR-1210,35-44,Female,Swimming,11,87.5,4237,136,6.3,3.07,99.9,1,Samsung Galaxy Watch
FIT-602330,2025-01-22,USR-1362,45-54,Male,Strength Training,102,682.3,554,81,7.4,1.21,81.8,1,Fitbit
FIT-603000,2025-01-22,USR-1338,18-24,Male,Swimming,63,557.6,10824,152,9.0,2.57,108.1,2,Apple Watch
FIT-600772,2025-01-22,USR-1119,18-24,Female,Strength Training,19,103.6,5514,91,6.6,1.2,76.3,4,Fitbit
FIT-602388,2025-01-22,USR-1257,55+,Male,Yoga,67,208.5,8132,129,6.3,2.57,106.2,1,Samsung Galaxy Watch
FIT-601949,2025-01-23,USR-1258,55+,Female,HIIT,94,968.8,17015,77,5.9,0.67,102.3,1,Apple Watch
FIT-603269,2025-01-23,USR-1334,45-54,Female,HIIT,42,464.2,14638,103,7.3,1.03,72.8,5,Mi Band
FIT-603330,2025-01-23,USR-1017,45-54,Female,Cycling,21,170.6,3059,156,6.4,1.33,78.1,3,Garmin
FIT-600724,2025-01-23,USR-1429,35-44,Male,HIIT,68,819.8,732,112,8.7,3.06,57.0,1,Mi Band
FIT-601167,2025-01-23,USR-1212,55+,Male,HIIT,50,639.1,7041,84,6.7,2.24,79.6,3,Fitbit
FIT-603232,2025-01-23,USR-1286,25-34,Female,HIIT,71,919.5,4715,101,9.2,2.51,84.1,1,Samsung Galaxy Watch
FIT-602080,2025-01-24,USR-1046,45-54,Male,HIIT,11,118.7,11631,158,8.5,1.01,57.4,5,Mi Band
FIT-601056,2025-01-24,USR-1146,25-34,Male,Strength Training,77,477.3,8081,71,6.4,2.15,102.3,1,Apple Watch
FIT-602087,2025-01-24,USR-1110,25-34,Female,Running,114,1188.8,2883,67,8.3,3.23,92.3,2,Samsung Galaxy Watch
FIT-602537,2025-01-24,USR-1198,45-54,Female,Strength Training,100,540.0,9433,123,7.9,1.19,45.3,4,Garmin
FIT-600793,2025-01-24,USR-1351,25-34,Male,Yoga,16,50.4,8330,119,6.5,2.96,107.5,1,Apple Watch
FIT-603762,2025-01-24,USR-1132,25-34,Female,Yoga,38,120.7,5266,150,5.6,0.72,45.9,1,Mi Band
FIT-601516,2025-01-24,USR-1232,45-54,Female,Walking,117,572.0,14890,71,8.2,3.95,60.4,4,Samsung Galaxy Watch
FIT-600371,2025-01-25,USR-1475,45-54,Female,Walking,47,214.4,14495,143,6.7,0.69,72.5,1,Mi Band
FIT-602877,2025-01-25,USR-1030,25-34,Male,Strength Training,101,635.5,12474,108,4.5,2.26,105.3,4,Garmin
FIT-602060,2025-01-25,USR-1373,18-24,Female,Yoga,12,38.0,11540,88,8.7,0.79,91.3,4,Fitbit
FIT-602858,2025-01-25,USR-1377,45-54,Female,Walking,114,502.3,11503,71,8.8,3.82,66.5,4,Fitbit
FIT-603331,2025-01-25,USR-1427,18-24,Female,Running,101,1063.6,4164,152,9.0,1.97,58.9,3,Apple Watch
FIT-602892,2025-01-26,USR-1072,18-24,Male,Cycling,54,429.2,14855,142,5.0,2.37,69.1,2,Fitbit
FIT-600528,2025-01-26,USR-1478,55+,Male,Walking,62,316.7,8873,80,7.4,1.92,94.6,3,Garmin
FIT-601374,2025-01-26,USR-1346,35-44,Female,Strength Training,12,72.2,16583,69,6.8,3.26,62.2,1,Samsung Galaxy Watch
FIT-602140,2025-01-26,USR-1146,25-34,Female,Yoga,111,315.2,3644,79,8.0,1.58,77.7,5,Mi Band
FIT-603094,2025-01-26,USR-1046,18-24,Female,Strength Training,70,439.4,16944,126,8.6,1.33,97.7,1,Fitbit
FIT-602294,2025-01-26,USR-1396,55+,Male,Strength Training,13,75.6,16420,123,8.3,3.36,75.9,2,Samsung Galaxy Watch
FIT-602262,2025-01-26,USR-1085,45-54,Male,Strength Training,97,611.9,1460,120,4.0,1.59,59.3,3,Apple Watch
FIT-602732,2025-01-27,USR-1192,45-54,Female,Walking,64,257.6,8856,112,5.1,2.71,54.4,2,Mi Band
FIT-601776,2025-01-27,USR-1381,18-24,Male,Swimming,32,317.7,3584,154,5.8,2.46,66.1,4,Mi Band
FIT-602968,2025-01-27,USR-1359,18-24,Female,Cycling,57,511.2,14978,100,7.9,3.75,62.1,2,Fitbit
FIT-603104,2025-01-27,USR-1397,18-24,Male,Cycling,65,548.1,11711,120,7.9,1.74,77.2,5,Apple Watch
FIT-603486,2025-01-27,USR-1399,45-54,Male,Walking,58,247.2,13336,165,5.8,3.63,89.7,2,Fitbit
FIT-603082,2025-01-27,USR-1470,45-54,Female,Yoga,56,187.9,695,84,6.7,1.15,68.5,4,Mi Band
FIT-603768,2025-01-28,USR-1246,18-24,Female,Cycling,92,661.2,9482,129,6.6,2.08,75.3,2,Apple Watch
FIT-600520,2025-01-28,USR-1445,25-34,Male,Walking,71,346.9,1138,154,5.0,2.43,55.1,2,Garmin
FIT-602904,2025-01-28,USR-1188,18-24,Male,Strength Training,69,367.1,16179,67,8.2,2.75,90.8,4,Mi Band
FIT-602681,2025-01-29,USR-1359,18-24,Female,Swimming,44,363.9,14030,91,5.4,0.75,93.5,3,Mi Band
FIT-603329,2025-01-29,USR-1067,18-24,Male,Yoga,98,337.2,12855,72,5.1,3.81,99.6,3,Mi Band
FIT-601445,2025-01-29,USR-1025,35-44,Male,Strength Training,91,566.6,12129,75,4.3,1.87,100.9,4,Mi Band
FIT-600073,2025-01-29,USR-1063,25-34,Male,Yoga,27,86.4,12426,162,6.8,3.44,82.1,4,Mi Band
FIT-600001,2025-01-29,USR-1019,45-54,Other,Running,75,735.6,3386,97,7.5,3.36,71.3,3,Samsung Galaxy Watch
FIT-600504,2025-01-30,USR-1491,35-44,Female,Running,43,466.6,6619,85,5.4,2.19,91.8,1,Samsung Galaxy Watch
FIT-600766,2025-01-30,USR-1308,25-34,Male,Strength Training,108,614.4,14688,168,7.9,3.12,93.9,4,Apple Watch
FIT-600630,2025-01-30,USR-1329,18-24,Male,Walking,110,433.6,6480,114,7.5,2.17,88.3,5,Fitbit
FIT-603938,2025-01-30,USR-1247,25-34,Female,Cycling,86,669.0,12552,78,7.4,3.33,76.6,1,Garmin
FIT-602244,2025-01-31,USR-1221,25-34,Male,Cycling,109,882.0,13963,171,6.1,3.42,46.7,3,Samsung Galaxy Watch
FIT-603451,2025-01-31,USR-1141,35-44,Female,Strength Training,59,326.1,1987,113,9.2,3.41,59.7,3,Garmin
FIT-601944,2025-01-31,USR-1209,45-54,Female,Swimming,101,791.3,1305,117,8.2,0.97,108.3,5,Fitbit
FIT-603021,2025-02-01,USR-1184,35-44,Other,Running,97,1073.7,6449,82,6.1,3.26,66.6,1,Apple Watch
FIT-602574,2025-02-01,USR-1363,35-44,Female,Running,13,127.5,14831,72,6.7,2.38,51.5,3,Garmin
FIT-600932,2025-02-01,USR-1162,35-44,Male,Strength Training,52,272.0,12123,99,9.5,1.62,73.5,2,Samsung Galaxy Watch
FIT-601222,2025-02-01,USR-1378,35-44,Male,Running,101,1268.0,5317,105,4.9,2.91,57.3,2,Mi Band
FIT-601662,2025-02-01,USR-1242,45-54,Female,Running,39,374.5,1869,125,7.6,3.58,89.6,1,Garmin
FIT-603448,2025-02-01,USR-1428,25-34,Female,HIIT,107,1370.0,14588,115,8.9,1.9,49.0,5,Apple Watch
FIT-603110,2025-02-02,USR-1256,35-44,Female,Cycling,36,251.2,6056,173,8.6,0.92,109.8,2,Garmin
FIT-603445,2025-02-02,USR-1457,18-24,Female,Strength Training,108,629.9,17221,168,5.3,3.57,96.8,1,Apple Watch
FIT-601430,2025-02-02,USR-1343,45-54,Female,Yoga,42,120.2,11757,83,4.7,1.63,71.6,1,Mi Band
FIT-601660,2025-02-02,USR-1212,18-24,Female,Swimming,89,703.2,1132,146,5.2,1.13,88.2,3,Mi Band
FIT-602395,2025-02-02,USR-1361,55+,Female,HIIT,67,768.4,9628,160,9.2,2.36,99.7,5,Samsung Galaxy Watch
FIT-602988,2025-02-03,USR-1330,25-34,Female,Walking,25,127.2,11084,94,4.8,1.02,62.0,4,Garmin
FIT-602387,2025-02-03,USR-1469,45-54,Female,HIIT,17,204.8,17072,172,4.2,3.37,67.6,2,Garmin
FIT-603453,2025-02-03,USR-1195,45-54,Male,Cycling,112,967.2,9562,167,7.0,3.86,72.2,3,Mi Band
FIT-603822,2025-02-03,USR-1135,25-34,Female,Cycling,92,699.8,3435,168,8.1,0.81,65.5,4,Apple Watch
FIT-600782,2025-02-03,USR-1191,35-44,Male,Swimming,36,291.7,616,132,4.7,0.55,97.3,2,Fitbit
FIT-603769,2025-02-03,USR-1249,18-24,Other,Walking,44,222.7,10498,169,8.8,3.59,63.4,1,Fitbit
FIT-602301,2025-02-03,USR-1495,25-34,Male,Cycling,109,930.9,17746,169,8.7,3.82,59.8,2,Apple Watch
FIT-601395,2025-02-03,USR-1407,18-24,Male,Walking,93,463.7,1402,167,7.7,1.86,87.1,4,Garmin
FIT-602859,2025-02-03,USR-1323,35-44,Male,HIIT,59,670.2,5416,147,5.7,3.51,69.6,1,Mi Band
FIT-603804,2025-02-03,USR-1281,25-34,Female,HIIT,20,254.2,14687,107,9.2,2.96,107.2,1,Apple Watch
FIT-602119,2025-02-03,USR-1123,35-44,Male,Strength Training,25,127.7,12818,123,8.0,3.34,60.9,5,Samsung Galaxy Watch
FIT-603624,2025-02-03,USR-1179,25-34,Female,Yoga,15,42.6,16702,163,8.3,2.98,84.5,5,Mi Band
FIT-603558,2025-02-04,USR-1469,25-34,Male,Running,73,700.4,2736,118,9.1,1.13,76.2,4,Fitbit
FIT-600764,2025-02-04,USR-1091,55+,Male,Strength Training,65,350.5,12931,134,6.2,1.77,57.0,1,Apple Watch
FIT-601669,2025-02-04,USR-1111,45-54,Male,Running,33,346.3,11719,87,9.1,1.27,45.9,3,Samsung Galaxy Watch
FIT-601415,2025-02-05,USR-1157,45-54,Female,HIIT,101,1189.5,1460,154,7.6,1.88,106.8,2,Fitbit
FIT-601345,2025-02-05,USR-1202,45-54,Female,Swimming,106,855.7,10094,118,9.1,1.99,91.3,3,Fitbit
FIT-600891,2025-02-05,USR-1485,18-24,Female,Strength Training,78,409.4,4564,99,6.7,1.44,99.8,4,Mi Band
FIT-600510,2025-02-05,USR-1182,25-34,Female,Swimming,94,895.3,3397,73,9.3,1.84,48.7,2,Fitbit
FIT-603950,2025-02-05,USR-1013,55+,Female,Cycling,93,833.2,6586,126,6.2,2.35,75.6,4,Samsung Galaxy Watch
FIT-600613,2025-02-05,USR-1464,45-54,Other,Swimming,12,96.5,14056,139,5.9,1.33,105.0,3,Apple Watch
FIT-602560,2025-02-05,USR-1061,35-44,Male,HIIT,111,1458.3,6105,143,5.3,2.09,81.7,3,Fitbit
FIT-603512,2025-02-06,USR-1251,35-44,Female,Yoga,45,140.7,5165,67,8.0,3.63,51.9,5,Fitbit
FIT-600193,2025-02-06,USR-1357,18-24,Male,Walking,91,441.6,6999,142,6.7,1.12,78.7,1,Samsung Galaxy Watch
FIT-603284,2025-02-06,USR-1107,35-44,Other,Cycling,84,665.6,1321,141,5.7,1.46,85.3,5,Fitbit
FIT-602486,2025-02-06,USR-1229,25-34,Female,Cycling,28,216.4,17316,76,4.7,2.71,93.1,2,Apple Watch
FIT-601692,2025-02-06,USR-1174,18-24,Female,HIIT,50,674.9,6019,76,6.2,1.71,60.8,5,Apple Watch
FIT-600648,2025-02-06,USR-1448,35-44,Female,Swimming,81,793.2,16789,133,7.7,3.07,68.7,1,Mi Band
FIT-602065,2025-02-07,USR-1085,18-24,Female,Cycling,73,640.5,1773,139,4.2,3.01,91.9,4,Garmin
FIT-600259,2025-02-07,USR-1062,35-44,Female,Running,10,116.2,12983,72,6.4,3.53,53.7,3,Fitbit
FIT-600058,2025-02-07,USR-1226,45-54,Male,Yoga,117,354.1,6626,97,8.9,1.28,79.0,1,Apple Watch
FIT-602454,2025-02-07,USR-1156,35-44,Female,Swimming,33,324.4,10334,92,6.8,2.38,53.0,4,Samsung Galaxy Watch
FIT-601231,2025-02-08,USR-1092,18-24,Female,Walking,50,237.6,12488,122,8.4,3.45,75.6,5,Samsung Galaxy Watch
FIT-601183,2025-02-08,USR-1313,18-24,Male,Walking,99,509.4,14828,68,9.0,3.0,86.8,1,Fitbit
FIT-600965,2025-02-08,USR-1104,25-34,Male,Walking,69,325.8,8435,172,7.6,1.31,75.5,2,Mi Band
FIT-601626,2025-02-09,USR-1188,55+,Female,Running,14,146.9,9540,99,6.8,3.92,52.8,1,Mi Band
FIT-602116,2025-02-09,USR-1268,45-54,Male,Yoga,64,189.0,10772,172,9.1,3.96,61.9,5,Mi Band
FIT-602272,2025-02-09,USR-1341,25-34,Female,Swimming,56,517.2,4146,147,9.2,3.09,79.8,5,Apple Watch
FIT-603090,2025-02-09,USR-1365,45-54,Male,Running,108,1183.1,996,162,4.9,3.25,65.6,4,Garmin
FIT-601646,2025-02-09,USR-1030,25-34,Female,Running,85,1031.7,5338,115,9.4,0.84,95.5,3,Mi Band
FIT-601881,2025-02-09,USR-1308,25-34,Female,Cycling,39,356.6,4712,118,7.8,1.7,70.5,4,Mi Band
FIT-600012,2025-02-09,USR-1347,25-34,Male,Yoga,106,304.8,17601,129,7.4,3.45,80.3,4,Fitbit
FIT-602218,2025-02-09,USR-1467,35-44,Male,Yoga,32,98.0,14362,100,6.0,3.12,65.4,2,Fitbit
FIT-603717,2025-02-10,USR-1434,18-24,Female,Walking,45,173.1,2126,171,9.5,0.83,64.5,2,Apple Watch
FIT-603346,2025-02-10,USR-1263,35-44,Male,HIIT,87,1161.8,14946,134,5.9,1.67,67.9,1,Fitbit
FIT-601541,2025-02-10,USR-1476,18-24,Female,Running,44,538.6,8519,133,8.3,0.87,48.0,5,Mi Band
FIT-600792,2025-02-10,USR-1366,25-34,Male,Swimming,108,864.9,17490,160,9.2,3.81,91.3,4,Garmin
FIT-603655,2025-02-11,USR-1373,25-34,Male,Strength Training,30,166.9,5210,108,9.3,0.93,57.5,5,Apple Watch
FIT-603029,2025-02-11,USR-1158,35-44,Female,Swimming,65,556.0,10220,67,5.1,3.13,77.4,2,Fitbit
FIT-603976,2025-02-11,USR-1248,45-54,Male,HIIT,55,614.9,5754,78,4.1,1.2,73.1,5,Garmin
FIT-600629,2025-02-11,USR-1260,18-24,Female,Walking,96,388.2,5627,134,6.7,2.21,56.8,3,Mi Band
FIT-603012,2025-02-11,USR-1414,18-24,Male,Swimming,71,729.0,14635,127,4.8,3.69,101.5,4,Fitbit
FIT-603840,2025-02-11,USR-1296,25-34,Male,Yoga,106,277.7,6775,125,6.1,2.62,90.3,1,Fitbit
FIT-600376,2025-02-12,USR-1337,25-34,Male,Strength Training,39,215.7,7347,127,8.0,2.35,94.0,4,Apple Watch
FIT-603638,2025-02-12,USR-1057,25-34,Male,HIIT,66,684.1,8962,140,5.4,2.89,107.0,3,Apple Watch
FIT-603103,2025-02-12,USR-1324,18-24,Male,Cycling,64,446.9,4752,114,8.6,2.35,53.6,5,Samsung Galaxy Watch
FIT-600042,2025-02-12,USR-1061,25-34,Male,HIIT,18,242.1,3545,108,8.6,0.89,49.6,3,Mi Band
FIT-600211,2025-02-12,USR-1478,25-34,Male,Strength Training,28,173.6,1248,70,6.4,0.98,100.2,5,Apple Watch
FIT-600330,2025-02-12,USR-1302,55+,Female,Running,89,903.5,2648,156,7.5,2.98,55.5,5,Samsung Galaxy Watch
FIT-603699,2025-02-13,USR-1154,25-34,Male,Yoga,29,93.0,8259,113,4.5,3.71,82.0,1,Samsung Galaxy Watch
FIT-601425,2025-02-13,USR-1042,25-34,Female,Walking,73,313.9,2111,65,7.7,3.11,105.8,4,Apple Watch
FIT-602998,2025-02-13,USR-1380,25-34,Female,Strength Training,104,709.7,4430,144,7.8,1.91,100.5,2,Fitbit
FIT-600061,2025-02-13,USR-1135,35-44,Male,Cycling,20,182.4,1904,155,8.4,1.68,94.2,2,Samsung Galaxy Watch
FIT-600703,2025-02-13,USR-1268,25-34,Male,Cycling,50,447.1,11724,133,8.4,3.24,107.7,2,Samsung Galaxy Watch
FIT-603432,2025-02-13,USR-1018,55+,Male,Yoga,24,63.1,17956,115,6.3,2.4,68.2,2,Apple Watch
FIT-601156,2025-02-13,USR-1250,18-24,Female,HIIT,33,407.5,17665,155,4.1,2.29,95.0,3,Mi Band
FIT-601000,2025-02-13,USR-1007,45-54,Female,Cycling,101,713.7,17461,88,6.2,3.86,54.3,2,Mi Band
FIT-600295,2025-02-13,USR-1271,25-34,Female,Walking,67,289.1,14222,93,6.9,2.91,75.7,1,Apple Watch
FIT-603587,2025-02-13,USR-1006,18-24,Female,Swimming,57,488.2,1023,108,4.8,2.3,75.0,1,Garmin
FIT-603555,2025-02-13,USR-1050,55+,Male,Swimming,96,899.6,15543,93,5.2,2.56,48.2,5,Apple Watch
FIT-600840,2025-02-14,USR-1122,25-34,Male,Strength Training,46,273.2,8095,118,7.0,2.11,59.5,1,Apple Watch
FIT-602981,2025-02-14,USR-1161,45-54,Male,Yoga,40,131.2,688,110,7.0,3.3,67.4,1,Garmin
FIT-603647,2025-02-14,USR-1184,35-44,Male,Yoga,48,133.9,2712,114,4.3,0.71,103.3,3,Samsung Galaxy Watch
FIT-602015,2025-02-14,USR-1418,35-44,Male,Yoga,80,234.3,16685,111,9.0,3.36,50.1,4,Garmin
FIT-601385,2025-02-14,USR-1391,25-34,Male,Cycling,24,191.5,7026,70,5.3,0.66,98.3,1,Samsung Galaxy Watch
FIT-602835,2025-02-14,USR-1199,45-54,Male,Swimming,110,927.3,5079,95,5.2,2.09,67.7,3,Mi Band
FIT-600647,2025-02-14,USR-1242,35-44,Female,Strength Training,109,708.2,8531,111,9.2,3.08,69.2,4,Garmin
FIT-601603,2025-02-15,USR-1270,45-54,Female,Walking,98,406.3,10679,160,5.7,3.3,56.2,4,Garmin
FIT-600415,2025-02-15,USR-1265,25-34,Female,Yoga,37,108.8,5070,84,4.5,3.02,60.8,3,Garmin
FIT-603367,2025-02-15,USR-1235,35-44,Male,Cycling,69,485.8,13932,154,5.4,1.73,85.7,4,Samsung Galaxy Watch
FIT-602039,2025-02-15,USR-1428,35-44,Female,Swimming,101,927.7,6000,130,5.2,1.71,100.1,4,Fitbit
FIT-603536,2025-02-15,USR-1302,18-24,Male,Yoga,17,56.8,2092,103,5.1,3.42,86.5,1,Apple Watch
FIT-603480,2025-02-15,USR-1354,25-34,Female,Strength Training,31,208.1,12079,105,6.6,3.72,105.3,3,Apple Watch
FIT-601391,2025-02-15,USR-1196,45-54,Male,Walking,97,447.3,9378,99,8.4,2.79,87.4,5,Samsung Galaxy Watch
FIT-602357,2025-02-16,USR-1487,18-24,Male,Strength Training,40,210.7,5071,118,5.2,3.81,72.2,3,Samsung Galaxy Watch
FIT-601043,2025-02-16,USR-1162,45-54,Female,Strength Training,94,547.3,5265,110,8.2,0.66,79.3,1,Garmin
FIT-601311,2025-02-17,USR-1216,25-34,Male,Running,21,209.5,6305,136,4.9,2.16,86.2,3,Apple Watch
FIT-600779,2025-02-17,USR-1269,55+,Female,Cycling,50,347.5,17448,81,4.1,0.51,98.3,3,Apple Watch
FIT-601448,2025-02-17,USR-1432,25-34,Male,Strength Training,106,709.7,7105,93,5.4,3.85,67.8,5,Fitbit
FIT-603931,2025-02-17,USR-1116,25-34,Female,Walking,95,437.5,3140,75,9.0,3.54,105.2,5,Mi Band
FIT-600305,2025-02-17,USR-1362,25-34,Female,Yoga,113,379.5,13919,87,8.6,0.68,94.2,3,Apple Watch
FIT-602132,2025-02-17,USR-1298,25-34,Female,Cycling,115,855.9,11867,146,4.0,2.41,78.8,5,Mi Band
FIT-600826,2025-02-18,USR-1327,18-24,Female,Walking,103,400.4,5731,81,5.6,2.7,109.8,2,Mi Band
FIT-600060,2025-02-18,USR-1473,25-34,Female,Walking,103,414.0,16267,108,7.2,1.63,56.7,4,Samsung Galaxy Watch
FIT-600090,2025-02-18,USR-1469,35-44,Male,Swimming,40,396.7,16376,146,7.6,2.48,86.6,4,Mi Band
FIT-603713,2025-02-18,USR-1205,35-44,Male,Cycling,111,997.1,17941,161,8.3,1.0,54.6,3,Garmin
FIT-600379,2025-02-18,USR-1368,18-24,Female,HIIT,20,219.8,2518,108,7.0,1.62,71.3,3,Mi Band
FIT-601217,2025-02-18,USR-1435,35-44,Female,HIIT,60,773.0,10199,143,5.2,2.16,108.9,1,Mi Band
FIT-600501,2025-02-18,USR-1411,25-34,Male,Running,96,1123.7,2649,129,9.1,3.89,76.8,3,Apple Watch
FIT-600186,2025-02-18,USR-1259,25-34,Male,Walking,57,263.6,8224,139,5.3,3.47,64.5,5,Apple Watch
FIT-602468,2025-02-19,USR-1423,25-34,Female,Strength Training,14,90.8,6661,114,6.5,0.92,94.2,3,Samsung Galaxy Watch
FIT-603680,2025-02-19,USR-1211,18-24,Male,HIIT,20,220.7,13853,114,6.7,2.38,76.7,4,Mi Band
FIT-603656,2025-02-20,USR-1336,18-24,Male,Yoga,77,215.7,4467,171,7.3,2.77,57.4,2,Apple Watch
FIT-603947,2025-02-20,USR-1086,45-54,Female,Swimming,76,653.6,17223,118,7.8,1.99,100.8,1,Mi Band
FIT-602420,2025-02-20,USR-1350,18-24,Male,Swimming,48,461.9,16099,143,7.1,2.83,61.0,3,Fitbit
FIT-600369,2025-02-20,USR-1406,25-34,Female,Yoga,38,128.2,16473,105,7.1,2.57,108.4,3,Apple Watch
FIT-601475,2025-02-20,USR-1149,35-44,Female,Walking,89,369.0,4305,174,6.1,0.61,91.7,2,Fitbit
FIT-600439,2025-02-20,USR-1453,45-54,Male,Yoga,102,340.9,10386,138,9.2,1.32,57.7,2,Fitbit
FIT-601709,2025-02-21,USR-1061,25-34,Female,Strength Training,64,395.7,14390,133,6.1,1.8,70.4,3,Apple Watch
FIT-603897,2025-02-21,USR-1123,18-24,Male,Strength Training,62,369.8,8791,171,8.2,2.0,57.1,5,Garmin
FIT-603154,2025-02-21,USR-1337,18-24,Male,Walking,11,43.0,17920,74,4.2,0.84,74.2,2,Garmin
FIT-602810,2025-02-21,USR-1187,35-44,Female,Cycling,60,439.2,14734,159,6.5,3.14,82.6,1,Garmin
FIT-603409,2025-02-21,USR-1218,35-44,Female,HIIT,58,611.2,4755,170,8.3,3.37,45.2,1,Garmin
FIT-600051,2025-02-21,USR-1079,55+,Male,Yoga,24,81.7,16846,76,6.7,0.86,81.0,1,Samsung Galaxy Watch
FIT-601357,2025-02-22,USR-1089,25-34,Male,Strength Training,49,282.3,10143,82,9.2,1.27,58.2,2,Fitbit
FIT-603598,2025-02-22,USR-1071,25-34,Male,Swimming,67,671.8,11576,150,4.0,3.3,107.4,2,Samsung Galaxy Watch
FIT-602508,2025-02-23,USR-1283,45-54,Male,HIIT,52,693.3,15420,80,5.9,1.14,107.4,3,Mi Band
FIT-602873,2025-02-23,USR-1069,25-34,Female,Walking,23,94.4,11200,83,7.0,2.49,83.4,5,Fitbit
FIT-602985,2025-02-23,USR-1410,35-44,Female,Walking,113,506.5,9769,157,7.6,3.8,106.8,3,Fitbit
FIT-603868,2025-02-23,USR-1155,25-34,Female,Running,16,152.1,928,102,7.1,3.62,49.3,4,Garmin
FIT-603826,2025-02-23,USR-1402,55+,Other,Walking,45,190.5,17888,150,8.0,2.66,70.5,2,Fitbit
FIT-601602,2025-02-24,USR-1497,45-54,Male,Walking,77,327.5,2758,126,9.4,2.31,107.1,2,Garmin
FIT-602826,2025-02-24,USR-1039,25-34,Male,Swimming,101,1002.2,12957,162,6.4,2.34,82.8,1,Apple Watch
FIT-602637,2025-02-24,USR-1407,35-44,Male,Yoga,48,158.5,15017,136,5.8,1.41,65.5,1,Apple Watch
FIT-600100,2025-02-24,USR-1087,45-54,Male,Running,60,600.6,10721,159,5.0,2.11,71.6,2,Garmin
FIT-600710,2025-02-24,USR-1145,45-54,Female,HIIT,19,208.7,3290,92,9.0,2.07,45.5,5,Garmin
FIT-601631,2025-02-24,USR-1103,35-44,Female,Strength Training,97,503.9,6409,117,4.7,1.68,53.2,5,Fitbit
FIT-600493,2025-02-25,USR-1365,55+,Female,Cycling,59,431.6,689,170,4.9,3.94,50.2,3,Garmin
FIT-600387,2025-02-25,USR-1083,25-34,Male,Walking,34,171.5,4234,140,7.3,2.08,94.6,2,Samsung Galaxy Watch
FIT-602032,2025-02-25,USR-1239,18-24,Female,Swimming,109,973.1,13316,146,5.6,0.56,54.4,2,Mi Band
FIT-601359,2025-02-25,USR-1475,25-34,Female,Running,88,832.9,3171,124,8.8,1.43,75.3,3,Samsung Galaxy Watch
FIT-601220,2025-02-26,USR-1019,35-44,Female,Swimming,75,617.4,6980,97,5.1,3.39,63.7,1,Fitbit
FIT-600890,2025-02-26,USR-1413,45-54,Female,Running,90,1038.8,6594,144,9.5,1.53,66.3,1,Mi Band
FIT-602023,2025-02-26,USR-1455,25-34,Male,Walking,54,257.6,12589,127,4.4,0.94,65.0,2,Samsung Galaxy Watch
FIT-603333,2025-02-26,USR-1103,35-44,Female,Running,51,549.8,525,120,5.4,2.48,101.9,1,Garmin
FIT-602901,2025-02-26,USR-1072,45-54,Female,Walking,100,397.4,1029,163,6.9,3.03,89.1,4,Apple Watch
FIT-602440,2025-02-26,USR-1135,18-24,Female,HIIT,48,613.2,8855,112,6.8,0.53,87.6,1,Garmin
FIT-603005,2025-02-26,USR-1470,45-54,Male,Strength Training,47,297.3,5184,97,8.4,2.34,91.8,2,Apple Watch
FIT-601400,2025-02-26,USR-1008,18-24,Male,HIIT,13,177.8,3095,100,4.2,3.54,54.2,3,Apple Watch
FIT-600046,2025-02-26,USR-1038,45-54,Female,Yoga,83,259.7,17802,174,9.5,2.15,94.2,2,Garmin
FIT-603785,2025-02-26,USR-1203,18-24,Male,Strength Training,97,495.4,3456,98,6.6,3.87,66.1,1,Fitbit
FIT-601571,2025-02-27,USR-1155,18-24,Female,Swimming,39,387.2,8975,132,6.8,2.03,62.7,4,Fitbit
FIT-601268,2025-02-27,USR-1271,25-34,Male,Yoga,46,145.4,16331,119,4.4,0.7,79.2,5,Garmin
FIT-602285,2025-02-27,USR-1280,35-44,Male,Walking,44,214.3,15004,105,9.3,1.34,67.9,2,Apple Watch
FIT-603844,2025-02-27,USR-1462,18-24,Female,HIIT,106,1289.2,11013,87,5.7,2.25,80.9,5,Samsung Galaxy Watch
FIT-602541,2025-02-28,USR-1204,45-54,Female,HIIT,24,309.5,16780,99,7.3,2.97,74.1,3,Apple Watch
FIT-600508,2025-02-28,USR-1020,25-34,Female,Swimming,114,949.4,17351,136,9.0,1.23,84.2,2,Mi Band
FIT-601488,2025-03-01,USR-1043,25-34,Male,Cycling,103,869.9,4287,115,5.6,3.57,52.7,4,Fitbit
FIT-603722,2025-03-01,USR-1453,45-54,Male,HIIT,75,925.7,16643,170,4.3,1.98,58.2,5,Samsung Galaxy Watch
FIT-600479,2025-03-01,USR-1022,45-54,Male,Yoga,29,88.0,12126,81,9.1,1.42,106.1,5,Mi Band
FIT-603725,2025-03-01,USR-1324,18-24,Female,Yoga,117,331.6,12884,145,5.5,0.78,109.1,2,Garmin
FIT-602750,2025-03-02,USR-1394,55+,Male,Yoga,86,249.8,7095,170,4.2,2.97,53.5,3,Garmin
FIT-603327,2025-03-02,USR-1308,45-54,Male,Running,87,891.2,5913,113,7.8,0.58,106.7,3,Mi Band
FIT-603842,2025-03-02,USR-1012,35-44,Male,Swimming,34,262.0,12478,116,5.7,1.78,47.7,2,Apple Watch
FIT-602708,2025-03-02,USR-1435,35-44,Female,HIIT,60,729.8,11620,166,6.5,2.8,84.8,3,Garmin
FIT-601585,2025-03-02,USR-1428,35-44,Female,Strength Training,103,570.4,12935,94,4.5,1.99,81.7,3,Garmin
FIT-601789,2025-03-02,USR-1322,35-44,Female,Running,72,766.7,15472,66,8.2,2.65,87.1,5,Garmin
FIT-603064,2025-03-02,USR-1255,25-34,Male,Walking,16,81.3,12254,160,5.3,2.86,104.9,5,Garmin
FIT-603698,2025-03-02,USR-1350,18-24,Female,Yoga,99,289.5,8135,113,6.8,3.32,72.7,4,Apple Watch
FIT-600478,2025-03-02,USR-1331,18-24,Female,Running,64,785.9,6650,136,8.3,3.91,105.9,3,Fitbit
FIT-600576,2025-03-02,USR-1183,25-34,Male,Cycling,36,313.6,17254,78,9.5,3.74,57.5,4,Mi Band
FIT-600976,2025-03-02,USR-1062,35-44,Female,HIIT,62,639.7,8615,146,6.8,1.32,58.9,2,Samsung Galaxy Watch
FIT-602457,2025-03-03,USR-1070,45-54,Other,Walking,19,79.9,16258,121,6.7,3.27,53.6,5,Garmin
FIT-603860,2025-03-03,USR-1279,35-44,Male,HIIT,97,1085.3,10872,76,5.6,1.12,88.8,1,Apple Watch
FIT-601061,2025-03-04,USR-1175,25-34,Female,Walking,13,62.4,13794,65,6.2,1.18,80.1,3,Mi Band
FIT-600408,2025-03-04,USR-1116,45-54,Male,Cycling,68,615.8,11990,142,8.9,2.45,79.5,2,Apple Watch
FIT-600842,2025-03-04,USR-1444,18-24,Female,Walking,27,133.5,8610,167,8.5,3.21,59.0,5,Samsung Galaxy Watch
FIT-600717,2025-03-04,USR-1146,35-44,Female,Swimming,98,750.2,4779,97,6.6,1.89,108.0,2,Mi Band
FIT-601269,2025-03-05,USR-1349,18-24,Male,Strength Training,49,307.7,12596,149,7.6,1.61,60.4,3,Apple Watch
FIT-602795,2025-03-05,USR-1251,18-24,Male,Strength Training,98,596.1,12046,110,4.0,3.88,48.9,3,Fitbit
FIT-603458,2025-03-05,USR-1492,25-34,Male,Cycling,43,371.3,9157,85,4.6,1.92,75.5,2,Mi Band
FIT-601467,2025-03-05,USR-1048,18-24,Male,Swimming,15,121.9,1167,116,6.2,3.84,49.2,4,Fitbit
FIT-601205,2025-03-05,USR-1060,18-24,Female,Cycling,94,669.6,8055,88,5.0,2.32,97.5,3,Mi Band
FIT-601308,2025-03-05,USR-1320,35-44,Male,Yoga,65,214.3,7854,80,5.3,1.65,99.8,2,Mi Band
FIT-600991,2025-03-05,USR-1165,18-24,Male,HIIT,84,887.6,11214,99,9.4,3.32,101.7,5,Apple Watch
FIT-602975,2025-03-05,USR-1030,25-34,Male,Walking,13,51.5,7802,113,6.5,1.8,55.1,2,Fitbit
FIT-600484,2025-03-06,USR-1224,35-44,Female,HIIT,59,703.6,6348,112,5.1,2.47,107.3,1,Apple Watch
FIT-601918,2025-03-06,USR-1068,55+,Female,Yoga,55,177.4,7983,140,7.5,2.3,76.7,4,Garmin
FIT-602444,2025-03-06,USR-1476,55+,Male,Yoga,83,245.6,9367,152,8.4,2.97,89.6,4,Fitbit
FIT-602769,2025-03-06,USR-1162,35-44,Male,Yoga,119,307.4,4004,99,9.3,1.99,108.1,5,Apple Watch
FIT-603608,2025-03-06,USR-1415,55+,Male,Swimming,28,286.6,14314,143,4.1,3.26,60.1,5,Fitbit
FIT-603347,2025-03-06,USR-1478,25-34,Female,Swimming,44,379.4,13092,171,7.3,1.71,72.1,5,Garmin
FIT-602564,2025-03-06,USR-1237,45-54,Male,Cycling,95,650.7,14772,107,8.9,2.33,81.4,2,Apple Watch
FIT-603586,2025-03-07,USR-1215,25-34,Male,Strength Training,91,494.8,14872,129,5.9,2.27,71.1,2,Fitbit
FIT-601084,2025-03-07,USR-1085,45-54,Male,Swimming,119,1224.3,12790,78,4.7,2.74,98.7,4,Mi Band
FIT-600912,2025-03-07,USR-1425,35-44,Male,Yoga,106,308.5,8177,171,6.0,1.71,91.5,4,Mi Band
FIT-602146,2025-03-07,USR-1059,25-34,Female,Walking,117,603.6,8633,174,4.5,0.63,92.8,5,Samsung Galaxy Watch
FIT-603260,2025-03-07,USR-1098,18-24,Male,HIIT,108,1211.7,5710,173,4.4,1.96,54.2,3,Samsung Galaxy Watch
FIT-601470,2025-03-07,USR-1054,18-24,Female,Running,95,987.6,9855,144,8.3,2.96,61.3,5,Garmin
FIT-601635,2025-03-07,USR-1289,35-44,Male,Swimming,40,346.7,13206,151,4.7,2.33,104.5,5,Mi Band
FIT-600017,2025-03-07,USR-1203,18-24,Female,Walking,16,72.1,14626,103,5.5,1.55,100.4,4,Samsung Galaxy Watch
FIT-601781,2025-03-07,USR-1136,18-24,Female,Cycling,14,109.3,17031,95,8.9,2.05,106.2,1,Fitbit
FIT-601725,2025-03-07,USR-1347,25-34,Male,Running,18,213.1,14278,83,6.3,3.94,96.1,1,Garmin
FIT-600726,2025-03-07,USR-1170,25-34,Female,Yoga,40,102.1,15958,100,8.0,0.55,103.9,5,Garmin
FIT-601555,2025-03-07,USR-1157,25-34,Female,Strength Training,48,251.2,8928,174,6.3,1.8,49.1,1,Fitbit
FIT-601337,2025-03-07,USR-1038,35-44,Male,Walking,119,505.2,12327,134,8.0,2.02,91.6,1,Apple Watch
FIT-601670,2025-03-07,USR-1460,35-44,Male,Walking,25,101.0,2048,170,9.3,1.15,69.3,1,Samsung Galaxy Watch
FIT-603869,2025-03-07,USR-1079,25-34,Female,Swimming,94,801.7,13725,136,9.1,2.2,109.2,3,Garmin
FIT-600827,2025-03-08,USR-1165,18-24,Male,Yoga,92,312.5,9849,130,7.8,0.89,49.4,5,Samsung Galaxy Watch
FIT-601101,2025-03-09,USR-1133,18-24,Female,Walking,63,273.4,4047,165,4.9,3.84,94.2,5,Garmin
FIT-602210,2025-03-09,USR-1339,25-34,Female,Swimming,78,787.7,4674,114,4.1,3.42,48.3,1,Apple Watch
FIT-602136,2025-03-09,USR-1113,35-44,Male,Yoga,59,189.8,8273,101,7.4,2.49,56.8,1,Fitbit
FIT-602287,2025-03-09,USR-1076,55+,Male,Running,65,783.1,1988,158,5.0,3.52,65.2,1,Fitbit
FIT-603201,2025-03-09,USR-1227,18-24,Female,Running,43,421.3,1675,146,5.7,0.52,46.8,2,Mi Band
FIT-600687,2025-03-09,USR-1146,35-44,Other,Strength Training,34,199.4,6894,91,4.6,3.22,71.9,5,Mi Band
FIT-603810,2025-03-09,USR-1225,18-24,Male,Running,25,242.9,9152,84,8.8,1.93,45.9,4,Fitbit
FIT-601209,2025-03-09,USR-1316,25-34,Female,Running,15,167.6,3971,102,5.0,1.82,96.8,3,Mi Band
FIT-601962,2025-03-10,USR-1492,55+,Male,Strength Training,44,300.7,5311,86,7.8,2.96,56.2,4,Samsung Galaxy Watch
FIT-602267,2025-03-10,USR-1002,35-44,Male,Strength Training,92,491.3,1416,149,8.8,2.39,55.2,2,Fitbit
FIT-601730,2025-03-10,USR-1232,25-34,Male,HIIT,107,1155.7,7781,91,6.5,2.01,103.6,1,Garmin
FIT-603996,2025-03-10,USR-1300,18-24,Female,Yoga,64,196.7,5176,147,8.2,3.51,85.9,1,Fitbit
FIT-600326,2025-03-10,USR-1170,45-54,Female,Strength Training,60,410.8,5819,101,5.6,1.02,109.6,5,Fitbit
FIT-603775,2025-03-11,USR-1191,25-34,Female,Yoga,61,176.1,9689,125,4.1,1.28,63.5,5,Apple Watch
FIT-601116,2025-03-11,USR-1120,25-34,Female,Strength Training,114,747.7,10234,76,7.4,0.92,70.1,2,Garmin
FIT-600255,2025-03-11,USR-1139,25-34,Female,Yoga,20,61.7,16844,153,5.7,3.66,60.4,1,Fitbit
FIT-601923,2025-03-12,USR-1070,35-44,Male,Swimming,48,431.8,11238,84,5.8,0.68,105.3,4,Garmin
FIT-602207,2025-03-12,USR-1158,55+,Male,Yoga,18,51.3,15620,127,4.7,2.48,56.6,3,Apple Watch
FIT-603585,2025-03-12,USR-1164,25-34,Female,Cycling,93,756.1,1779,126,8.7,0.61,83.1,1,Fitbit
FIT-600331,2025-03-12,USR-1207,35-44,Female,Cycling,30,213.5,12151,147,4.7,1.13,66.4,4,Apple Watch
FIT-600110,2025-03-12,USR-1015,25-34,Female,Strength Training,19,118.9,7906,133,7.7,3.46,79.8,4,Samsung Galaxy Watch
FIT-602613,2025-03-12,USR-1076,35-44,Female,Yoga,34,117.2,17739,107,5.8,1.4,80.6,4,Garmin
FIT-602614,2025-03-12,USR-1094,35-44,Female,HIIT,106,1125.4,15155,148,4.9,3.67,69.3,2,Fitbit
FIT-601301,2025-03-12,USR-1352,45-54,Female,Swimming,74,683.0,8136,137,4.1,1.66,103.8,5,Apple Watch
FIT-603641,2025-03-12,USR-1348,25-34,Female,Strength Training,92,541.0,10597,118,5.4,3.12,102.1,2,Garmin
FIT-602239,2025-03-13,USR-1060,25-34,Female,HIIT,95,1129.4,4984,149,8.8,3.96,95.1,3,Samsung Galaxy Watch
FIT-603701,2025-03-13,USR-1221,25-34,Female,HIIT,12,160.6,4770,164,5.7,3.07,86.9,4,Mi Band
FIT-600471,2025-03-13,USR-1417,35-44,Female,Strength Training,44,267.6,2648,132,5.0,0.66,84.1,4,Samsung Galaxy Watch
FIT-602583,2025-03-13,USR-1025,18-24,Male,Swimming,104,874.6,17152,85,4.7,2.27,66.6,1,Fitbit
FIT-603609,2025-03-13,USR-1061,35-44,Male,Cycling,13,92.9,14491,87,6.1,0.65,53.9,5,Fitbit
FIT-602655,2025-03-13,USR-1168,18-24,Female,Swimming,26,259.8,17652,174,7.4,2.88,67.4,4,Mi Band
FIT-600224,2025-03-13,USR-1127,55+,Male,Swimming,65,622.3,8567,126,5.7,1.04,69.3,4,Mi Band
FIT-602798,2025-03-13,USR-1483,55+,Male,Swimming,75,675.3,17475,113,4.8,1.95,61.0,1,Apple Watch
FIT-601330,2025-03-14,USR-1326,45-54,Female,Walking,40,201.8,7564,172,8.2,2.15,71.7,4,Apple Watch
FIT-602684,2025-03-14,USR-1258,25-34,Female,HIIT,15,159.0,3358,77,9.1,2.05,95.1,3,Samsung Galaxy Watch
FIT-602238,2025-03-14,USR-1041,25-34,Male,Cycling,14,105.2,3460,126,6.7,2.65,48.4,2,Fitbit
FIT-603956,2025-03-14,USR-1496,35-44,Female,Yoga,108,289.6,1987,81,6.6,3.36,70.3,2,Mi Band
FIT-602353,2025-03-15,USR-1052,25-34,Female,Cycling,24,203.6,5401,166,5.0,0.6,78.2,2,Samsung Galaxy Watch
FIT-603629,2025-03-15,USR-1499,25-34,Female,HIIT,53,582.9,9971,142,7.8,2.26,63.4,2,Samsung Galaxy Watch
FIT-601549,2025-03-15,USR-1406,25-34,Female,Strength Training,114,635.8,1348,98,9.2,1.86,51.6,1,Fitbit
FIT-600982,2025-03-15,USR-1259,18-24,Female,Cycling,63,464.4,5273,165,5.5,3.95,98.2,2,Fitbit
FIT-601947,2025-03-15,USR-1368,35-44,Female,HIIT,46,557.7,15838,147,8.7,2.72,76.5,2,Mi Band
FIT-603340,2025-03-16,USR-1136,35-44,Male,Yoga,34,101.7,13906,132,8.7,3.9,81.2,3,Apple Watch
FIT-603253,2025-03-16,USR-1143,25-34,Female,Yoga,67,172.6,5021,161,8.5,2.17,78.4,2,Samsung Galaxy Watch
FIT-601686,2025-03-16,USR-1203,35-44,Male,Running,12,139.7,3849,79,4.2,1.62,52.5,1,Fitbit
FIT-602891,2025-03-16,USR-1074,35-44,Male,Strength Training,119,729.2,13921,119,7.6,3.7,45.9,2,Garmin
FIT-601672,2025-03-17,USR-1120,25-34,Female,Yoga,27,87.4,16633,111,7.4,2.54,73.0,3,Garmin
FIT-600538,2025-03-17,USR-1448,25-34,Male,Running,56,677.6,17103,72,7.9,3.4,90.5,1,Apple Watch
FIT-601850,2025-03-17,USR-1015,25-34,Male,Yoga,117,316.3,13944,94,6.3,3.72,90.3,1,Mi Band
FIT-600474,2025-03-17,USR-1090,45-54,Female,Walking,14,56.2,13285,165,8.1,3.12,85.0,2,Mi Band
FIT-603667,2025-03-17,USR-1472,25-34,Female,Running,111,1296.8,7300,159,7.7,2.46,90.6,5,Fitbit
FIT-602959,2025-03-17,USR-1249,35-44,Female,Swimming,119,1123.0,14022,98,9.2,3.86,94.7,4,Apple Watch
FIT-601540,2025-03-18,USR-1436,35-44,Male,HIIT,81,1006.9,8719,103,5.3,3.45,64.2,3,Garmin
FIT-600481,2025-03-18,USR-1417,25-34,Other,Running,73,826.5,9009,134,6.3,2.14,75.7,5,Samsung Galaxy Watch
FIT-603689,2025-03-18,USR-1214,25-34,Male,Walking,108,503.6,11464,163,5.8,2.09,52.0,2,Fitbit
FIT-602603,2025-03-18,USR-1298,18-24,Female,Running,83,832.2,15578,96,5.0,0.81,92.7,3,Fitbit
FIT-602752,2025-03-18,USR-1113,45-54,Male,HIIT,112,1391.7,7302,70,7.5,0.51,49.6,2,Apple Watch
FIT-600296,2025-03-18,USR-1418,45-54,Female,Strength Training,96,573.9,9868,115,5.4,3.47,76.8,1,Fitbit
FIT-602305,2025-03-19,USR-1085,55+,Male,Yoga,118,305.1,14287,84,7.4,3.94,78.3,1,Mi Band
FIT-600380,2025-03-19,USR-1083,25-34,Female,Walking,118,606.3,5448,151,8.6,3.55,52.0,3,Fitbit
FIT-601484,2025-03-19,USR-1080,18-24,Male,Swimming,27,247.7,13713,112,6.6,1.94,84.5,3,Fitbit
FIT-603358,2025-03-19,USR-1220,18-24,Male,Walking,95,480.7,6088,112,8.8,2.13,55.2,1,Mi Band
FIT-601845,2025-03-19,USR-1260,25-34,Female,Yoga,66,222.1,17254,123,8.8,2.98,85.4,2,Mi Band
FIT-603148,2025-03-19,USR-1190,18-24,Female,Running,12,122.9,15523,143,9.0,1.83,92.6,4,Mi Band
FIT-601126,2025-03-20,USR-1042,25-34,Other,Swimming,113,1034.1,10617,124,8.4,1.98,47.1,5,Apple Watch
FIT-603755,2025-03-20,USR-1238,25-34,Male,Strength Training,26,143.9,1875,138,6.1,2.07,49.5,1,Mi Band
FIT-601712,2025-03-20,USR-1209,45-54,Male,Cycling,17,118.8,1910,83,5.8,0.89,102.0,5,Samsung Galaxy Watch
FIT-600521,2025-03-20,USR-1386,35-44,Male,Cycling,111,966.9,8186,82,4.8,3.16,89.1,4,Fitbit
FIT-603590,2025-03-20,USR-1130,25-34,Male,HIIT,32,381.7,9463,151,5.2,0.9,102.5,2,Garmin
FIT-601552,2025-03-20,USR-1433,35-44,Male,Yoga,53,170.6,7712,101,8.3,1.23,89.2,3,Samsung Galaxy Watch
FIT-603630,2025-03-21,USR-1049,35-44,Male,Walking,97,375.1,8644,153,5.4,3.66,50.2,5,Apple Watch
FIT-600906,2025-03-21,USR-1127,25-34,Female,Yoga,12,37.4,10695,107,9.3,2.13,55.3,4,Fitbit
FIT-602524,2025-03-21,USR-1297,35-44,Female,Walking,66,339.6,14029,166,6.7,2.06,61.2,3,Samsung Galaxy Watch
FIT-601406,2025-03-22,USR-1384,35-44,Male,Strength Training,119,719.7,8409,72,4.3,3.57,46.5,3,Garmin
FIT-601175,2025-03-22,USR-1489,18-24,Male,Running,58,625.6,5536,165,7.8,2.49,67.7,2,Samsung Galaxy Watch
FIT-601872,2025-03-22,USR-1391,25-34,Male,HIIT,32,355.5,15796,108,7.3,1.91,68.8,1,Samsung Galaxy Watch
FIT-603674,2025-03-22,USR-1393,35-44,Male,Running,83,946.2,3442,97,7.3,2.08,97.1,1,Samsung Galaxy Watch
FIT-601306,2025-03-23,USR-1060,18-24,Female,Walking,93,390.4,5960,164,7.5,1.47,81.6,4,Mi Band
FIT-600431,2025-03-23,USR-1258,35-44,Male,Running,17,170.5,13050,102,7.5,1.11,52.2,4,Mi Band
FIT-600308,2025-03-23,USR-1393,25-34,Male,Yoga,27,73.7,16315,94,7.0,2.52,91.8,5,Fitbit
FIT-603745,2025-03-23,USR-1073,55+,Male,HIIT,107,1434.5,1382,170,7.6,2.8,91.8,3,Samsung Galaxy Watch
FIT-602609,2025-03-23,USR-1130,18-24,Female,Walking,50,211.5,17117,160,4.2,1.26,46.2,5,Garmin
FIT-601514,2025-03-23,USR-1194,18-24,Male,Strength Training,50,262.3,2556,111,7.9,3.85,49.7,1,Apple Watch
FIT-601860,2025-03-23,USR-1313,25-34,Female,Running,51,568.0,1935,129,5.2,2.38,51.2,3,Apple Watch
FIT-601410,2025-03-24,USR-1405,45-54,Male,Walking,103,468.7,10696,86,5.5,3.32,47.2,3,Garmin
FIT-600238,2025-03-24,USR-1409,25-34,Male,Walking,118,456.8,11466,170,5.2,3.68,51.5,3,Samsung Galaxy Watch
FIT-602360,2025-03-24,USR-1028,35-44,Male,Swimming,48,370.2,8589,101,7.7,3.78,94.3,3,Apple Watch
FIT-602712,2025-03-25,USR-1332,45-54,Female,HIIT,110,1464.3,1332,172,5.7,1.86,78.9,2,Fitbit
FIT-602557,2025-03-25,USR-1146,25-34,Female,Swimming,98,999.4,3247,144,4.8,1.6,82.7,1,Samsung Galaxy Watch
FIT-600241,2025-03-25,USR-1333,45-54,Male,Swimming,100,820.3,12146,90,6.2,3.44,100.2,2,Samsung Galaxy Watch
FIT-600165,2025-03-25,USR-1484,25-34,Female,Running,37,410.9,8177,66,6.7,3.98,95.1,1,Samsung Galaxy Watch
FIT-600421,2025-03-25,USR-1026,35-44,Other,Cycling,56,387.9,6161,149,8.2,3.6,80.9,4,Samsung Galaxy Watch
FIT-601503,2025-03-26,USR-1200,25-34,Female,Yoga,77,239.0,12688,140,9.1,0.87,79.7,2,Samsung Galaxy Watch
FIT-600070,2025-03-26,USR-1022,35-44,Male,Swimming,93,838.2,9563,119,4.4,0.61,45.4,2,Samsung Galaxy Watch
FIT-602064,2025-03-26,USR-1006,25-34,Female,Running,48,470.2,2407,92,8.4,3.57,54.8,2,Apple Watch
FIT-603171,2025-03-26,USR-1020,35-44,Female,Running,23,290.4,13298,162,7.6,1.67,47.4,1,Mi Band
FIT-600616,2025-03-26,USR-1147,25-34,Male,Swimming,63,583.6,3517,118,4.7,2.28,64.8,5,Apple Watch
FIT-601016,2025-03-26,USR-1295,18-24,Female,Cycling,59,511.2,7748,159,9.2,0.55,48.7,2,Garmin
FIT-600423,2025-03-26,USR-1414,35-44,Male,Yoga,78,267.9,2621,136,7.3,2.8,101.2,4,Samsung Galaxy Watch
FIT-603418,2025-03-26,USR-1151,25-34,Female,Yoga,91,259.1,13402,143,4.5,1.02,91.8,3,Apple Watch
FIT-603287,2025-03-26,USR-1042,18-24,Male,Walking,17,72.1,1367,93,9.5,3.97,61.8,4,Fitbit
FIT-602283,2025-03-26,USR-1496,25-34,Male,Strength Training,40,225.9,15811,112,5.7,2.45,98.4,3,Garmin
FIT-600435,2025-03-26,USR-1284,45-54,Male,Running,21,260.4,15330,94,7.8,0.86,89.1,5,Mi Band
FIT-600662,2025-03-27,USR-1447,35-44,Female,Yoga,100,306.9,11492,95,8.8,1.47,62.8,1,Apple Watch
FIT-602672,2025-03-27,USR-1349,25-34,Male,Strength Training,96,518.4,15620,156,6.3,0.53,88.6,5,Apple Watch
FIT-601594,2025-03-27,USR-1453,25-34,Female,Swimming,47,392.1,3364,105,7.6,2.45,82.1,1,Mi Band
FIT-603578,2025-03-27,USR-1290,25-34,Female,Swimming,91,884.4,16083,110,6.8,1.96,62.2,2,Garmin
FIT-601493,2025-03-28,USR-1151,25-34,Female,Strength Training,119,705.4,8237,75,5.5,1.26,46.2,2,Fitbit
FIT-602472,2025-03-28,USR-1329,25-34,Female,Yoga,91,266.8,10979,170,9.2,0.67,58.4,3,Garmin
FIT-602531,2025-03-28,USR-1083,25-34,Female,Cycling,94,850.8,3816,122,4.8,3.65,58.6,1,Mi Band
FIT-602857,2025-03-28,USR-1043,55+,Male,Walking,34,136.2,16167,77,9.4,3.08,83.7,3,Mi Band
FIT-601614,2025-03-28,USR-1014,25-34,Male,Strength Training,61,420.3,4381,99,5.4,1.4,66.2,3,Samsung Galaxy Watch
FIT-603105,2025-03-29,USR-1018,35-44,Female,HIIT,60,691.2,7333,155,5.0,3.11,63.1,2,Apple Watch
FIT-603317,2025-03-29,USR-1177,18-24,Male,Strength Training,76,417.8,15527,107,8.9,0.59,62.5,1,Fitbit
FIT-602625,2025-03-29,USR-1466,25-34,Male,Swimming,21,172.5,16406,150,4.4,1.34,105.5,5,Garmin
FIT-601232,2025-03-30,USR-1060,25-34,Male,Swimming,114,880.5,5766,164,5.9,3.82,80.7,4,Apple Watch
FIT-603682,2025-03-30,USR-1343,45-54,Male,Strength Training,40,233.3,6042,174,8.0,2.3,60.7,3,Apple Watch
FIT-600077,2025-03-30,USR-1487,35-44,Male,Running,97,1191.0,9509,136,5.9,1.67,49.5,1,Garmin
FIT-601739,2025-03-30,USR-1091,18-24,Female,Walking,76,320.9,5927,155,6.8,3.23,109.4,4,Samsung Galaxy Watch
FIT-601876,2025-03-30,USR-1394,35-44,Male,Swimming,100,899.2,4885,115,8.8,3.79,66.4,4,Garmin
FIT-600262,2025-03-30,USR-1150,55+,Male,Yoga,41,134.4,3114,107,4.6,2.66,62.4,5,Fitbit
FIT-603766,2025-03-31,USR-1278,25-34,Female,Yoga,85,240.2,11964,78,8.5,1.17,103.2,5,Samsung Galaxy Watch
FIT-601619,2025-03-31,USR-1259,18-24,Male,HIIT,92,1254.3,15257,147,7.3,2.14,51.3,1,Mi Band
FIT-600600,2025-03-31,USR-1318,35-44,Male,HIIT,65,721.0,11289,151,6.3,2.57,72.5,2,Mi Band
FIT-602912,2025-04-01,USR-1341,18-24,Male,Strength Training,45,231.9,12658,93,8.9,2.62,105.8,1,Samsung Galaxy Watch
FIT-603188,2025-04-01,USR-1266,25-34,Male,Walking,35,156.6,1896,139,7.6,1.15,66.4,5,Mi Band
FIT-602498,2025-04-01,USR-1015,25-34,Female,Yoga,49,154.1,10518,84,6.8,1.21,55.4,4,Garmin
FIT-603776,2025-04-01,USR-1341,35-44,Other,Running,70,803.0,5877,112,7.2,0.61,84.2,3,Fitbit
FIT-603569,2025-04-01,USR-1376,25-34,Female,Running,111,1121.3,17805,91,6.6,2.71,79.1,4,Fitbit
FIT-601963,2025-04-01,USR-1231,35-44,Female,Strength Training,47,272.2,17176,116,7.0,0.57,102.3,2,Apple Watch
FIT-601688,2025-04-01,USR-1310,18-24,Female,Swimming,13,116.8,4442,106,6.7,1.95,91.4,4,Samsung Galaxy Watch
FIT-600961,2025-04-02,USR-1204,18-24,Female,HIIT,76,1023.8,11828,147,6.0,3.28,103.7,1,Fitbit
FIT-602565,2025-04-02,USR-1121,25-34,Male,Walking,100,506.2,3627,173,4.8,2.59,73.6,4,Fitbit
FIT-601833,2025-04-02,USR-1368,25-34,Female,Strength Training,24,154.3,2526,112,5.6,1.81,107.2,5,Fitbit
FIT-601597,2025-04-02,USR-1139,55+,Female,HIIT,41,460.7,4675,66,9.3,1.74,64.3,3,Garmin
FIT-601202,2025-04-03,USR-1493,35-44,Male,Yoga,78,258.2,15013,154,4.7,2.7,109.2,4,Apple Watch
FIT-601764,2025-04-03,USR-1026,55+,Male,Walking,21,88.6,8419,72,9.0,1.94,98.5,3,Samsung Galaxy Watch
FIT-600313,2025-04-03,USR-1297,18-24,Male,Running,97,1147.7,7736,105,5.3,3.58,57.4,3,Fitbit
FIT-601193,2025-04-03,USR-1220,35-44,Female,Running,31,340.2,15192,111,6.5,0.82,52.6,1,Apple Watch
FIT-600819,2025-04-03,USR-1354,55+,Female,Walking,44,172.4,16899,124,8.8,2.43,52.1,2,Garmin
FIT-603662,2025-04-04,USR-1233,18-24,Male,HIIT,16,192.4,1349,168,6.9,1.21,97.2,3,Apple Watch
FIT-601011,2025-04-04,USR-1474,25-34,Male,Running,15,140.5,10386,167,4.7,3.53,99.3,3,Samsung Galaxy Watch
FIT-602656,2025-04-04,USR-1164,35-44,Male,Swimming,11,85.6,16801,135,5.8,1.6,107.1,3,Garmin
FIT-600324,2025-04-04,USR-1395,45-54,Female,Swimming,17,170.1,16896,89,7.1,1.15,66.5,2,Samsung Galaxy Watch
FIT-600748,2025-04-04,USR-1388,55+,Male,Strength Training,27,147.9,16468,91,4.3,3.85,62.3,1,Mi Band
FIT-603884,2025-04-05,USR-1052,25-34,Male,HIIT,65,838.9,5772,126,9.0,3.35,108.4,3,Garmin
FIT-601805,2025-04-05,USR-1267,25-34,Male,Yoga,89,294.0,14516,141,8.8,2.89,103.3,5,Samsung Galaxy Watch
FIT-601859,2025-04-05,USR-1291,35-44,Female,Walking,35,150.0,12732,157,4.5,3.36,46.6,4,Mi Band
FIT-600560,2025-04-05,USR-1497,45-54,Male,Running,51,639.7,664,144,8.6,3.02,99.7,1,Garmin
FIT-601994,2025-04-06,USR-1491,25-34,Male,Swimming,49,473.2,16084,170,8.2,1.49,102.8,2,Mi Band
FIT-602257,2025-04-06,USR-1177,35-44,Female,Cycling,11,90.6,10451,99,5.6,0.58,80.1,4,Fitbit
FIT-602111,2025-04-06,USR-1141,35-44,Male,Strength Training,63,396.1,3634,112,9.3,1.08,90.0,4,Mi Band
FIT-603499,2025-04-06,USR-1323,25-34,Female,Walking,13,58.5,2275,84,7.7,2.82,52.5,4,Mi Band
FIT-600261,2025-04-07,USR-1455,25-34,Female,Strength Training,108,707.4,17851,156,6.0,0.96,64.8,3,Fitbit
FIT-602504,2025-04-07,USR-1471,35-44,Male,Running,87,1053.9,3871,168,8.6,3.39,57.7,2,Garmin
FIT-603661,2025-04-07,USR-1260,18-24,Male,Strength Training,106,567.2,3529,87,5.1,3.11,86.8,2,Mi Band
FIT-602226,2025-04-07,USR-1071,45-54,Female,Walking,29,127.9,2322,152,4.9,0.66,47.2,4,Samsung Galaxy Watch
FIT-600625,2025-04-07,USR-1294,45-54,Male,Strength Training,83,535.0,16700,106,7.4,0.5,64.7,5,Apple Watch
FIT-602970,2025-04-07,USR-1319,55+,Male,Strength Training,70,395.2,761,114,8.4,3.64,64.7,4,Mi Band
FIT-601756,2025-04-07,USR-1321,18-24,Other,Running,80,800.5,9834,125,6.3,3.95,55.3,1,Garmin
FIT-602263,2025-04-08,USR-1318,25-34,Female,Strength Training,15,83.5,6854,104,8.9,2.31,88.6,2,Garmin
FIT-601361,2025-04-08,USR-1388,25-34,Female,HIIT,59,762.4,12732,68,5.4,0.8,63.2,2,Apple Watch
FIT-600170,2025-04-08,USR-1189,45-54,Male,HIIT,96,1184.6,16215,143,6.3,2.27,64.4,1,Samsung Galaxy Watch
FIT-600568,2025-04-09,USR-1437,35-44,Male,Swimming,74,622.4,5748,153,5.2,2.71,49.9,2,Apple Watch
FIT-601641,2025-04-09,USR-1129,45-54,Male,Strength Training,71,364.7,14859,164,6.7,1.41,87.0,5,Apple Watch
FIT-600631,2025-04-09,USR-1440,35-44,Male,Walking,58,245.5,15945,140,5.4,1.07,86.2,1,Fitbit
FIT-602365,2025-04-09,USR-1082,25-34,Male,Walking,111,426.2,3854,126,4.1,3.57,55.5,5,Garmin
FIT-603875,2025-04-09,USR-1266,18-24,Male,HIIT,50,572.9,9680,92,4.6,1.82,49.3,2,Garmin
FIT-603782,2025-04-09,USR-1307,35-44,Female,HIIT,68,770.0,10381,110,4.9,0.54,105.9,3,Apple Watch
FIT-603778,2025-04-09,USR-1031,35-44,Female,Yoga,15,51.4,14260,156,7.9,2.74,97.0,2,Samsung Galaxy Watch
FIT-603610,2025-04-10,USR-1143,25-34,Female,Running,79,738.9,15114,117,4.5,2.94,65.2,5,Mi Band
FIT-601763,2025-04-10,USR-1025,55+,Female,Cycling,26,218.2,9785,89,6.8,0.77,85.2,5,Garmin
FIT-601528,2025-04-10,USR-1045,25-34,Male,Strength Training,118,799.4,7174,101,8.7,2.01,100.4,3,Apple Watch
FIT-601039,2025-04-10,USR-1035,35-44,Female,Running,69,828.2,12725,153,7.6,2.34,90.3,3,Garmin
FIT-601168,2025-04-11,USR-1444,35-44,Male,Yoga,25,65.4,16558,70,6.4,3.09,72.5,2,Fitbit
FIT-600554,2025-04-11,USR-1311,25-34,Female,Walking,92,423.6,16111,135,4.7,3.64,100.5,2,Apple Watch
FIT-600188,2025-04-11,USR-1027,35-44,Female,Yoga,74,199.8,17121,101,6.3,2.54,72.1,2,Mi Band
FIT-603302,2025-04-11,USR-1100,25-34,Female,HIIT,73,947.5,12313,123,7.2,2.31,92.3,4,Apple Watch
FIT-600451,2025-04-11,USR-1093,35-44,Male,Yoga,69,193.7,10502,145,5.9,1.05,86.8,1,Mi Band
FIT-600887,2025-04-11,USR-1176,55+,Female,Swimming,110,1012.0,14918,139,6.9,1.98,57.8,4,Mi Band
FIT-600064,2025-04-12,USR-1072,25-34,Female,HIIT,85,1062.6,4629,67,8.8,1.31,108.3,3,Mi Band
FIT-602951,2025-04-12,USR-1356,25-34,Female,Swimming,116,933.8,16868,143,7.2,1.37,72.1,4,Fitbit
FIT-602616,2025-04-13,USR-1427,25-34,Female,Yoga,83,277.4,16734,71,6.9,0.99,73.1,3,Apple Watch
FIT-603576,2025-04-13,USR-1314,35-44,Male,Cycling,33,294.6,12905,160,5.8,2.48,86.7,5,Apple Watch
FIT-600368,2025-04-13,USR-1039,25-34,Female,Cycling,23,164.6,4012,128,8.8,2.38,95.1,4,Mi Band
FIT-602205,2025-04-14,USR-1453,25-34,Female,Strength Training,92,485.5,5634,71,4.0,2.57,54.5,4,Apple Watch
FIT-601992,2025-04-14,USR-1448,25-34,Female,Running,47,502.7,7176,88,8.8,0.53,105.8,4,Fitbit
FIT-601783,2025-04-14,USR-1406,35-44,Male,Walking,75,371.8,6484,112,8.7,1.35,91.4,5,Samsung Galaxy Watch
FIT-603941,2025-04-14,USR-1149,18-24,Male,HIIT,116,1524.6,1521,164,5.9,2.02,75.2,1,Fitbit
FIT-602082,2025-04-15,USR-1009,25-34,Female,Strength Training,43,255.6,15290,94,9.2,3.06,66.0,3,Apple Watch
FIT-603837,2025-04-15,USR-1462,18-24,Female,Yoga,115,329.0,6516,149,8.0,2.78,52.0,1,Mi Band
FIT-602636,2025-04-15,USR-1327,35-44,Male,Yoga,34,91.6,11756,71,5.2,1.17,81.5,5,Fitbit
FIT-602083,2025-04-15,USR-1181,35-44,Female,Swimming,96,876.8,3669,148,6.2,1.87,54.9,3,Garmin
FIT-603481,2025-04-15,USR-1058,35-44,Female,HIIT,37,377.6,11983,67,8.9,1.59,108.9,5,Samsung Galaxy Watch
FIT-600356,2025-04-15,USR-1138,25-34,Female,Swimming,15,128.3,5838,127,4.9,0.65,94.6,2,Garmin
FIT-602212,2025-04-15,USR-1353,18-24,Male,Yoga,80,231.1,1368,74,6.9,2.11,47.7,5,Samsung Galaxy Watch
FIT-600612,2025-04-15,USR-1062,18-24,Male,Walking,119,531.1,16183,72,9.0,3.43,80.8,1,Garmin
FIT-601225,2025-04-15,USR-1065,55+,Male,Swimming,106,920.9,7711,70,6.1,2.94,45.1,3,Fitbit
FIT-600138,2025-04-16,USR-1168,18-24,Male,Walking,25,110.1,7936,72,4.2,1.9,109.7,2,Mi Band
FIT-600743,2025-04-16,USR-1255,35-44,Male,Walking,20,99.6,10943,158,8.0,0.99,77.4,2,Apple Watch
FIT-600516,2025-04-16,USR-1409,55+,Male,Yoga,78,251.4,2593,79,5.1,2.85,56.7,4,Fitbit
FIT-601785,2025-04-16,USR-1248,45-54,Male,HIIT,45,574.8,2288,171,7.9,2.38,50.8,3,Fitbit
FIT-603010,2025-04-16,USR-1426,55+,Other,Strength Training,35,219.7,6658,134,6.7,3.94,79.2,3,Fitbit
FIT-603259,2025-04-16,USR-1452,45-54,Female,Walking,107,519.0,4685,168,4.9,0.54,45.7,2,Samsung Galaxy Watch
FIT-600427,2025-04-16,USR-1271,25-34,Female,Yoga,35,109.5,9818,131,7.2,3.22,49.2,3,Garmin
FIT-603886,2025-04-17,USR-1227,35-44,Male,Cycling,48,401.9,1610,128,7.8,3.97,90.8,3,Samsung Galaxy Watch
FIT-602001,2025-04-17,USR-1190,35-44,Female,Cycling,97,708.5,5902,66,5.4,1.15,65.3,4,Samsung Galaxy Watch
FIT-603239,2025-04-17,USR-1421,25-34,Female,Swimming,36,361.1,4386,135,5.4,3.49,95.6,4,Apple Watch
FIT-603479,2025-04-17,USR-1101,45-54,Male,Yoga,34,102.4,16120,169,7.0,3.97,72.8,5,Apple Watch
FIT-602034,2025-04-17,USR-1368,25-34,Female,Yoga,110,342.3,11650,174,4.8,1.23,52.5,2,Garmin
FIT-600346,2025-04-17,USR-1472,18-24,Male,Strength Training,80,542.8,13960,132,8.4,3.84,104.4,2,Mi Band
FIT-603026,2025-04-17,USR-1123,25-34,Female,HIIT,43,555.1,5544,68,6.9,1.93,58.9,2,Garmin
FIT-601349,2025-04-18,USR-1033,35-44,Female,Swimming,14,118.0,7296,163,8.3,1.25,46.9,4,Fitbit
FIT-600131,2025-04-18,USR-1148,25-34,Female,Cycling,85,589.1,613,146,8.6,3.25,55.5,1,Samsung Galaxy Watch
FIT-603311,2025-04-18,USR-1346,25-34,Female,Walking,108,551.0,6064,110,5.8,2.05,99.3,1,Garmin
FIT-602407,2025-04-18,USR-1164,45-54,Female,Cycling,104,881.9,11822,96,8.8,3.76,58.0,1,Fitbit
FIT-601483,2025-04-18,USR-1072,18-24,Female,Walking,110,560.0,3508,108,4.9,3.35,61.0,1,Mi Band
FIT-600365,2025-04-18,USR-1280,45-54,Female,Swimming,92,707.3,14687,94,8.4,3.09,77.9,4,Mi Band
FIT-602984,2025-04-18,USR-1047,45-54,Female,Cycling,35,257.5,6905,126,4.2,3.53,75.1,2,Mi Band
FIT-601621,2025-04-19,USR-1026,55+,Female,Running,119,1415.7,2515,173,5.0,3.71,82.7,3,Apple Watch
FIT-600140,2025-04-19,USR-1492,35-44,Male,Walking,47,230.0,6387,87,4.9,3.49,72.5,5,Fitbit
FIT-600466,2025-04-19,USR-1064,18-24,Male,Strength Training,43,264.0,11880,130,5.7,0.85,46.7,5,Garmin
FIT-602894,2025-04-19,USR-1141,18-24,Female,Strength Training,69,421.8,4554,129,4.2,1.4,68.2,3,Apple Watch
FIT-603903,2025-04-20,USR-1428,45-54,Female,Strength Training,19,107.9,10905,107,4.2,2.85,99.3,4,Samsung Galaxy Watch
FIT-602320,2025-04-20,USR-1147,35-44,Male,Yoga,25,80.9,7537,85,9.3,1.91,68.6,1,Samsung Galaxy Watch
FIT-602086,2025-04-20,USR-1330,25-34,Male,HIIT,28,354.4,6417,98,8.3,1.75,99.1,2,Fitbit
FIT-601085,2025-04-20,USR-1061,45-54,Male,Running,48,462.4,3377,65,8.4,0.92,103.4,3,Samsung Galaxy Watch
FIT-602654,2025-04-20,USR-1262,35-44,Female,Cycling,19,153.4,2956,169,7.0,0.93,71.3,5,Garmin
FIT-601272,2025-04-20,USR-1269,25-34,Female,Cycling,45,350.3,13254,147,8.7,1.11,91.2,4,Fitbit
FIT-603204,2025-04-20,USR-1295,35-44,Male,Running,52,488.8,6761,90,8.3,0.75,103.9,5,Garmin
FIT-603285,2025-04-20,USR-1250,55+,Male,Cycling,15,122.5,5470,138,4.0,1.57,68.5,2,Mi Band
FIT-600595,2025-04-20,USR-1400,25-34,Female,Yoga,102,287.2,3058,132,7.1,1.44,75.7,1,Mi Band
FIT-600135,2025-04-21,USR-1496,18-24,Female,Yoga,12,41.4,2825,112,9.1,3.95,85.1,2,Mi Band
FIT-602954,2025-04-21,USR-1382,25-34,Male,HIIT,36,420.0,15020,78,7.3,2.49,45.7,2,Fitbit
FIT-602231,2025-04-21,USR-1003,35-44,Male,Cycling,102,813.2,12880,116,9.2,4.0,88.0,3,Apple Watch
FIT-602969,2025-04-21,USR-1124,35-44,Male,Walking,91,408.2,10937,111,8.0,2.4,84.2,5,Garmin
FIT-601965,2025-04-21,USR-1452,45-54,Female,Walking,116,515.3,14327,155,5.1,3.56,61.0,1,Mi Band
FIT-600856,2025-04-21,USR-1459,35-44,Female,Yoga,43,136.3,14040,65,5.0,0.68,83.7,5,Mi Band
FIT-601993,2025-04-22,USR-1153,18-24,Female,Swimming,101,911.8,5338,86,7.5,3.54,60.2,2,Apple Watch
FIT-602105,2025-04-22,USR-1441,25-34,Male,Yoga,34,94.9,15607,70,4.9,0.54,85.9,2,Apple Watch
FIT-601753,2025-04-22,USR-1278,18-24,Female,Running,60,602.0,7627,124,6.7,2.7,100.1,4,Apple Watch
FIT-603794,2025-04-22,USR-1004,18-24,Female,Swimming,56,474.5,13944,84,4.1,1.58,49.7,2,Apple Watch
FIT-600783,2025-04-22,USR-1232,35-44,Female,HIIT,27,282.3,2564,98,6.8,1.6,72.6,1,Mi Band
FIT-600446,2025-04-22,USR-1017,18-24,Male,Cycling,83,627.1,2707,91,4.4,2.63,50.7,5,Samsung Galaxy Watch
FIT-601836,2025-04-22,USR-1133,45-54,Male,Strength Training,88,521.8,15129,171,6.8,3.93,68.0,4,Garmin
FIT-603177,2025-04-23,USR-1100,35-44,Female,Walking,27,130.5,14345,155,5.5,1.95,72.3,3,Apple Watch
FIT-603360,2025-04-23,USR-1145,25-34,Male,Yoga,94,268.4,5635,131,9.3,3.26,102.9,5,Garmin
FIT-602152,2025-04-23,USR-1330,35-44,Male,Running,39,476.3,15074,120,7.1,3.68,94.3,2,Samsung Galaxy Watch
FIT-602518,2025-04-23,USR-1418,25-34,Female,Walking,45,174.8,1552,160,8.5,0.78,78.6,2,Mi Band
FIT-601264,2025-04-24,USR-1065,25-34,Male,Swimming,101,872.1,13284,86,4.8,2.02,46.0,3,Mi Band
FIT-601904,2025-04-24,USR-1037,25-34,Female,Strength Training,36,186.1,2250,126,7.5,2.39,45.3,4,Mi Band
FIT-602846,2025-04-24,USR-1451,25-34,Female,Cycling,70,556.6,12375,117,6.8,1.14,88.3,5,Samsung Galaxy Watch
FIT-601387,2025-04-24,USR-1303,35-44,Male,Running,48,567.7,5366,142,8.6,3.37,80.8,4,Garmin
FIT-603738,2025-04-24,USR-1069,18-24,Female,Strength Training,99,509.3,2558,72,5.7,1.55,81.0,3,Garmin
FIT-600601,2025-04-24,USR-1242,25-34,Female,Yoga,116,354.8,10186,73,8.8,2.23,105.2,1,Fitbit
FIT-602319,2025-04-24,USR-1174,18-24,Male,Walking,23,116.5,9970,99,6.7,1.2,45.3,4,Samsung Galaxy Watch
FIT-602333,2025-04-24,USR-1329,45-54,Female,HIIT,91,1036.1,16595,132,5.4,3.24,54.2,5,Mi Band
FIT-600712,2025-04-25,USR-1048,25-34,Female,Cycling,100,752.6,537,163,6.3,3.24,91.8,4,Mi Band
FIT-603670,2025-04-25,USR-1166,18-24,Male,HIIT,19,243.7,9748,102,5.1,1.11,89.2,4,Samsung Galaxy Watch
FIT-602937,2025-04-25,USR-1398,25-34,Female,Yoga,82,270.4,6927,146,8.1,1.53,71.9,1,Samsung Galaxy Watch
FIT-601486,2025-04-25,USR-1486,35-44,Female,Walking,99,463.6,2200,132,6.8,0.81,48.4,4,Apple Watch
FIT-603980,2025-04-26,USR-1342,18-24,Female,Yoga,40,136.8,3747,128,9.4,1.81,63.1,2,Mi Band
FIT-603399,2025-04-26,USR-1154,45-54,Male,HIIT,72,966.9,11692,125,6.7,2.42,85.5,5,Mi Band
FIT-603494,2025-04-26,USR-1199,45-54,Male,Cycling,91,781.8,4230,120,5.1,2.65,85.8,3,Fitbit
FIT-601933,2025-04-26,USR-1020,35-44,Male,Yoga,117,374.7,2937,161,8.6,2.52,71.2,1,Garmin
FIT-601034,2025-04-26,USR-1472,25-34,Female,HIIT,28,381.5,11755,162,7.3,1.87,64.9,3,Fitbit
FIT-600348,2025-04-26,USR-1073,35-44,Female,Running,118,1269.4,2860,104,9.5,1.04,48.5,4,Mi Band
FIT-602779,2025-04-26,USR-1385,55+,Female,Walking,113,540.8,13095,111,7.6,0.58,56.6,2,Garmin
FIT-603925,2025-04-26,USR-1036,18-24,Male,Walking,32,128.2,13339,123,6.8,3.28,47.4,3,Mi Band
FIT-602290,2025-04-26,USR-1323,25-34,Female,Walking,115,583.2,13052,108,4.7,1.76,92.0,2,Samsung Galaxy Watch
FIT-602275,2025-04-26,USR-1183,45-54,Male,Strength Training,102,651.1,4218,145,6.2,3.69,108.0,2,Samsung Galaxy Watch
FIT-602641,2025-04-26,USR-1068,55+,Male,HIIT,94,1067.5,17444,79,5.9,2.82,54.1,1,Samsung Galaxy Watch
FIT-600874,2025-04-27,USR-1205,25-34,Male,HIIT,112,1244.5,5272,173,6.5,3.77,93.7,1,Fitbit
FIT-600154,2025-04-27,USR-1182,35-44,Female,Walking,96,412.6,8678,108,7.2,3.87,54.8,1,Apple Watch
FIT-603648,2025-04-27,USR-1278,25-34,Male,Strength Training,25,152.4,2866,172,9.1,3.27,64.3,1,Fitbit
FIT-600480,2025-04-27,USR-1086,18-24,Male,HIIT,110,1329.5,1736,166,4.9,1.65,100.1,5,Samsung Galaxy Watch
FIT-603020,2025-04-28,USR-1054,35-44,Male,Running,112,1404.6,13879,69,6.1,2.81,86.3,4,Garmin
FIT-601852,2025-04-28,USR-1340,55+,Female,Running,115,1129.3,13528,149,6.5,3.55,108.8,3,Samsung Galaxy Watch
FIT-601041,2025-04-28,USR-1164,25-34,Female,Strength Training,94,559.8,10164,104,6.5,0.65,80.6,2,Garmin
FIT-601189,2025-04-28,USR-1325,25-34,Male,Yoga,109,326.8,5858,155,5.6,3.96,107.1,5,Samsung Galaxy Watch
FIT-600102,2025-04-29,USR-1095,55+,Male,Walking,39,183.0,4290,72,5.3,1.62,61.0,4,Fitbit
FIT-602404,2025-04-29,USR-1225,55+,Male,Running,54,661.9,8324,66,7.7,1.68,96.9,3,Apple Watch
FIT-602932,2025-04-29,USR-1196,35-44,Male,Running,51,608.7,3022,166,6.6,0.54,78.1,4,Garmin
FIT-601240,2025-04-30,USR-1400,45-54,Female,Cycling,100,733.4,7399,104,8.0,1.34,79.4,3,Samsung Galaxy Watch
FIT-603718,2025-04-30,USR-1426,45-54,Female,HIIT,79,1015.2,10158,97,4.9,3.28,61.6,5,Mi Band
FIT-601950,2025-04-30,USR-1322,35-44,Female,Swimming,114,1120.0,3295,80,7.6,3.23,53.9,5,Fitbit
FIT-601772,2025-04-30,USR-1402,35-44,Male,Swimming,118,1074.8,9045,92,9.3,2.8,63.8,1,Fitbit
FIT-601775,2025-05-01,USR-1105,55+,Male,Strength Training,63,337.9,7430,167,6.2,2.09,65.0,4,Fitbit
FIT-602913,2025-05-01,USR-1418,45-54,Female,Swimming,35,312.0,9658,121,7.4,3.21,54.4,3,Mi Band
FIT-602477,2025-05-01,USR-1163,25-34,Male,Cycling,29,220.6,2282,76,6.1,1.83,103.5,1,Garmin
FIT-600498,2025-05-01,USR-1183,35-44,Male,Running,111,1042.5,13587,163,8.2,2.72,97.2,3,Samsung Galaxy Watch
FIT-603538,2025-05-01,USR-1129,25-34,Male,Running,13,153.5,16048,163,4.1,3.86,67.4,4,Mi Band
FIT-603815,2025-05-01,USR-1064,35-44,Male,Running,13,134.4,17478,100,6.1,0.57,102.3,4,Apple Watch
FIT-603690,2025-05-02,USR-1273,35-44,Male,HIIT,85,935.2,11984,69,8.9,0.95,78.5,3,Garmin
FIT-600805,2025-05-02,USR-1168,18-24,Female,Walking,56,274.8,13953,106,4.8,3.39,55.7,5,Garmin
FIT-602533,2025-05-02,USR-1070,25-34,Other,HIIT,66,909.4,1025,141,7.4,2.57,59.4,1,Fitbit
FIT-603374,2025-05-02,USR-1346,25-34,Other,HIIT,67,818.3,2034,114,4.1,3.47,46.0,2,Garmin
FIT-603625,2025-05-02,USR-1000,35-44,Female,Running,113,1203.9,12133,103,5.9,2.0,92.7,3,Garmin
FIT-601159,2025-05-02,USR-1454,45-54,Male,Running,51,625.8,16091,118,8.2,2.04,46.3,4,Garmin
FIT-602142,2025-05-02,USR-1070,25-34,Female,Yoga,75,255.7,9595,92,4.9,3.83,62.6,4,Fitbit
FIT-600995,2025-05-02,USR-1438,18-24,Female,Swimming,97,745.1,11418,151,7.5,1.61,87.9,2,Mi Band
FIT-601379,2025-05-02,USR-1061,25-34,Male,Cycling,27,226.5,8927,171,8.9,3.64,69.4,4,Garmin
FIT-602839,2025-05-02,USR-1450,35-44,Male,Yoga,106,281.2,6225,160,8.5,1.71,73.5,3,Apple Watch
FIT-602057,2025-05-02,USR-1099,35-44,Female,Swimming,45,373.9,11174,112,5.1,1.11,53.0,1,Samsung Galaxy Watch
FIT-603694,2025-05-02,USR-1294,55+,Female,Cycling,10,88.1,11261,114,7.9,2.7,107.4,3,Garmin
FIT-603651,2025-05-02,USR-1220,18-24,Female,HIIT,53,641.8,5955,114,6.4,3.43,48.2,4,Mi Band
FIT-600885,2025-05-03,USR-1308,35-44,Male,Swimming,21,209.9,9413,125,6.4,3.96,63.4,5,Mi Band
FIT-602453,2025-05-03,USR-1193,25-34,Female,Cycling,46,402.9,8355,143,4.1,2.97,51.0,5,Samsung Galaxy Watch
FIT-601215,2025-05-04,USR-1129,18-24,Female,Strength Training,48,302.2,2644,110,4.7,2.7,45.1,2,Samsung Galaxy Watch
FIT-603616,2025-05-04,USR-1446,35-44,Female,HIIT,112,1282.2,8276,158,6.5,1.01,47.3,4,Garmin
FIT-603193,2025-05-04,USR-1148,25-34,Male,Strength Training,85,443.3,9405,145,7.2,2.5,83.8,4,Garmin
FIT-603143,2025-05-04,USR-1314,18-24,Female,Walking,89,453.4,10485,70,8.2,2.46,80.7,5,Mi Band
FIT-600651,2025-05-04,USR-1213,25-34,Male,Yoga,58,196.5,14788,92,6.8,3.67,67.8,5,Garmin
FIT-600089,2025-05-04,USR-1093,25-34,Male,Yoga,57,182.6,11016,162,7.4,2.43,72.4,4,Mi Band
FIT-603192,2025-05-04,USR-1387,25-34,Female,HIIT,54,744.7,6034,69,9.5,3.2,94.1,1,Apple Watch
FIT-602729,2025-05-04,USR-1075,25-34,Female,HIIT,16,164.7,582,126,8.0,3.21,65.0,5,Apple Watch
FIT-600977,2025-05-04,USR-1269,18-24,Female,Yoga,106,331.0,9382,112,9.1,2.99,46.0,1,Mi Band
FIT-601573,2025-05-05,USR-1227,35-44,Male,Swimming,17,159.4,4816,127,7.0,0.98,83.1,2,Fitbit
FIT-600558,2025-05-05,USR-1284,18-24,Female,Swimming,20,200.3,14842,71,4.7,3.09,96.5,4,Apple Watch
FIT-603472,2025-05-05,USR-1461,55+,Male,Walking,50,222.6,12591,124,7.1,2.68,64.6,5,Samsung Galaxy Watch
FIT-602079,2025-05-06,USR-1426,35-44,Female,HIIT,80,834.2,546,146,9.4,1.43,56.3,5,Mi Band
FIT-602329,2025-05-06,USR-1116,35-44,Other,Running,86,837.1,13882,102,8.0,3.85,93.4,3,Mi Band
FIT-601450,2025-05-06,USR-1065,35-44,Male,Walking,38,170.6,12450,148,4.3,2.51,77.5,1,Mi Band
FIT-603888,2025-05-07,USR-1016,45-54,Male,Yoga,59,194.4,3029,69,6.5,3.0,69.0,1,Samsung Galaxy Watch
FIT-603983,2025-05-07,USR-1361,18-24,Male,Yoga,55,142.6,7749,98,8.1,1.09,56.3,2,Mi Band
FIT-600045,2025-05-07,USR-1215,18-24,Female,HIIT,77,938.2,12669,93,5.7,1.41,45.5,1,Garmin
FIT-600694,2025-05-07,USR-1374,45-54,Male,HIIT,49,614.8,3301,104,9.1,0.57,89.9,4,Fitbit
FIT-602658,2025-05-07,USR-1085,45-54,Male,Swimming,27,222.2,14399,140,7.8,1.28,75.4,4,Apple Watch
FIT-603315,2025-05-07,USR-1456,18-24,Female,Strength Training,96,502.9,12148,164,7.4,2.88,100.4,2,Fitbit
FIT-600099,2025-05-08,USR-1324,35-44,Male,Walking,116,596.3,10947,168,5.3,3.25,53.8,2,Fitbit
FIT-603483,2025-05-08,USR-1419,35-44,Female,Running,48,467.7,9887,123,7.4,2.53,109.6,4,Garmin
FIT-600419,2025-05-08,USR-1311,25-34,Male,Strength Training,114,762.8,15616,145,4.1,1.35,68.8,3,Mi Band
FIT-601926,2025-05-08,USR-1320,55+,Female,Walking,67,337.0,1686,142,5.9,0.59,45.7,3,Mi Band
FIT-601070,2025-05-08,USR-1058,35-44,Male,HIIT,36,374.1,6525,82,9.4,2.89,47.3,4,Apple Watch
FIT-600597,2025-05-09,USR-1440,25-34,Female,Strength Training,101,594.9,5084,143,4.9,3.67,64.3,1,Fitbit
FIT-603223,2025-05-09,USR-1330,55+,Female,Running,35,417.7,11340,135,7.7,2.91,54.6,3,Fitbit
FIT-602685,2025-05-09,USR-1357,55+,Male,Cycling,56,381.9,16243,88,6.2,2.45,75.4,4,Samsung Galaxy Watch
FIT-603051,2025-05-09,USR-1148,25-34,Female,Swimming,63,533.7,6151,139,4.6,1.52,55.6,2,Garmin
FIT-603212,2025-05-10,USR-1422,18-24,Male,Running,80,828.5,15026,106,7.4,0.75,49.4,3,Mi Band
FIT-601075,2025-05-10,USR-1332,25-34,Female,Strength Training,24,165.3,8443,135,5.1,2.32,68.4,5,Fitbit
FIT-603220,2025-05-10,USR-1363,25-34,Female,Swimming,25,196.2,12485,133,5.2,2.58,94.5,4,Samsung Galaxy Watch
FIT-603435,2025-05-10,USR-1083,55+,Male,Running,45,487.0,3488,112,8.0,2.17,47.2,2,Mi Band
FIT-600562,2025-05-10,USR-1223,18-24,Female,Strength Training,14,74.8,10792,160,4.9,0.55,49.0,5,Fitbit
FIT-600639,2025-05-11,USR-1347,45-54,Male,Yoga,37,113.1,7031,163,6.0,1.35,104.0,3,Fitbit
FIT-601370,2025-05-11,USR-1165,55+,Female,Strength Training,37,197.6,10425,170,8.3,1.11,69.4,1,Samsung Galaxy Watch
FIT-600617,2025-05-11,USR-1205,18-24,Male,Swimming,70,677.0,10514,92,9.3,0.84,58.1,1,Garmin
FIT-602091,2025-05-11,USR-1412,55+,Male,Walking,14,56.2,3493,113,6.9,2.22,67.2,1,Mi Band
FIT-603240,2025-05-11,USR-1234,45-54,Male,Yoga,68,204.8,3272,132,7.0,0.99,83.5,1,Mi Band
FIT-602763,2025-05-11,USR-1224,35-44,Male,Swimming,20,201.2,13552,68,8.6,3.04,64.0,4,Mi Band
FIT-602061,2025-05-12,USR-1257,25-34,Male,Swimming,46,473.5,1865,65,5.5,2.06,78.6,2,Mi Band
FIT-602644,2025-05-12,USR-1165,35-44,Female,HIIT,69,714.9,15000,103,4.0,1.01,91.1,3,Fitbit
FIT-602113,2025-05-12,USR-1314,25-34,Female,Cycling,109,951.9,10682,165,4.8,3.98,50.7,2,Mi Band
FIT-603112,2025-05-12,USR-1009,55+,Male,Swimming,51,491.6,3186,93,5.5,2.03,66.7,2,Mi Band
FIT-600360,2025-05-12,USR-1307,25-34,Female,Running,113,1348.4,11603,103,6.3,2.68,57.9,4,Garmin
FIT-603612,2025-05-12,USR-1299,55+,Male,Walking,93,459.7,3601,148,4.7,2.06,94.2,4,Samsung Galaxy Watch
FIT-602018,2025-05-13,USR-1174,18-24,Male,Running,95,1020.1,9751,86,5.5,3.32,60.0,5,Apple Watch
FIT-601523,2025-05-13,USR-1405,35-44,Male,HIIT,41,519.9,16122,117,7.0,2.08,96.4,4,Garmin
FIT-602008,2025-05-13,USR-1110,55+,Female,Cycling,60,508.6,2199,87,9.0,0.83,68.5,2,Samsung Galaxy Watch
FIT-602178,2025-05-14,USR-1314,18-24,Female,Walking,114,501.5,3507,153,7.5,1.46,107.4,1,Fitbit
FIT-600784,2025-05-14,USR-1294,25-34,Male,Yoga,110,372.0,6687,68,7.9,1.94,98.6,4,Samsung Galaxy Watch
FIT-602670,2025-05-14,USR-1354,25-34,Male,Cycling,100,888.8,6763,120,6.4,0.88,86.3,5,Mi Band
FIT-601271,2025-05-14,USR-1482,35-44,Male,Strength Training,33,180.7,17414,85,5.3,0.94,93.2,5,Garmin
FIT-600971,2025-05-15,USR-1130,25-34,Female,Cycling,95,819.0,6035,144,8.0,1.38,83.6,2,Fitbit
FIT-603650,2025-05-15,USR-1022,35-44,Male,Swimming,25,209.2,1499,174,5.0,2.74,109.5,2,Mi Band
FIT-601131,2025-05-15,USR-1129,25-34,Female,Walking,26,129.5,7130,166,8.3,1.1,61.7,3,Garmin
FIT-602072,2025-05-15,USR-1286,35-44,Female,Running,20,210.1,11419,171,8.6,3.41,73.7,5,Fitbit
FIT-602781,2025-05-15,USR-1109,45-54,Male,Cycling,58,400.2,10255,70,9.3,3.88,60.2,5,Apple Watch
FIT-602169,2025-05-16,USR-1242,55+,Female,Strength Training,98,572.9,6371,92,5.2,1.43,105.3,3,Apple Watch
FIT-602170,2025-05-16,USR-1154,25-34,Male,Strength Training,84,432.9,2771,65,5.3,0.77,58.6,4,Mi Band
FIT-601732,2025-05-16,USR-1098,55+,Female,Strength Training,86,465.5,15046,160,8.8,2.31,68.8,1,Apple Watch
FIT-602097,2025-05-16,USR-1147,35-44,Male,Swimming,75,618.5,1039,123,5.1,1.52,107.0,2,Apple Watch
FIT-602206,2025-05-16,USR-1003,18-24,Male,Strength Training,119,653.9,16615,170,7.8,2.16,85.9,4,Mi Band
FIT-602408,2025-05-16,USR-1484,45-54,Female,Cycling,62,438.6,13100,160,7.0,2.26,72.5,1,Garmin
FIT-602867,2025-05-17,USR-1367,18-24,Male,Yoga,41,128.5,10050,157,9.2,3.91,57.6,4,Mi Band
FIT-602723,2025-05-17,USR-1097,45-54,Male,Swimming,44,371.2,5533,79,6.4,0.59,100.4,1,Mi Band
FIT-602503,2025-05-17,USR-1296,25-34,Female,Strength Training,39,225.6,13208,72,7.8,2.73,50.4,2,Apple Watch
FIT-601226,2025-05-17,USR-1478,35-44,Male,Swimming,115,1063.9,9686,170,9.5,3.71,94.8,3,Fitbit
FIT-600925,2025-05-18,USR-1124,25-34,Female,Strength Training,75,509.3,8132,66,6.1,3.03,99.2,2,Mi Band
FIT-602458,2025-05-18,USR-1344,18-24,Male,Cycling,98,871.5,16339,122,8.2,2.17,56.2,4,Samsung Galaxy Watch
FIT-600586,2025-05-18,USR-1029,25-34,Male,Running,52,533.3,16456,134,8.4,2.77,86.3,3,Apple Watch
FIT-603085,2025-05-19,USR-1055,18-24,Male,Running,19,211.5,7298,96,5.6,0.66,74.4,4,Apple Watch
FIT-600243,2025-05-19,USR-1155,45-54,Male,Swimming,28,216.2,5462,167,4.2,1.27,89.1,3,Samsung Galaxy Watch
FIT-601494,2025-05-19,USR-1293,55+,Female,Walking,36,167.7,5398,71,8.2,2.28,96.7,1,Apple Watch
FIT-601022,2025-05-19,USR-1028,45-54,Female,Strength Training,115,651.8,16354,158,4.8,1.79,54.5,4,Fitbit
FIT-601108,2025-05-19,USR-1426,35-44,Female,Cycling,35,285.1,10022,112,6.1,3.82,56.3,1,Fitbit
FIT-603364,2025-05-19,USR-1152,35-44,Female,Cycling,57,428.9,10319,133,9.2,2.91,87.5,5,Samsung Galaxy Watch
FIT-603896,2025-05-20,USR-1132,25-34,Male,Strength Training,24,162.4,13603,152,7.8,0.8,108.1,2,Fitbit
FIT-601218,2025-05-20,USR-1396,25-34,Female,Swimming,81,685.7,17891,135,6.8,3.4,86.4,2,Apple Watch
FIT-602796,2025-05-20,USR-1064,45-54,Female,Swimming,112,957.6,16330,76,7.2,2.79,46.9,2,Apple Watch
FIT-602905,2025-05-20,USR-1188,45-54,Male,HIIT,33,442.8,2689,131,7.4,1.49,54.4,4,Garmin
FIT-603957,2025-05-20,USR-1296,18-24,Male,Swimming,84,645.3,14868,165,5.1,0.8,72.2,4,Fitbit
FIT-603450,2025-05-20,USR-1028,18-24,Male,Running,93,952.7,11850,150,5.0,3.65,53.5,1,Fitbit
FIT-603475,2025-05-21,USR-1351,25-34,Female,Swimming,113,922.3,7741,97,6.4,3.56,82.0,5,Samsung Galaxy Watch
FIT-602534,2025-05-21,USR-1142,35-44,Male,Running,26,293.5,8642,165,8.4,1.67,82.0,5,Apple Watch
FIT-602881,2025-05-21,USR-1487,25-34,Female,HIIT,70,755.6,13197,147,8.0,3.32,75.3,2,Samsung Galaxy Watch
FIT-600875,2025-05-21,USR-1021,35-44,Male,Cycling,108,781.2,1406,165,9.0,3.61,76.9,4,Mi Band
FIT-603714,2025-05-21,USR-1447,35-44,Female,Yoga,111,323.5,5219,149,9.1,3.99,103.6,3,Samsung Galaxy Watch
FIT-600288,2025-05-21,USR-1409,35-44,Female,Cycling,29,249.2,12173,105,7.9,1.47,46.8,2,Apple Watch
FIT-600609,2025-05-21,USR-1347,35-44,Male,HIIT,24,313.8,4027,130,7.6,1.05,108.7,2,Mi Band
FIT-603905,2025-05-21,USR-1464,25-34,Female,Strength Training,37,206.6,2020,85,8.3,2.07,46.9,5,Apple Watch
FIT-600725,2025-05-21,USR-1404,45-54,Male,Strength Training,35,229.2,10907,108,8.6,1.44,88.3,2,Garmin
FIT-601653,2025-05-21,USR-1161,45-54,Male,Walking,91,467.2,5358,169,9.1,1.95,59.2,1,Apple Watch
FIT-601958,2025-05-22,USR-1161,25-34,Female,Swimming,102,942.0,7244,128,6.7,0.58,90.4,3,Apple Watch
FIT-602973,2025-05-22,USR-1035,18-24,Male,Cycling,11,92.5,1028,81,7.9,3.73,87.4,1,Fitbit
FIT-601241,2025-05-22,USR-1499,35-44,Male,Swimming,71,573.5,7476,78,7.3,1.94,99.2,2,Garmin
FIT-603243,2025-05-22,USR-1282,35-44,Female,Running,39,470.5,657,90,7.0,3.2,89.9,5,Samsung Galaxy Watch
FIT-602847,2025-05-22,USR-1078,45-54,Male,Strength Training,52,357.5,9283,151,7.0,3.08,76.8,2,Garmin
FIT-600517,2025-05-23,USR-1395,25-34,Female,HIIT,110,1452.7,4988,92,4.6,1.84,63.1,3,Apple Watch
FIT-601966,2025-05-23,USR-1352,18-24,Male,Strength Training,57,374.1,6842,155,8.0,0.66,105.6,2,Fitbit
FIT-600681,2025-05-23,USR-1095,45-54,Female,Walking,98,437.8,6896,74,6.9,2.3,98.5,1,Fitbit
FIT-602447,2025-05-24,USR-1280,35-44,Male,Strength Training,69,367.8,2536,164,7.7,3.0,104.4,2,Mi Band
FIT-603007,2025-05-24,USR-1130,25-34,Male,HIIT,16,196.1,1232,145,7.1,1.62,85.0,5,Samsung Galaxy Watch
FIT-600845,2025-05-24,USR-1190,55+,Female,HIIT,24,302.6,9581,116,5.7,2.34,90.2,1,Fitbit
FIT-601976,2025-05-24,USR-1225,18-24,Male,Running,66,814.3,6466,99,9.2,3.77,100.6,2,Garmin
FIT-601059,2025-05-24,USR-1438,45-54,Male,HIIT,81,1036.2,8383,115,7.4,1.82,50.7,2,Samsung Galaxy Watch
FIT-603344,2025-05-24,USR-1281,45-54,Male,Running,54,614.8,3665,101,8.4,2.84,53.5,2,Garmin
FIT-601436,2025-05-25,USR-1072,18-24,Male,Cycling,42,329.0,8423,144,8.4,3.8,87.0,4,Fitbit
FIT-601249,2025-05-25,USR-1490,35-44,Male,Running,40,458.8,11301,159,4.2,0.75,100.8,5,Samsung Galaxy Watch
FIT-602884,2025-05-25,USR-1363,18-24,Female,Swimming,79,719.9,10231,104,6.6,3.03,74.7,5,Apple Watch
FIT-602349,2025-05-25,USR-1122,35-44,Male,Walking,88,345.9,9118,122,6.8,3.04,77.8,2,Apple Watch
FIT-600723,2025-05-25,USR-1194,35-44,Male,Yoga,86,237.9,14259,106,8.7,0.74,76.9,5,Apple Watch
FIT-601474,2025-05-26,USR-1204,25-34,Female,HIIT,46,499.3,5645,143,9.4,3.52,52.0,1,Mi Band
FIT-603930,2025-05-26,USR-1388,18-24,Female,Strength Training,62,364.9,5903,116,9.1,3.78,54.8,2,Fitbit
FIT-600907,2025-05-27,USR-1356,35-44,Male,Yoga,41,110.5,7057,147,4.4,1.8,75.4,3,Apple Watch
FIT-600137,2025-05-27,USR-1466,45-54,Female,Walking,87,358.2,11897,73,4.1,3.16,53.1,5,Garmin
FIT-602442,2025-05-27,USR-1409,35-44,Female,Yoga,99,307.5,6058,104,6.8,0.55,89.3,4,Apple Watch
FIT-601600,2025-05-27,USR-1273,35-44,Male,HIIT,24,249.6,3981,115,4.2,2.29,74.1,5,Fitbit
FIT-600994,2025-05-27,USR-1283,25-34,Male,Running,24,288.3,4387,106,4.6,2.29,102.7,2,Apple Watch
FIT-601318,2025-05-28,USR-1420,25-34,Male,Walking,66,268.6,2242,102,5.9,3.54,60.2,1,Samsung Galaxy Watch
FIT-602774,2025-05-28,USR-1232,35-44,Male,Strength Training,73,388.2,9730,108,6.9,1.0,49.0,5,Samsung Galaxy Watch
FIT-600500,2025-05-28,USR-1183,25-34,Female,Running,89,1063.5,8641,154,9.4,3.94,69.8,1,Fitbit
FIT-601910,2025-05-28,USR-1166,25-34,Female,Swimming,98,978.1,11670,98,8.7,0.6,89.3,1,Garmin
FIT-601511,2025-05-28,USR-1476,45-54,Female,Walking,93,456.0,12665,126,5.8,3.55,100.5,1,Mi Band
FIT-601018,2025-05-28,USR-1136,35-44,Female,Running,79,765.7,16263,130,6.6,1.89,53.4,2,Fitbit
FIT-602159,2025-05-28,USR-1039,35-44,Female,Walking,107,510.1,7471,131,6.2,0.91,48.9,1,Apple Watch
FIT-601080,2025-05-28,USR-1133,55+,Male,Strength Training,114,636.2,10216,169,6.9,1.67,91.7,1,Garmin
FIT-600552,2025-05-28,USR-1170,35-44,Female,Walking,80,397.4,17216,147,5.2,2.31,103.8,2,Garmin
FIT-603839,2025-05-29,USR-1436,25-34,Male,Strength Training,57,306.8,6144,154,7.9,0.73,92.6,2,Apple Watch
FIT-602740,2025-05-29,USR-1209,25-34,Male,Strength Training,95,580.8,4629,135,9.3,2.17,101.4,3,Garmin
FIT-601060,2025-05-29,USR-1397,18-24,Female,Cycling,54,475.3,14365,136,7.5,2.03,51.9,1,Fitbit
FIT-600892,2025-05-29,USR-1104,35-44,Male,Swimming,76,700.0,5553,124,9.4,1.7,108.0,3,Apple Watch
FIT-600352,2025-05-30,USR-1204,35-44,Female,Yoga,30,88.2,4520,171,7.8,2.09,72.4,5,Fitbit
FIT-601743,2025-05-30,USR-1077,55+,Male,Cycling,18,141.6,13571,99,7.9,1.57,45.3,3,Garmin
FIT-601256,2025-05-30,USR-1251,45-54,Male,HIIT,118,1479.3,9508,127,8.5,1.82,69.4,1,Samsung Galaxy Watch
FIT-601001,2025-05-30,USR-1318,55+,Male,Swimming,58,458.6,16257,85,5.3,3.68,51.1,1,Samsung Galaxy Watch
FIT-603055,2025-05-30,USR-1216,25-34,Male,Walking,104,416.8,12195,117,7.6,2.48,74.6,1,Mi Band
FIT-602049,2025-05-30,USR-1412,45-54,Male,Cycling,51,425.0,7731,148,5.1,1.56,105.9,5,Apple Watch
FIT-603281,2025-05-31,USR-1450,35-44,Female,Strength Training,50,330.7,16726,119,7.5,2.54,107.4,1,Fitbit
FIT-602098,2025-06-01,USR-1127,35-44,Male,HIIT,60,797.1,4728,85,6.2,2.36,54.9,4,Fitbit
FIT-602935,2025-06-01,USR-1431,35-44,Male,Yoga,20,58.8,9109,174,4.8,1.44,109.0,1,Apple Watch
FIT-600022,2025-06-01,USR-1112,35-44,Female,HIIT,80,936.4,8618,152,6.3,0.76,65.1,5,Fitbit
FIT-600094,2025-06-01,USR-1177,35-44,Female,HIIT,88,1208.7,12974,170,5.7,0.9,62.5,3,Apple Watch
FIT-600678,2025-06-01,USR-1019,55+,Male,Strength Training,18,122.8,7891,170,9.2,2.97,63.4,1,Samsung Galaxy Watch
FIT-600192,2025-06-01,USR-1029,25-34,Male,Swimming,35,344.4,5577,81,8.3,3.97,51.1,2,Mi Band
FIT-602563,2025-06-01,USR-1453,35-44,Female,HIIT,88,1071.6,16748,94,8.7,2.89,84.3,5,Fitbit
FIT-602381,2025-06-01,USR-1461,18-24,Male,Swimming,32,253.9,7487,116,9.0,2.62,76.1,5,Apple Watch
FIT-601884,2025-06-02,USR-1426,18-24,Female,Strength Training,34,212.4,13554,131,4.7,2.66,94.7,1,Garmin
FIT-602461,2025-06-02,USR-1216,18-24,Male,Strength Training,56,351.5,11434,76,8.3,1.87,75.4,2,Apple Watch
FIT-602765,2025-06-02,USR-1186,18-24,Male,Walking,103,461.8,12815,100,6.6,2.8,106.2,4,Samsung Galaxy Watch
FIT-601219,2025-06-03,USR-1309,55+,Male,Running,49,488.3,8441,113,5.2,3.96,84.5,4,Garmin
FIT-602812,2025-06-03,USR-1476,25-34,Female,Cycling,83,596.3,526,134,4.0,1.37,82.3,2,Garmin
FIT-601014,2025-06-03,USR-1029,18-24,Female,Cycling,98,705.6,10645,106,4.2,1.19,73.7,3,Samsung Galaxy Watch
FIT-600593,2025-06-03,USR-1274,35-44,Male,Yoga,91,240.2,14115,133,7.7,0.7,51.1,1,Samsung Galaxy Watch
FIT-601491,2025-06-03,USR-1113,55+,Female,Cycling,99,897.0,10466,74,5.4,0.55,74.2,3,Mi Band
FIT-600512,2025-06-03,USR-1174,35-44,Female,Strength Training,83,539.1,1842,173,7.2,3.06,81.4,5,Garmin
FIT-601723,2025-06-03,USR-1068,25-34,Female,Cycling,77,637.7,8565,163,4.3,3.04,81.9,4,Garmin
FIT-603994,2025-06-03,USR-1216,25-34,Male,Yoga,118,347.7,17684,94,4.7,1.39,97.6,5,Samsung Galaxy Watch
FIT-600465,2025-06-04,USR-1325,25-34,Female,Walking,48,208.1,4953,115,9.0,2.86,108.2,2,Apple Watch
FIT-602814,2025-06-04,USR-1476,25-34,Female,Yoga,75,243.6,5877,111,7.7,2.93,88.4,4,Samsung Galaxy Watch
FIT-600404,2025-06-04,USR-1161,45-54,Male,Yoga,85,232.7,13810,147,6.3,2.94,70.0,4,Mi Band
FIT-603515,2025-06-04,USR-1385,35-44,Female,Running,113,1106.2,7259,137,5.6,2.58,107.1,4,Mi Band
FIT-603195,2025-06-05,USR-1462,18-24,Male,HIIT,31,396.7,1707,83,4.2,3.91,83.6,1,Apple Watch
FIT-600359,2025-06-05,USR-1154,25-34,Female,Yoga,99,309.0,4698,115,8.1,0.97,79.6,3,Mi Band
FIT-600675,2025-06-05,USR-1384,45-54,Female,Swimming,88,867.6,7549,99,5.1,2.29,52.3,1,Mi Band
FIT-601472,2025-06-05,USR-1181,25-34,Male,Yoga,106,286.9,2795,126,7.0,2.8,69.3,5,Mi Band
FIT-601643,2025-06-05,USR-1052,45-54,Female,HIIT,90,1090.9,10590,171,5.9,1.66,65.3,2,Garmin
FIT-602251,2025-06-05,USR-1264,45-54,Male,HIIT,15,172.0,10250,136,6.5,3.26,57.6,1,Garmin
FIT-602789,2025-06-05,USR-1455,25-34,Male,HIIT,105,1262.8,15357,79,8.8,3.59,64.4,4,Garmin
FIT-602820,2025-06-05,USR-1442,55+,Male,Yoga,46,156.8,6131,130,7.9,1.62,93.6,1,Garmin
FIT-602617,2025-06-06,USR-1249,35-44,Male,HIIT,109,1323.4,17239,103,8.5,1.63,97.5,5,Mi Band
FIT-602550,2025-06-06,USR-1495,25-34,Female,Walking,108,513.2,3624,96,6.0,1.71,55.9,1,Garmin
FIT-602627,2025-06-06,USR-1484,35-44,Female,HIIT,69,750.2,8206,96,4.3,1.46,56.5,1,Garmin
FIT-601046,2025-06-06,USR-1213,35-44,Female,Cycling,24,212.9,15471,128,5.7,3.98,80.3,4,Fitbit
FIT-603221,2025-06-06,USR-1347,45-54,Female,Walking,96,423.0,5426,84,8.3,2.32,73.1,1,Samsung Galaxy Watch
FIT-602405,2025-06-06,USR-1083,25-34,Male,Yoga,52,143.4,13164,82,5.8,1.45,61.5,5,Fitbit
FIT-601902,2025-06-06,USR-1186,45-54,Male,Swimming,114,1042.6,7623,171,8.8,3.87,77.5,4,Fitbit
FIT-601072,2025-06-07,USR-1418,18-24,Female,Strength Training,61,343.2,15517,127,8.6,2.72,52.4,2,Mi Band
FIT-603836,2025-06-07,USR-1001,18-24,Female,Yoga,78,245.6,10079,69,7.1,2.29,46.0,2,Samsung Galaxy Watch
FIT-600655,2025-06-07,USR-1062,35-44,Female,Yoga,86,266.9,10271,66,6.0,3.28,63.3,4,Fitbit
FIT-601550,2025-06-08,USR-1143,25-34,Male,HIIT,102,1349.8,12795,66,9.0,0.99,58.8,2,Apple Watch
FIT-602147,2025-06-08,USR-1108,25-34,Female,Running,40,395.4,4104,93,6.6,3.74,97.2,5,Apple Watch
FIT-600426,2025-06-08,USR-1022,25-34,Male,Strength Training,19,126.4,14442,78,5.2,3.66,49.7,2,Mi Band
FIT-603181,2025-06-08,USR-1320,25-34,Male,Yoga,16,41.3,13530,113,7.0,0.9,94.2,2,Samsung Galaxy Watch
FIT-602109,2025-06-08,USR-1390,55+,Male,Yoga,66,192.7,6776,69,8.6,2.92,92.3,5,Samsung Galaxy Watch
FIT-603222,2025-06-08,USR-1167,18-24,Female,Running,77,939.8,12819,166,5.6,0.72,71.1,1,Garmin
FIT-603542,2025-06-08,USR-1308,25-34,Female,Swimming,96,809.6,5268,96,8.8,0.65,92.5,5,Mi Band
FIT-601413,2025-06-08,USR-1475,35-44,Male,Strength Training,26,150.1,8293,148,6.3,3.31,52.8,3,Garmin
FIT-600733,2025-06-08,USR-1401,18-24,Male,Walking,98,474.2,2074,97,4.3,3.07,85.8,4,Garmin
FIT-601886,2025-06-08,USR-1303,25-34,Male,Strength Training,16,92.0,9360,151,8.6,3.59,50.6,5,Samsung Galaxy Watch
FIT-602040,2025-06-09,USR-1230,35-44,Male,Walking,29,149.5,14034,141,6.7,1.55,66.1,5,Mi Band
FIT-602411,2025-06-09,USR-1413,18-24,Female,Swimming,60,582.1,5423,81,6.5,3.03,108.1,5,Fitbit
FIT-601922,2025-06-09,USR-1255,45-54,Female,Walking,55,217.9,2792,130,6.8,1.2,46.8,3,Garmin
FIT-600615,2025-06-10,USR-1069,45-54,Female,Running,106,1100.4,1156,112,6.9,3.1,101.5,1,Garmin
FIT-601750,2025-06-10,USR-1020,18-24,Male,Cycling,61,556.7,4094,71,5.7,3.0,82.6,4,Samsung Galaxy Watch
FIT-601861,2025-06-10,USR-1403,45-54,Male,Walking,39,171.2,3877,98,4.2,2.43,78.6,4,Samsung Galaxy Watch
FIT-602309,2025-06-10,USR-1031,18-24,Male,Swimming,48,431.1,12757,104,4.3,0.69,58.7,5,Mi Band
FIT-602933,2025-06-10,USR-1388,35-44,Male,Running,108,1276.0,7738,160,5.6,3.06,109.2,5,Apple Watch
FIT-600292,2025-06-10,USR-1026,25-34,Male,Swimming,43,383.8,10807,78,6.9,3.67,87.8,1,Samsung Galaxy Watch
FIT-602967,2025-06-10,USR-1337,18-24,Male,Running,82,900.8,15026,157,6.2,0.87,91.8,5,Samsung Galaxy Watch
FIT-601104,2025-06-10,USR-1451,35-44,Male,Strength Training,16,94.5,12346,124,7.8,2.39,99.6,2,Fitbit
FIT-600974,2025-06-10,USR-1060,55+,Male,HIIT,106,1374.6,15430,78,7.0,2.31,91.5,3,Fitbit
FIT-600715,2025-06-10,USR-1264,18-24,Male,Running,96,1184.8,16161,105,9.0,1.38,102.7,4,Samsung Galaxy Watch
FIT-603489,2025-06-11,USR-1203,45-54,Male,Running,112,1120.1,15438,66,7.6,2.77,95.2,3,Fitbit
FIT-602120,2025-06-11,USR-1344,18-24,Male,HIIT,46,517.5,16495,135,8.3,3.51,100.3,3,Samsung Galaxy Watch
FIT-602956,2025-06-11,USR-1201,55+,Male,Yoga,61,197.2,8866,140,6.4,3.44,55.0,3,Mi Band
FIT-600374,2025-06-11,USR-1186,45-54,Male,Swimming,19,182.8,10094,142,5.9,1.15,92.0,5,Apple Watch
FIT-601244,2025-06-11,USR-1310,25-34,Male,Running,59,716.7,7815,160,4.6,0.7,98.2,2,Samsung Galaxy Watch
FIT-600794,2025-06-11,USR-1112,45-54,Male,Swimming,60,605.4,15908,123,8.6,3.52,84.4,4,Garmin
FIT-602581,2025-06-11,USR-1171,25-34,Male,Yoga,39,113.6,9185,170,5.5,1.86,78.3,2,Fitbit
FIT-602653,2025-06-12,USR-1036,18-24,Female,Cycling,98,876.3,7949,117,6.8,1.09,87.5,1,Samsung Galaxy Watch
FIT-602435,2025-06-12,USR-1201,35-44,Male,Walking,52,202.6,13343,122,6.2,2.79,68.5,3,Apple Watch
FIT-602552,2025-06-13,USR-1263,35-44,Male,Walking,89,440.1,15123,86,9.1,2.3,109.1,3,Apple Watch
FIT-602429,2025-06-13,USR-1092,45-54,Male,Walking,85,366.2,5096,163,4.7,2.41,56.2,5,Garmin
FIT-602923,2025-06-13,USR-1417,25-34,Female,Yoga,87,297.5,4045,117,4.4,1.63,84.8,1,Apple Watch
FIT-600200,2025-06-13,USR-1498,45-54,Female,Swimming,109,953.9,7842,121,9.3,3.98,84.1,3,Mi Band
FIT-600206,2025-06-14,USR-1304,25-34,Male,Running,77,949.5,6405,83,6.8,1.22,105.3,5,Fitbit
FIT-600302,2025-06-14,USR-1130,55+,Female,HIIT,118,1320.2,15394,164,7.7,3.66,75.0,2,Apple Watch
FIT-601539,2025-06-14,USR-1213,25-34,Female,HIIT,74,946.4,660,146,8.6,3.46,52.8,3,Samsung Galaxy Watch
FIT-600894,2025-06-14,USR-1037,18-24,Female,Yoga,20,65.5,9069,86,4.3,1.51,67.0,1,Samsung Galaxy Watch
FIT-600373,2025-06-14,USR-1143,35-44,Female,Yoga,68,230.6,11735,143,5.1,1.85,76.9,3,Fitbit
FIT-602187,2025-06-14,USR-1012,35-44,Male,Strength Training,104,656.7,1589,73,5.0,2.48,61.5,2,Mi Band
FIT-603391,2025-06-14,USR-1375,35-44,Female,Cycling,92,640.4,11147,122,4.0,0.9,72.8,4,Fitbit
FIT-600713,2025-06-14,USR-1344,25-34,Male,HIIT,75,796.4,7205,93,7.4,2.19,51.1,1,Mi Band
FIT-602522,2025-06-14,USR-1078,18-24,Male,Strength Training,99,576.9,17458,136,5.5,1.41,86.2,2,Fitbit
FIT-602260,2025-06-15,USR-1210,25-34,Female,Swimming,59,507.5,1633,150,6.3,3.21,102.4,1,Apple Watch
FIT-602500,2025-06-15,USR-1335,18-24,Male,Strength Training,62,390.7,9828,119,5.7,0.89,75.3,3,Samsung Galaxy Watch
FIT-600491,2025-06-15,USR-1070,25-34,Female,Cycling,49,397.4,11754,92,5.6,1.39,76.5,3,Mi Band
FIT-600598,2025-06-15,USR-1228,35-44,Female,Cycling,81,554.3,2538,88,7.0,2.3,77.2,3,Garmin
FIT-601103,2025-06-15,USR-1340,25-34,Female,Cycling,83,639.2,16728,155,6.4,2.63,69.4,2,Garmin
FIT-600950,2025-06-15,USR-1443,35-44,Female,Walking,47,213.5,14170,78,4.4,0.9,80.3,1,Mi Band
FIT-600990,2025-06-15,USR-1096,35-44,Female,Running,41,416.9,14676,173,6.8,2.54,48.9,5,Fitbit
FIT-600353,2025-06-16,USR-1200,18-24,Female,Yoga,45,123.5,14741,159,7.1,0.51,91.0,3,Mi Band
FIT-602854,2025-06-16,USR-1386,45-54,Male,Swimming,81,640.4,12580,73,4.8,3.57,94.0,5,Garmin
FIT-600584,2025-06-16,USR-1297,25-34,Male,Yoga,18,61.8,10412,157,5.0,2.17,102.1,5,Mi Band
FIT-601133,2025-06-16,USR-1012,25-34,Male,Running,97,1190.0,14151,65,5.6,3.87,104.7,1,Fitbit
FIT-601201,2025-06-16,USR-1478,55+,Male,Swimming,71,690.1,12703,145,7.8,1.98,76.4,1,Apple Watch
FIT-603036,2025-06-16,USR-1140,25-34,Male,Strength Training,39,261.2,2275,66,4.0,2.21,47.1,5,Garmin
FIT-602296,2025-06-16,USR-1425,35-44,Male,Walking,47,227.4,3769,95,7.2,3.65,51.3,1,Samsung Galaxy Watch
FIT-603452,2025-06-17,USR-1055,35-44,Male,Running,67,647.6,2350,140,4.9,3.96,74.8,3,Apple Watch
FIT-602069,2025-06-17,USR-1166,25-34,Female,Strength Training,62,360.0,10991,150,4.5,3.69,47.0,4,Samsung Galaxy Watch
FIT-600196,2025-06-17,USR-1114,25-34,Female,Yoga,15,50.2,10846,158,4.6,3.76,56.7,1,Mi Band
FIT-602229,2025-06-17,USR-1204,25-34,Male,Walking,39,160.9,5608,99,6.1,2.16,79.3,4,Garmin
FIT-602939,2025-06-17,USR-1437,18-24,Male,Strength Training,47,276.8,7751,107,6.9,1.7,74.4,5,Garmin
FIT-602176,2025-06-18,USR-1192,45-54,Female,HIIT,15,198.8,1912,93,8.6,2.06,46.1,2,Apple Watch
FIT-601532,2025-06-18,USR-1247,18-24,Female,Running,53,621.4,744,83,7.0,3.07,47.8,3,Samsung Galaxy Watch
FIT-601863,2025-06-18,USR-1470,45-54,Male,Swimming,84,650.2,8270,143,7.7,3.43,100.4,2,Garmin
FIT-603687,2025-06-18,USR-1362,35-44,Female,HIIT,117,1289.4,16998,87,7.5,3.95,67.9,2,Apple Watch
FIT-603227,2025-06-18,USR-1314,35-44,Male,Cycling,59,445.0,17586,126,7.6,2.6,88.7,4,Garmin
FIT-602576,2025-06-18,USR-1208,25-34,Female,Strength Training,33,221.5,9899,118,4.8,3.21,74.4,1,Garmin
FIT-600221,2025-06-18,USR-1155,25-34,Male,Yoga,24,74.8,17446,156,6.0,1.14,54.7,1,Apple Watch
FIT-602823,2025-06-18,USR-1022,35-44,Male,Cycling,97,672.9,6107,109,4.8,3.64,106.9,4,Garmin
FIT-600482,2025-06-18,USR-1171,45-54,Female,Running,98,1113.1,13029,142,8.9,0.5,53.9,1,Samsung Galaxy Watch
FIT-600825,2025-06-18,USR-1255,25-34,Female,Cycling,90,664.2,4866,136,5.7,0.89,94.7,2,Garmin
FIT-600332,2025-06-18,USR-1029,25-34,Female,Walking,93,460.8,3659,166,9.1,1.67,89.4,2,Mi Band
FIT-603173,2025-06-18,USR-1366,35-44,Female,Running,115,1259.6,2870,71,4.3,1.39,48.2,4,Mi Band
FIT-603199,2025-06-18,USR-1367,55+,Male,Walking,78,306.4,612,153,7.7,2.46,106.6,5,Fitbit
FIT-602931,2025-06-19,USR-1480,45-54,Male,Walking,19,89.3,11947,151,7.2,3.64,68.4,1,Apple Watch
FIT-602995,2025-06-19,USR-1397,35-44,Male,Swimming,103,1015.6,9291,104,9.1,0.92,109.3,1,Apple Watch
FIT-603050,2025-06-19,USR-1481,55+,Male,Walking,100,443.5,16823,143,7.1,3.28,86.9,2,Samsung Galaxy Watch
FIT-600659,2025-06-19,USR-1081,18-24,Female,Running,98,922.3,4934,106,9.2,2.31,54.8,3,Garmin
FIT-602102,2025-06-19,USR-1482,35-44,Female,Yoga,53,161.8,10142,75,7.2,3.48,102.3,3,Apple Watch
FIT-603337,2025-06-19,USR-1244,35-44,Female,Walking,102,514.2,13565,135,8.1,1.68,50.5,4,Apple Watch
FIT-600370,2025-06-19,USR-1023,18-24,Male,HIIT,12,150.1,2437,120,7.8,3.2,77.9,4,Apple Watch
FIT-600049,2025-06-19,USR-1415,25-34,Male,Yoga,116,392.4,12751,134,6.5,2.6,45.5,1,Fitbit
FIT-600167,2025-06-19,USR-1034,45-54,Male,HIIT,114,1459.9,14103,91,9.2,1.58,80.9,5,Garmin
FIT-602148,2025-06-19,USR-1232,25-34,Male,Swimming,109,982.6,12273,168,9.3,3.29,77.5,1,Garmin
FIT-602364,2025-06-19,USR-1251,18-24,Male,Running,45,503.6,638,93,8.1,2.26,52.6,2,Apple Watch
FIT-600621,2025-06-20,USR-1356,45-54,Male,Running,38,386.9,1691,73,9.0,2.56,102.3,2,Garmin
FIT-600534,2025-06-20,USR-1315,25-34,Female,Swimming,107,947.2,15403,110,5.0,2.62,106.0,2,Garmin
FIT-601717,2025-06-20,USR-1335,35-44,Male,Yoga,44,138.4,17352,129,5.0,2.32,67.6,1,Fitbit
FIT-603022,2025-06-21,USR-1143,45-54,Male,Walking,92,445.3,11838,124,5.6,1.27,53.4,1,Samsung Galaxy Watch
FIT-602748,2025-06-21,USR-1336,55+,Male,Yoga,49,164.3,16008,148,8.7,1.1,83.7,1,Samsung Galaxy Watch
FIT-601440,2025-06-21,USR-1335,18-24,Male,Walking,24,100.1,15285,152,5.4,2.42,65.0,3,Apple Watch
FIT-600850,2025-06-21,USR-1032,35-44,Female,Yoga,67,179.1,9464,75,6.3,2.23,79.4,5,Fitbit
FIT-603636,2025-06-21,USR-1250,18-24,Male,Swimming,10,83.8,3672,169,6.2,1.42,105.3,3,Fitbit
FIT-602509,2025-06-21,USR-1099,25-34,Male,Swimming,61,625.3,17090,85,6.6,3.8,65.6,5,Mi Band
FIT-601728,2025-06-21,USR-1045,45-54,Female,HIIT,69,847.8,10031,165,7.1,0.96,88.6,2,Garmin
FIT-602821,2025-06-22,USR-1412,45-54,Male,Running,85,819.2,12016,77,4.3,3.54,58.8,3,Samsung Galaxy Watch
FIT-601188,2025-06-22,USR-1205,45-54,Male,Yoga,73,187.2,17050,129,7.9,3.21,57.8,5,Samsung Galaxy Watch
FIT-603286,2025-06-22,USR-1389,45-54,Female,Strength Training,113,766.3,16409,90,5.6,1.67,56.2,2,Fitbit
FIT-601492,2025-06-22,USR-1346,35-44,Female,Strength Training,66,412.2,15546,145,9.3,1.26,84.4,5,Mi Band
FIT-603011,2025-06-22,USR-1328,35-44,Female,Yoga,10,34.5,2266,94,7.5,3.83,106.0,3,Mi Band
FIT-602886,2025-06-22,USR-1373,25-34,Female,Strength Training,39,216.5,10318,139,9.3,3.38,90.5,3,Fitbit
FIT-601553,2025-06-22,USR-1289,35-44,Female,Swimming,26,260.7,3829,107,4.7,3.74,82.4,4,Garmin
FIT-601745,2025-06-22,USR-1347,25-34,Female,Cycling,55,482.2,10204,79,6.5,3.3,78.4,2,Mi Band
FIT-600831,2025-06-23,USR-1462,25-34,Female,Cycling,117,973.2,13483,70,7.0,3.1,78.6,4,Garmin
FIT-603263,2025-06-23,USR-1292,18-24,Female,Strength Training,62,420.0,16664,67,8.2,1.17,87.3,3,Apple Watch
FIT-602499,2025-06-23,USR-1054,25-34,Female,Walking,19,74.1,1130,95,5.0,1.47,95.3,5,Garmin
FIT-600342,2025-06-23,USR-1250,25-34,Female,Swimming,106,1047.3,12262,112,4.8,0.96,87.7,4,Garmin
FIT-601092,2025-06-24,USR-1375,35-44,Male,Swimming,110,1073.5,13821,140,5.4,1.85,76.1,1,Apple Watch
FIT-602848,2025-06-24,USR-1088,25-34,Other,Swimming,19,161.3,11010,87,4.5,2.65,71.2,5,Mi Band
FIT-603132,2025-06-24,USR-1010,25-34,Female,Swimming,68,522.1,13282,100,5.7,3.6,65.0,2,Apple Watch
FIT-603543,2025-06-24,USR-1017,35-44,Male,Yoga,36,119.6,12542,106,7.9,2.89,75.0,1,Garmin
FIT-603414,2025-06-24,USR-1146,18-24,Female,Cycling,103,921.7,2830,97,8.3,3.79,66.9,1,Apple Watch
FIT-602145,2025-06-25,USR-1187,18-24,Female,Strength Training,14,88.8,5527,168,8.4,2.16,85.3,2,Samsung Galaxy Watch
FIT-603289,2025-06-25,USR-1230,25-34,Female,Yoga,16,41.8,1034,109,7.8,2.84,73.7,5,Mi Band
FIT-602715,2025-06-25,USR-1447,25-34,Female,Cycling,57,514.9,17097,162,6.1,2.24,56.0,2,Samsung Galaxy Watch
FIT-603564,2025-06-25,USR-1293,35-44,Male,Strength Training,48,291.2,11757,86,8.2,3.6,105.8,3,Mi Band
FIT-603892,2025-06-25,USR-1214,25-34,Female,Running,35,355.8,14148,140,5.5,0.82,97.1,5,Garmin
FIT-600033,2025-06-26,USR-1233,55+,Female,Yoga,13,33.9,14458,66,4.2,1.23,86.5,4,Apple Watch
FIT-601989,2025-06-26,USR-1338,25-34,Male,Cycling,79,639.7,14713,167,8.1,2.47,45.4,2,Fitbit
FIT-600091,2025-06-26,USR-1060,55+,Male,HIIT,60,634.9,6372,100,7.5,1.53,45.8,1,Garmin
FIT-600878,2025-06-26,USR-1450,35-44,Male,Swimming,118,992.0,9345,85,8.4,2.1,92.0,5,Samsung Galaxy Watch
FIT-603438,2025-06-26,USR-1232,25-34,Female,HIIT,82,990.5,16566,169,5.0,2.98,91.5,1,Samsung Galaxy Watch
FIT-603257,2025-06-26,USR-1491,25-34,Female,Cycling,90,819.8,17307,152,6.4,2.45,109.9,1,Apple Watch
FIT-600948,2025-06-27,USR-1424,25-34,Male,Walking,27,124.9,3453,95,5.1,3.74,65.5,4,Apple Watch
FIT-601605,2025-06-27,USR-1369,18-24,Male,Walking,68,304.0,14888,164,4.3,2.24,103.8,4,Samsung Galaxy Watch
FIT-602971,2025-06-28,USR-1386,35-44,Male,HIIT,111,1466.6,14672,69,5.0,3.8,88.0,4,Mi Band
FIT-601058,2025-06-28,USR-1473,18-24,Female,Strength Training,27,150.2,1151,112,4.6,3.93,76.5,5,Fitbit
FIT-600150,2025-06-28,USR-1198,35-44,Male,Cycling,14,127.5,17181,150,9.4,1.21,65.5,2,Samsung Galaxy Watch
FIT-601303,2025-06-29,USR-1164,35-44,Female,Yoga,43,137.2,5343,96,6.3,1.52,107.0,3,Mi Band
FIT-603933,2025-06-29,USR-1179,35-44,Female,Walking,29,138.3,17895,65,4.6,2.35,71.7,5,Apple Watch
FIT-603106,2025-06-29,USR-1013,25-34,Female,Cycling,77,547.6,9699,144,9.0,2.67,80.6,2,Fitbit
FIT-600074,2025-06-29,USR-1415,45-54,Female,Strength Training,71,390.1,14044,141,6.1,0.52,53.5,1,Mi Band
FIT-600050,2025-06-29,USR-1004,18-24,Female,Walking,111,520.4,15595,82,8.7,0.89,76.0,1,Samsung Galaxy Watch
FIT-600565,2025-06-29,USR-1367,18-24,Male,Cycling,45,384.1,13945,110,4.2,1.28,94.1,2,Samsung Galaxy Watch
FIT-603902,2025-06-29,USR-1196,18-24,Male,Swimming,118,1141.9,1213,103,4.5,3.74,69.0,5,Apple Watch
FIT-603750,2025-06-30,USR-1400,55+,Female,Strength Training,95,568.4,12446,74,8.8,1.49,52.1,3,Samsung Galaxy Watch
FIT-601508,2025-06-30,USR-1250,55+,Female,HIIT,99,1164.2,1060,160,5.2,1.79,100.5,5,Fitbit
FIT-601967,2025-06-30,USR-1096,35-44,Male,Cycling,45,315.0,4334,122,9.3,3.5,65.4,4,Apple Watch
FIT-601405,2025-06-30,USR-1446,55+,Female,Swimming,81,677.8,10032,109,4.8,2.29,80.2,2,Mi Band
FIT-603379,2025-06-30,USR-1035,45-54,Female,Swimming,65,624.5,15086,139,7.1,2.27,62.7,3,Fitbit
FIT-603387,2025-06-30,USR-1391,45-54,Male,HIIT,85,953.8,12700,84,6.0,1.71,45.2,5,Fitbit
FIT-601122,2025-07-01,USR-1427,18-24,Male,Yoga,100,256.6,15594,134,9.1,1.06,91.6,2,Samsung Galaxy Watch
FIT-601518,2025-07-01,USR-1351,35-44,Female,Swimming,42,364.7,11150,152,4.3,3.42,65.1,5,Samsung Galaxy Watch
FIT-603935,2025-07-01,USR-1131,55+,Male,Cycling,92,811.9,3546,85,6.8,3.58,100.2,4,Fitbit
FIT-603246,2025-07-01,USR-1409,55+,Female,Walking,92,389.5,14605,174,9.3,1.9,109.2,5,Fitbit
FIT-603588,2025-07-01,USR-1222,25-34,Male,HIIT,64,871.3,6281,130,9.2,0.71,48.7,5,Samsung Galaxy Watch
FIT-601109,2025-07-02,USR-1248,25-34,Female,Cycling,93,835.6,1286,154,7.3,1.03,91.7,1,Mi Band
FIT-603424,2025-07-02,USR-1330,25-34,Female,Strength Training,31,210.8,5792,127,6.9,2.94,75.1,3,Apple Watch
FIT-602893,2025-07-02,USR-1476,35-44,Female,Walking,117,594.0,5930,100,5.9,3.5,106.8,3,Fitbit
FIT-600635,2025-07-02,USR-1050,25-34,Male,Cycling,42,339.9,11798,90,9.5,0.83,91.7,1,Mi Band
FIT-600396,2025-07-02,USR-1102,25-34,Male,Running,105,1295.6,6800,166,8.8,2.01,77.2,4,Apple Watch
FIT-600311,2025-07-03,USR-1151,25-34,Female,HIIT,55,642.2,8346,95,4.4,3.58,67.7,5,Mi Band
FIT-602983,2025-07-03,USR-1303,25-34,Male,Swimming,107,1039.1,14580,156,6.3,0.7,71.2,5,Mi Band
FIT-600210,2025-07-03,USR-1203,25-34,Female,Cycling,80,605.2,12809,101,5.9,0.88,107.3,3,Samsung Galaxy Watch
FIT-603245,2025-07-03,USR-1478,45-54,Male,Running,92,1093.1,9070,142,5.6,2.96,52.9,3,Mi Band
FIT-602816,2025-07-04,USR-1231,35-44,Female,Walking,13,51.7,9856,83,4.1,1.97,94.1,2,Samsung Galaxy Watch
FIT-603025,2025-07-04,USR-1457,25-34,Female,Swimming,106,1032.5,11161,118,9.5,2.08,68.4,5,Fitbit
FIT-601095,2025-07-04,USR-1223,45-54,Female,Walking,93,425.7,12189,165,8.3,3.98,47.5,3,Samsung Galaxy Watch
FIT-601010,2025-07-04,USR-1110,35-44,Male,Swimming,68,565.2,5243,141,9.4,1.83,49.4,3,Fitbit
FIT-600299,2025-07-04,USR-1274,35-44,Male,Running,24,277.0,1897,90,7.6,1.71,100.5,4,Apple Watch
FIT-600895,2025-07-04,USR-1471,45-54,Female,Yoga,32,84.8,3827,67,4.8,3.78,65.0,5,Garmin
FIT-602462,2025-07-04,USR-1454,35-44,Female,HIIT,35,463.0,3814,72,5.8,0.78,62.0,4,Samsung Galaxy Watch
FIT-601638,2025-07-04,USR-1448,18-24,Female,Yoga,111,287.5,9662,108,8.6,2.82,68.0,4,Garmin
FIT-600328,2025-07-05,USR-1179,55+,Female,Strength Training,82,437.5,15456,166,6.0,1.26,53.4,4,Mi Band
FIT-602726,2025-07-05,USR-1255,18-24,Male,Running,103,1299.8,10858,113,7.4,3.59,108.8,5,Garmin
FIT-603368,2025-07-05,USR-1083,25-34,Female,Cycling,73,639.3,15886,66,8.1,2.73,103.9,2,Apple Watch
FIT-600257,2025-07-05,USR-1142,45-54,Female,Swimming,46,400.8,2088,144,9.4,0.87,67.3,4,Samsung Galaxy Watch
FIT-601154,2025-07-05,USR-1385,45-54,Female,Cycling,92,648.5,523,114,4.9,0.82,70.0,2,Mi Band
FIT-600674,2025-07-05,USR-1392,55+,Male,Yoga,96,297.8,9247,115,8.7,3.72,75.9,1,Apple Watch
FIT-602182,2025-07-05,USR-1098,35-44,Male,Strength Training,60,330.7,10156,113,6.4,0.74,107.9,4,Samsung Galaxy Watch
FIT-601482,2025-07-05,USR-1348,45-54,Female,Running,114,1384.5,8425,140,4.6,1.08,60.6,4,Mi Band
FIT-603136,2025-07-06,USR-1292,25-34,Male,Walking,53,266.2,3065,128,4.2,2.3,106.0,2,Mi Band
FIT-603787,2025-07-06,USR-1435,45-54,Male,Swimming,23,230.0,3831,143,8.1,2.14,100.5,3,Samsung Galaxy Watch
FIT-602751,2025-07-06,USR-1350,25-34,Female,Strength Training,39,212.4,4426,158,6.4,3.65,101.0,2,Fitbit
FIT-601044,2025-07-06,USR-1346,18-24,Female,Yoga,73,220.6,14807,70,6.8,1.5,97.7,1,Samsung Galaxy Watch
FIT-601324,2025-07-06,USR-1274,35-44,Female,HIIT,116,1587.0,2564,100,5.9,0.65,55.3,3,Fitbit
FIT-602621,2025-07-06,USR-1488,18-24,Female,Yoga,97,324.2,8536,145,9.2,2.82,99.9,3,Garmin
FIT-601851,2025-07-06,USR-1362,25-34,Male,HIIT,79,831.4,8218,106,9.4,2.26,86.8,1,Apple Watch
FIT-603891,2025-07-06,USR-1485,35-44,Male,Running,87,882.2,17578,80,4.6,1.74,57.0,3,Samsung Galaxy Watch
FIT-600970,2025-07-06,USR-1437,35-44,Male,Swimming,44,357.2,17330,141,5.3,2.91,97.2,3,Garmin
FIT-601343,2025-07-06,USR-1175,25-34,Female,Swimming,27,227.7,8748,96,7.3,2.45,96.9,3,Garmin
FIT-602604,2025-07-06,USR-1147,18-24,Female,Running,42,416.7,1865,132,7.1,3.17,104.8,5,Apple Watch
FIT-600319,2025-07-07,USR-1418,35-44,Male,Swimming,75,685.7,10720,156,5.1,3.71,65.1,2,Samsung Galaxy Watch
FIT-603048,2025-07-07,USR-1484,18-24,Male,Strength Training,53,278.2,11279,155,8.7,1.16,46.5,5,Fitbit
FIT-603734,2025-07-07,USR-1268,25-34,Male,Strength Training,42,221.7,9806,134,5.1,3.82,98.5,5,Fitbit
FIT-602794,2025-07-07,USR-1352,25-34,Female,Strength Training,92,557.8,6889,130,9.1,0.81,95.7,4,Apple Watch
FIT-603640,2025-07-07,USR-1484,18-24,Female,Running,54,678.9,1017,72,8.4,3.42,50.0,4,Mi Band
FIT-600063,2025-07-07,USR-1158,35-44,Female,Strength Training,64,377.9,3043,107,4.1,1.26,76.4,4,Garmin
FIT-601519,2025-07-07,USR-1270,55+,Female,Yoga,101,258.1,4088,95,5.8,1.37,79.2,5,Garmin
FIT-602163,2025-07-07,USR-1275,25-34,Male,Yoga,48,127.9,12853,147,4.3,3.69,101.1,1,Mi Band
FIT-600588,2025-07-08,USR-1264,35-44,Female,Running,58,592.4,5152,146,4.1,1.74,92.7,1,Garmin
FIT-601520,2025-07-08,USR-1396,25-34,Male,Strength Training,52,332.7,14097,171,6.2,1.11,64.0,1,Fitbit
FIT-601522,2025-07-08,USR-1403,45-54,Male,Cycling,60,483.5,17968,153,4.0,1.79,59.7,4,Fitbit
FIT-601002,2025-07-08,USR-1370,18-24,Male,Walking,32,151.5,5504,72,7.4,2.83,104.4,3,Samsung Galaxy Watch
FIT-602572,2025-07-08,USR-1031,25-34,Male,Strength Training,39,220.4,7906,138,4.7,3.54,45.4,4,Garmin
FIT-601187,2025-07-08,USR-1191,25-34,Male,Yoga,41,140.7,4777,151,8.1,2.55,88.6,1,Samsung Galaxy Watch
FIT-602496,2025-07-08,USR-1220,25-34,Female,Running,86,888.7,10623,93,5.2,1.29,93.9,4,Apple Watch
FIT-602033,2025-07-09,USR-1205,25-34,Male,Swimming,60,542.9,11185,116,8.7,3.1,56.3,5,Fitbit
FIT-602793,2025-07-09,USR-1065,45-54,Female,HIIT,85,932.5,7113,147,5.7,2.98,86.8,4,Fitbit
FIT-602994,2025-07-09,USR-1096,45-54,Male,Walking,47,179.9,17181,75,7.2,2.52,57.6,1,Garmin
FIT-603310,2025-07-09,USR-1089,55+,Male,Walking,51,209.1,16162,118,4.2,3.7,80.5,3,Samsung Galaxy Watch
FIT-601447,2025-07-09,USR-1227,25-34,Female,Walking,78,305.9,7228,147,5.0,1.51,73.3,4,Garmin
FIT-603353,2025-07-09,USR-1230,18-24,Male,HIIT,55,695.6,1389,92,5.3,3.35,48.0,5,Samsung Galaxy Watch
FIT-601551,2025-07-09,USR-1088,25-34,Female,HIIT,93,1169.0,8694,67,8.1,3.96,77.4,1,Garmin
FIT-601307,2025-07-10,USR-1460,18-24,Female,Walking,82,392.2,3461,147,8.4,3.25,98.1,5,Mi Band
FIT-602471,2025-07-10,USR-1142,35-44,Female,Yoga,36,112.2,1344,126,7.8,1.34,97.7,4,Apple Watch
FIT-603881,2025-07-10,USR-1445,18-24,Male,HIIT,19,246.9,14948,152,8.4,3.91,69.3,3,Fitbit
FIT-601078,2025-07-10,USR-1401,25-34,Female,Strength Training,83,498.6,15832,173,7.8,0.69,100.0,5,Mi Band
FIT-602703,2025-07-10,USR-1369,18-24,Female,Strength Training,112,664.0,14338,166,8.7,2.85,64.9,4,Garmin
FIT-603807,2025-07-10,USR-1462,25-34,Female,Strength Training,111,762.4,5835,109,7.3,1.98,103.5,1,Apple Watch
FIT-601305,2025-07-11,USR-1311,45-54,Male,Walking,84,358.6,12616,70,4.7,1.62,66.7,1,Samsung Galaxy Watch
FIT-602133,2025-07-11,USR-1273,25-34,Male,Running,11,136.0,17052,69,9.3,0.92,93.1,1,Garmin
FIT-602697,2025-07-11,USR-1303,25-34,Other,Walking,63,306.5,931,167,8.1,2.31,87.9,3,Fitbit
FIT-601020,2025-07-11,USR-1076,55+,Female,Cycling,88,764.6,17723,109,6.0,3.48,100.5,1,Samsung Galaxy Watch
FIT-602445,2025-07-11,USR-1407,25-34,Female,HIIT,73,945.9,1057,75,6.4,2.52,52.3,2,Samsung Galaxy Watch
FIT-601786,2025-07-11,USR-1365,35-44,Male,HIIT,59,699.2,3995,82,4.1,2.21,78.0,1,Fitbit
FIT-603511,2025-07-12,USR-1082,25-34,Male,Swimming,74,629.0,12619,149,6.6,1.38,95.8,4,Garmin
FIT-603478,2025-07-12,USR-1156,45-54,Female,Swimming,71,551.6,671,135,4.7,3.71,53.2,2,Garmin
FIT-602694,2025-07-12,USR-1138,18-24,Male,Yoga,41,114.2,16182,165,6.5,1.33,89.4,4,Fitbit
FIT-603991,2025-07-12,USR-1339,35-44,Female,Walking,41,160.9,5210,154,9.0,1.92,105.5,3,Apple Watch
FIT-601636,2025-07-13,USR-1111,35-44,Female,Swimming,14,125.0,17414,151,8.7,2.53,95.8,2,Mi Band
FIT-602024,2025-07-13,USR-1177,55+,Female,Cycling,107,864.5,8082,108,8.6,3.05,72.5,4,Mi Band
FIT-603395,2025-07-13,USR-1268,25-34,Female,HIIT,100,1375.9,17898,132,9.3,3.23,91.2,1,Fitbit
FIT-601442,2025-07-13,USR-1083,25-34,Female,Yoga,116,349.5,16722,156,8.2,0.73,100.7,3,Garmin
FIT-600676,2025-07-13,USR-1306,35-44,Female,Cycling,86,613.7,2256,145,6.6,0.95,56.5,1,Samsung Galaxy Watch
FIT-601795,2025-07-14,USR-1495,35-44,Male,Running,26,317.4,15219,151,6.6,2.41,92.2,1,Fitbit
FIT-600397,2025-07-14,USR-1183,35-44,Other,Cycling,74,576.2,15782,155,5.9,1.68,76.7,5,Mi Band
FIT-600407,2025-07-14,USR-1298,25-34,Female,Running,45,529.8,7341,124,4.4,2.66,50.8,5,Garmin
FIT-601029,2025-07-14,USR-1223,25-34,Male,Running,65,807.2,3739,121,6.8,0.82,80.8,4,Garmin
FIT-603396,2025-07-15,USR-1316,35-44,Female,Strength Training,116,625.5,8062,125,7.7,1.88,74.8,5,Samsung Galaxy Watch
FIT-601355,2025-07-15,USR-1129,18-24,Female,Walking,79,344.9,8233,83,5.8,2.6,106.1,5,Samsung Galaxy Watch
FIT-600846,2025-07-15,USR-1301,18-24,Female,Running,87,1080.7,6165,160,5.7,0.51,75.6,3,Mi Band
FIT-602620,2025-07-16,USR-1030,35-44,Male,Running,83,1033.1,16727,134,4.5,1.23,82.7,4,Mi Band
FIT-601147,2025-07-16,USR-1471,35-44,Other,Swimming,36,331.3,6841,115,6.4,1.11,77.3,1,Garmin
FIT-600462,2025-07-16,USR-1364,35-44,Female,HIIT,19,230.5,5824,97,5.3,2.95,82.8,2,Samsung Galaxy Watch
FIT-601656,2025-07-16,USR-1406,25-34,Female,Cycling,68,591.9,15208,107,6.6,0.54,79.4,3,Mi Band
FIT-603828,2025-07-16,USR-1260,45-54,Male,Running,75,814.5,14238,75,5.2,0.72,74.3,4,Fitbit
FIT-600234,2025-07-16,USR-1259,25-34,Male,HIIT,45,472.1,16627,141,8.5,2.05,105.8,4,Garmin
FIT-602760,2025-07-16,USR-1197,18-24,Male,Cycling,91,809.1,12130,109,5.2,3.43,103.7,3,Apple Watch
FIT-600163,2025-07-16,USR-1457,45-54,Female,Running,98,1116.4,2650,97,7.1,3.28,54.1,2,Samsung Galaxy Watch
FIT-603500,2025-07-16,USR-1327,35-44,Female,Yoga,100,283.8,12435,108,4.0,1.8,104.1,1,Garmin
FIT-602770,2025-07-17,USR-1167,25-34,Male,Yoga,11,28.1,4517,154,4.8,1.38,97.4,5,Fitbit
FIT-603600,2025-07-17,USR-1086,45-54,Female,Walking,68,322.5,11137,130,7.5,3.52,54.1,5,Garmin
FIT-603951,2025-07-17,USR-1227,25-34,Female,Yoga,70,225.3,10972,160,6.2,3.14,104.6,5,Samsung Galaxy Watch
FIT-600253,2025-07-17,USR-1249,35-44,Male,Cycling,100,883.3,15564,125,8.7,2.84,66.2,3,Garmin
FIT-601119,2025-07-17,USR-1158,18-24,Female,Yoga,22,70.8,3903,143,8.6,1.89,74.9,1,Samsung Galaxy Watch
FIT-602249,2025-07-17,USR-1370,45-54,Female,Cycling,78,659.4,707,164,8.4,2.13,106.9,4,Mi Band
FIT-603537,2025-07-17,USR-1318,25-34,Male,Strength Training,66,423.0,7010,123,7.7,3.3,45.4,5,Garmin
FIT-602416,2025-07-17,USR-1351,55+,Male,HIIT,69,844.5,16633,89,7.0,2.81,89.8,2,Mi Band
FIT-600916,2025-07-18,USR-1251,55+,Male,Yoga,81,245.4,15451,161,7.8,2.54,53.6,4,Fitbit
FIT-603074,2025-07-18,USR-1141,35-44,Female,Running,116,1145.1,8933,114,8.1,1.43,52.6,5,Garmin
FIT-601282,2025-07-19,USR-1343,25-34,Female,HIIT,82,1030.3,10048,65,8.7,2.12,98.2,1,Fitbit
FIT-602495,2025-07-19,USR-1302,35-44,Male,Yoga,105,271.7,7320,97,8.4,3.74,93.4,2,Samsung Galaxy Watch
FIT-600937,2025-07-19,USR-1454,35-44,Female,Strength Training,51,347.7,13936,92,9.2,3.02,50.8,1,Mi Band
FIT-603601,2025-07-19,USR-1222,45-54,Male,Cycling,76,552.8,5083,110,6.3,3.54,62.3,2,Samsung Galaxy Watch
FIT-603076,2025-07-19,USR-1389,18-24,Male,Cycling,57,500.3,7638,91,9.0,1.94,94.3,2,Apple Watch
FIT-603760,2025-07-20,USR-1289,35-44,Male,HIIT,110,1266.5,14958,137,5.9,2.2,51.0,4,Mi Band
FIT-601426,2025-07-20,USR-1195,55+,Male,HIIT,87,912.1,6321,87,6.3,0.77,79.5,5,Samsung Galaxy Watch
FIT-600809,2025-07-20,USR-1356,18-24,Female,HIIT,44,511.9,674,125,4.4,3.25,77.1,2,Samsung Galaxy Watch
FIT-600384,2025-07-20,USR-1127,25-34,Female,Cycling,97,818.9,13566,119,6.4,3.72,65.1,2,Samsung Galaxy Watch
FIT-600303,2025-07-20,USR-1260,25-34,Male,Running,25,234.0,9390,134,7.5,3.65,107.2,4,Mi Band
FIT-600494,2025-07-21,USR-1095,18-24,Female,Yoga,67,228.2,11740,106,4.5,3.95,65.5,5,Fitbit
FIT-600198,2025-07-21,USR-1421,25-34,Female,Running,100,1209.7,4196,112,9.3,2.46,48.0,1,Mi Band
FIT-601347,2025-07-21,USR-1417,25-34,Female,Walking,80,369.5,16189,114,4.1,1.22,76.7,1,Mi Band
FIT-602208,2025-07-21,USR-1181,25-34,Male,Walking,29,112.6,4208,119,5.2,2.8,71.4,5,Apple Watch
FIT-602677,2025-07-21,USR-1211,25-34,Male,Running,79,853.6,17615,150,4.4,3.47,54.6,4,Garmin
FIT-602797,2025-07-21,USR-1205,18-24,Male,Strength Training,107,558.3,9318,122,5.3,2.22,55.6,1,Mi Band
FIT-601481,2025-07-21,USR-1168,35-44,Female,Running,88,913.7,10472,121,5.8,1.66,97.1,1,Mi Band
FIT-601938,2025-07-21,USR-1003,25-34,Male,Swimming,98,760.2,13223,127,6.5,3.82,83.0,1,Mi Band
FIT-603632,2025-07-22,USR-1484,35-44,Male,Running,40,396.8,15262,134,6.1,3.61,52.9,3,Mi Band
FIT-603927,2025-07-22,USR-1027,35-44,Male,Swimming,70,582.1,8580,171,7.0,0.97,89.4,5,Fitbit
FIT-602716,2025-07-23,USR-1281,25-34,Male,HIIT,41,559.6,13347,116,6.4,1.94,54.2,2,Apple Watch
FIT-603017,2025-07-23,USR-1063,25-34,Male,Strength Training,34,198.8,10794,166,4.2,3.72,85.2,4,Fitbit
FIT-603211,2025-07-23,USR-1087,18-24,Male,Strength Training,77,435.3,14465,109,5.2,3.35,104.9,1,Samsung Galaxy Watch
FIT-603035,2025-07-23,USR-1004,45-54,Male,Cycling,56,498.3,11805,140,4.2,2.12,93.7,4,Garmin
FIT-600789,2025-07-23,USR-1245,18-24,Female,Swimming,35,283.9,2942,135,7.3,3.17,48.6,3,Mi Band
FIT-603780,2025-07-23,USR-1356,25-34,Male,HIIT,83,958.7,11576,107,7.7,2.91,102.3,4,Mi Band
FIT-602155,2025-07-23,USR-1158,25-34,Male,Cycling,98,877.6,7968,70,9.3,3.25,99.5,5,Samsung Galaxy Watch
FIT-603040,2025-07-23,USR-1247,35-44,Male,Swimming,78,629.7,16865,96,5.9,0.77,70.8,5,Garmin
FIT-603534,2025-07-24,USR-1269,45-54,Male,Running,25,270.7,4653,148,7.2,0.74,79.0,3,Mi Band
FIT-603496,2025-07-24,USR-1190,35-44,Female,Yoga,71,228.6,17561,165,5.0,3.28,64.8,3,Garmin
FIT-601114,2025-07-24,USR-1466,35-44,Female,Cycling,70,549.4,14805,123,7.2,2.19,75.8,1,Garmin
FIT-602991,2025-07-24,USR-1274,35-44,Female,HIIT,54,680.7,7847,82,5.2,3.95,60.6,3,Garmin
FIT-602347,2025-07-24,USR-1355,18-24,Male,Running,66,697.5,6811,89,5.9,2.65,103.4,2,Samsung Galaxy Watch
FIT-603770,2025-07-24,USR-1389,18-24,Male,HIIT,36,415.7,14698,103,8.9,2.55,104.6,2,Apple Watch
FIT-600544,2025-07-25,USR-1246,25-34,Male,Strength Training,116,601.4,3461,116,9.4,3.12,97.7,4,Mi Band
FIT-602844,2025-07-25,USR-1106,55+,Female,HIIT,88,1194.8,14627,119,4.8,2.21,46.1,2,Apple Watch
FIT-603326,2025-07-25,USR-1349,25-34,Male,HIIT,89,983.6,10181,140,7.5,3.67,105.9,2,Fitbit
FIT-603370,2025-07-26,USR-1277,35-44,Female,Walking,54,216.7,11840,140,7.7,3.74,72.6,2,Mi Band
FIT-600477,2025-07-26,USR-1451,18-24,Female,Swimming,37,301.6,7537,103,7.8,1.14,96.7,1,Apple Watch
FIT-601777,2025-07-26,USR-1095,35-44,Male,Yoga,86,222.6,14984,135,9.0,1.46,64.7,2,Garmin
FIT-603270,2025-07-26,USR-1066,55+,Female,HIIT,38,455.8,14048,108,4.2,3.23,65.8,3,Apple Watch
FIT-603265,2025-07-26,USR-1306,35-44,Female,Running,30,304.4,10571,130,6.8,3.93,98.0,1,Apple Watch
FIT-601706,2025-07-26,USR-1073,45-54,Male,Running,24,267.9,6722,129,4.1,0.58,57.2,5,Mi Band
FIT-603627,2025-07-26,USR-1386,18-24,Male,Swimming,87,674.4,10018,125,7.0,2.57,81.0,2,Apple Watch
FIT-603765,2025-07-26,USR-1398,25-34,Female,HIIT,90,1063.7,10873,146,5.3,1.43,47.0,5,Apple Watch
FIT-600067,2025-07-26,USR-1334,25-34,Male,Running,65,618.1,10375,65,9.0,3.38,82.3,1,Samsung Galaxy Watch
FIT-600755,2025-07-27,USR-1469,25-34,Female,Yoga,89,292.4,1275,128,5.2,1.85,76.4,4,Garmin
FIT-602047,2025-07-27,USR-1075,35-44,Male,Strength Training,40,213.1,11098,137,8.7,1.97,101.6,3,Fitbit
FIT-601720,2025-07-27,USR-1232,25-34,Male,Strength Training,107,602.5,16066,68,7.9,3.72,81.3,5,Garmin
FIT-602345,2025-07-27,USR-1397,25-34,Female,Cycling,38,290.8,12551,149,7.6,0.94,83.2,4,Fitbit
FIT-602424,2025-07-27,USR-1189,18-24,Male,Running,60,677.2,13947,83,6.8,0.58,78.0,4,Fitbit
FIT-602241,2025-07-27,USR-1063,25-34,Female,Running,109,1118.0,13796,83,7.2,3.87,103.7,5,Garmin
FIT-602535,2025-07-28,USR-1446,25-34,Female,Cycling,79,658.1,9926,120,7.4,0.99,73.2,5,Mi Band
FIT-603163,2025-07-28,USR-1338,25-34,Male,HIIT,87,1015.9,808,136,4.0,2.91,58.4,4,Garmin
FIT-601194,2025-07-28,USR-1486,45-54,Female,Cycling,30,212.6,13594,69,7.3,2.81,86.8,5,Fitbit
FIT-602135,2025-07-28,USR-1038,25-34,Female,Swimming,95,971.3,9709,126,6.9,3.1,99.0,5,Samsung Galaxy Watch
FIT-601329,2025-07-29,USR-1252,25-34,Male,Yoga,52,158.8,13977,143,4.1,3.89,96.7,5,Fitbit
FIT-603530,2025-07-29,USR-1359,18-24,Male,Running,73,866.8,12373,70,8.2,1.85,95.0,4,Mi Band
FIT-600684,2025-07-29,USR-1378,45-54,Male,Strength Training,77,505.5,7967,114,4.1,3.4,63.4,1,Mi Band
FIT-600768,2025-07-29,USR-1307,25-34,Male,Swimming,66,547.3,16087,120,6.0,2.93,45.6,1,Mi Band
FIT-601915,2025-07-29,USR-1361,25-34,Female,Swimming,97,918.0,9714,156,9.5,1.62,85.4,4,Samsung Galaxy Watch
FIT-602701,2025-07-30,USR-1239,45-54,Male,Swimming,53,530.8,9131,174,6.4,2.32,66.2,3,Mi Band
FIT-603706,2025-07-30,USR-1087,18-24,Male,Strength Training,24,129.0,16951,165,4.2,3.38,67.5,5,Fitbit
FIT-602326,2025-07-30,USR-1134,25-34,Male,Running,57,622.8,4948,76,4.5,3.5,99.9,5,Mi Band
FIT-601608,2025-07-30,USR-1031,18-24,Male,Walking,78,340.4,9219,86,8.5,0.85,107.6,2,Garmin
FIT-602999,2025-07-31,USR-1300,25-34,Female,Cycling,26,194.7,16650,138,6.8,1.73,76.8,5,Mi Band
FIT-602037,2025-07-31,USR-1143,35-44,Male,Yoga,10,25.7,9523,151,8.8,1.39,82.7,2,Mi Band
FIT-600633,2025-07-31,USR-1221,18-24,Male,Strength Training,93,553.7,7700,132,6.0,1.5,45.5,5,Fitbit
FIT-603728,2025-07-31,USR-1278,25-34,Male,Walking,119,610.0,17625,120,8.1,3.11,68.9,4,Fitbit
FIT-603072,2025-07-31,USR-1042,35-44,Male,Swimming,57,582.7,16779,150,7.9,3.0,67.1,3,Fitbit
FIT-603115,2025-07-31,USR-1060,35-44,Male,Running,26,308.4,5895,74,7.4,3.45,67.7,1,Garmin
FIT-603015,2025-08-01,USR-1395,45-54,Male,Strength Training,94,521.8,14658,120,6.3,2.15,84.9,5,Samsung Galaxy Watch
FIT-600009,2025-08-01,USR-1330,35-44,Female,HIIT,70,714.7,9932,103,8.2,1.88,63.0,5,Apple Watch
FIT-603827,2025-08-01,USR-1084,35-44,Female,Cycling,83,569.1,6293,99,5.2,1.58,77.0,1,Garmin
FIT-600803,2025-08-01,USR-1113,45-54,Female,Strength Training,48,266.8,10958,113,5.8,2.54,49.7,1,Apple Watch
FIT-601263,2025-08-01,USR-1073,25-34,Male,Walking,47,187.7,1182,150,6.4,3.35,78.6,2,Fitbit
FIT-601570,2025-08-02,USR-1170,35-44,Male,Cycling,54,377.9,8641,102,4.2,1.2,58.1,4,Apple Watch
FIT-603081,2025-08-02,USR-1183,25-34,Male,Swimming,71,638.4,5357,72,8.6,2.32,87.5,1,Samsung Galaxy Watch
FIT-601527,2025-08-02,USR-1183,45-54,Male,Running,97,926.1,9445,65,6.7,2.62,97.8,1,Garmin
FIT-602813,2025-08-02,USR-1350,25-34,Female,Strength Training,18,93.8,4743,158,6.5,0.85,66.1,1,Garmin
FIT-602282,2025-08-02,USR-1181,35-44,Female,Strength Training,114,614.1,623,154,8.4,2.89,97.8,4,Garmin
FIT-600355,2025-08-02,USR-1454,45-54,Male,Cycling,19,168.9,5984,122,4.7,2.14,89.5,5,Fitbit
FIT-603975,2025-08-02,USR-1049,25-34,Female,Strength Training,116,717.0,7942,74,5.3,2.89,105.7,4,Fitbit
FIT-600571,2025-08-03,USR-1088,25-34,Female,Cycling,77,662.0,7837,67,4.7,3.71,75.1,2,Garmin
FIT-602578,2025-08-03,USR-1025,25-34,Female,Walking,119,573.0,12453,118,5.7,3.34,105.7,1,Apple Watch
FIT-601667,2025-08-03,USR-1067,35-44,Female,Strength Training,114,758.6,730,148,6.1,3.53,108.0,2,Fitbit
FIT-601113,2025-08-03,USR-1165,35-44,Female,Walking,26,130.7,2684,166,6.4,1.35,98.0,5,Mi Band
FIT-600650,2025-08-03,USR-1162,35-44,Female,Swimming,38,364.9,10194,166,7.4,0.56,97.2,2,Mi Band
FIT-601581,2025-08-03,USR-1116,25-34,Male,HIIT,101,1159.5,8111,80,7.7,1.58,77.9,5,Mi Band
FIT-603457,2025-08-03,USR-1352,25-34,Male,Walking,24,113.6,5316,89,6.2,3.2,53.3,4,Fitbit
FIT-600272,2025-08-03,USR-1451,18-24,Male,Yoga,14,41.0,11795,93,7.9,2.18,75.4,4,Samsung Galaxy Watch
FIT-602842,2025-08-04,USR-1224,18-24,Male,Cycling,28,250.2,12021,154,9.1,1.59,73.3,3,Garmin
FIT-601128,2025-08-04,USR-1299,25-34,Female,Strength Training,104,567.1,14103,99,9.4,1.3,75.0,3,Apple Watch
FIT-600229,2025-08-04,USR-1302,18-24,Female,HIIT,46,605.8,1203,88,5.0,0.98,63.0,3,Apple Watch
FIT-601644,2025-08-04,USR-1008,45-54,Female,Swimming,112,992.5,4663,158,6.5,1.12,63.8,4,Apple Watch
FIT-601529,2025-08-05,USR-1099,25-34,Male,Swimming,20,196.1,892,69,5.7,2.06,79.9,3,Garmin
FIT-602870,2025-08-05,USR-1327,35-44,Male,Swimming,54,464.0,6868,118,8.7,3.1,105.7,2,Fitbit
FIT-601919,2025-08-05,USR-1495,25-34,Female,Yoga,99,261.6,2112,130,5.0,0.65,52.0,3,Fitbit
FIT-601180,2025-08-05,USR-1103,25-34,Female,Cycling,65,547.3,10473,84,8.9,1.9,106.6,2,Apple Watch
FIT-601143,2025-08-05,USR-1364,35-44,Female,HIIT,80,831.3,3288,103,5.0,2.23,52.7,3,Garmin
FIT-600075,2025-08-05,USR-1362,35-44,Male,Running,29,322.0,11328,100,8.2,1.64,60.0,3,Mi Band
FIT-602612,2025-08-06,USR-1097,55+,Female,Walking,38,192.0,10311,87,4.6,1.41,62.2,3,Fitbit
FIT-601752,2025-08-06,USR-1486,45-54,Female,HIIT,42,532.7,13733,135,7.6,1.85,58.8,5,Fitbit
FIT-600228,2025-08-06,USR-1374,18-24,Female,HIIT,57,604.6,2968,102,7.8,2.11,74.9,5,Apple Watch
FIT-601598,2025-08-06,USR-1424,18-24,Female,Yoga,108,337.2,14509,167,8.2,0.9,91.8,4,Apple Watch
FIT-603545,2025-08-06,USR-1112,18-24,Female,Running,35,378.7,3350,69,4.1,0.57,85.2,5,Apple Watch
FIT-601823,2025-08-06,USR-1409,35-44,Female,Walking,87,382.7,3415,117,7.9,1.74,93.6,2,Samsung Galaxy Watch
FIT-600870,2025-08-06,USR-1452,18-24,Male,HIIT,117,1490.9,8081,65,6.8,1.86,101.5,3,Samsung Galaxy Watch
FIT-601367,2025-08-07,USR-1218,35-44,Female,Cycling,60,518.0,2855,147,4.2,1.82,48.3,1,Garmin
FIT-603062,2025-08-07,USR-1157,45-54,Male,HIIT,14,179.4,16879,162,4.5,1.08,63.2,4,Fitbit
FIT-600152,2025-08-07,USR-1473,45-54,Male,Strength Training,37,215.4,3067,171,5.3,2.37,96.6,4,Samsung Galaxy Watch
FIT-603086,2025-08-08,USR-1468,25-34,Female,Cycling,115,989.0,7158,149,4.1,2.68,48.4,4,Fitbit
FIT-602771,2025-08-08,USR-1422,18-24,Male,Swimming,114,1151.4,17751,171,7.4,2.85,59.4,2,Fitbit
FIT-600018,2025-08-08,USR-1113,45-54,Male,Walking,29,147.9,9946,105,5.2,2.7,71.2,2,Samsung Galaxy Watch
FIT-603096,2025-08-08,USR-1067,25-34,Female,Running,11,117.9,8398,103,7.2,2.97,46.0,1,Apple Watch
FIT-601505,2025-08-08,USR-1130,25-34,Male,Swimming,10,88.5,8908,170,9.1,0.99,87.3,3,Samsung Galaxy Watch
FIT-601891,2025-08-09,USR-1377,25-34,Female,Strength Training,18,118.8,622,141,4.5,2.38,87.8,5,Mi Band
FIT-601779,2025-08-09,USR-1369,45-54,Female,Yoga,46,127.0,12046,157,7.1,1.44,53.2,5,Fitbit
FIT-602720,2025-08-09,USR-1130,18-24,Male,Swimming,26,216.2,2548,152,5.5,1.67,99.7,3,Garmin
FIT-602851,2025-08-09,USR-1160,25-34,Male,Running,14,139.7,1938,74,6.2,2.26,47.7,5,Samsung Galaxy Watch
FIT-601577,2025-08-09,USR-1386,25-34,Female,Yoga,58,157.4,12087,79,5.3,1.78,86.4,5,Garmin
FIT-603529,2025-08-09,USR-1497,18-24,Male,HIIT,95,973.6,7558,174,9.2,1.98,100.9,1,Samsung Galaxy Watch
FIT-601431,2025-08-09,USR-1200,18-24,Male,HIIT,12,138.9,7810,69,8.0,3.84,94.2,2,Samsung Galaxy Watch
FIT-603224,2025-08-09,USR-1280,25-34,Female,Walking,59,242.5,1915,123,8.0,2.2,96.4,2,Samsung Galaxy Watch
FIT-601280,2025-08-09,USR-1353,25-34,Male,Running,63,718.2,2979,130,8.4,2.52,99.2,4,Mi Band
FIT-601353,2025-08-10,USR-1130,18-24,Female,Yoga,104,353.7,4989,106,4.4,0.75,73.8,2,Fitbit
FIT-602475,2025-08-11,USR-1133,18-24,Male,Walking,16,63.9,11084,124,5.4,3.11,103.9,5,Apple Watch
FIT-601444,2025-08-11,USR-1013,18-24,Male,HIIT,73,983.5,17509,141,8.6,1.32,73.3,4,Mi Band
FIT-600800,2025-08-11,USR-1238,45-54,Female,Strength Training,32,211.2,3638,73,6.8,2.96,58.8,5,Fitbit
FIT-602255,2025-08-11,USR-1033,35-44,Female,Yoga,83,230.6,5573,93,7.1,1.32,59.3,5,Mi Band
FIT-602254,2025-08-12,USR-1227,25-34,Female,Yoga,52,156.8,10839,111,4.9,2.59,52.4,2,Garmin
FIT-600543,2025-08-12,USR-1113,25-34,Male,Running,90,1122.5,6704,77,4.1,2.98,66.7,5,Apple Watch
FIT-602366,2025-08-12,USR-1253,25-34,Male,Walking,65,295.1,9860,117,9.4,1.92,63.3,4,Garmin
FIT-601334,2025-08-12,USR-1006,18-24,Female,HIIT,90,1174.1,15845,166,6.9,1.71,80.8,5,Apple Watch
FIT-601427,2025-08-12,USR-1199,35-44,Male,HIIT,44,553.7,5530,65,7.7,2.36,63.2,2,Samsung Galaxy Watch
FIT-600105,2025-08-12,USR-1391,55+,Male,Yoga,110,328.4,2581,130,9.1,0.5,93.3,2,Samsung Galaxy Watch
FIT-603870,2025-08-12,USR-1410,35-44,Female,Walking,73,339.1,1653,166,4.3,0.94,93.6,4,Garmin
FIT-602735,2025-08-12,USR-1492,25-34,Female,Strength Training,21,138.4,17591,171,4.8,1.24,71.2,1,Garmin
FIT-603758,2025-08-12,USR-1481,55+,Male,Running,54,511.4,7040,161,7.5,2.57,59.4,4,Samsung Galaxy Watch
FIT-602918,2025-08-12,USR-1142,55+,Male,Strength Training,48,263.3,15447,99,4.3,0.78,104.4,3,Samsung Galaxy Watch
FIT-600217,2025-08-13,USR-1416,25-34,Female,Strength Training,34,183.6,6638,94,5.2,0.9,47.0,5,Apple Watch
FIT-600796,2025-08-13,USR-1286,25-34,Male,Yoga,103,312.0,11030,81,6.5,1.67,61.6,5,Garmin
FIT-602323,2025-08-13,USR-1089,35-44,Male,Yoga,92,287.9,2452,121,7.0,1.65,65.7,2,Samsung Galaxy Watch
FIT-602220,2025-08-13,USR-1388,18-24,Male,Swimming,52,441.8,11283,139,6.8,3.74,96.8,5,Samsung Galaxy Watch
FIT-603677,2025-08-14,USR-1489,25-34,Male,Walking,64,311.7,1650,94,4.4,3.69,66.6,4,Garmin
FIT-603403,2025-08-14,USR-1479,18-24,Male,Running,28,325.2,5381,172,4.0,1.52,61.8,1,Samsung Galaxy Watch
FIT-600027,2025-08-14,USR-1412,18-24,Male,Yoga,52,176.6,7786,168,7.0,3.26,76.5,5,Fitbit
FIT-600317,2025-08-15,USR-1026,18-24,Male,Strength Training,84,475.3,1597,70,5.5,0.61,108.1,5,Samsung Galaxy Watch
FIT-600689,2025-08-15,USR-1023,25-34,Female,Swimming,33,304.9,3541,71,6.0,3.73,106.8,4,Samsung Galaxy Watch
FIT-603348,2025-08-15,USR-1128,18-24,Male,Walking,24,105.0,5862,106,8.3,3.08,97.4,3,Samsung Galaxy Watch
FIT-600418,2025-08-15,USR-1380,45-54,Female,Yoga,28,86.8,13670,169,4.5,1.15,89.7,3,Mi Band
FIT-602265,2025-08-15,USR-1317,35-44,Male,Running,67,817.6,8943,143,7.0,2.87,73.0,1,Fitbit
FIT-603336,2025-08-15,USR-1483,18-24,Female,HIIT,47,617.0,7151,113,7.3,1.64,92.4,2,Garmin
FIT-600553,2025-08-15,USR-1265,25-34,Male,Swimming,77,685.2,5783,134,5.7,2.63,59.5,3,Fitbit
FIT-600354,2025-08-15,USR-1320,35-44,Female,Swimming,96,827.9,6262,143,5.6,0.79,68.2,4,Garmin
FIT-602946,2025-08-16,USR-1491,35-44,Male,Running,89,1033.1,3051,92,4.1,0.56,67.3,1,Mi Band
FIT-602785,2025-08-16,USR-1063,18-24,Male,Yoga,119,353.0,3241,75,8.0,3.53,89.1,2,Garmin
FIT-602632,2025-08-16,USR-1432,25-34,Male,Cycling,90,731.2,2274,146,7.4,1.43,107.9,2,Fitbit
FIT-602577,2025-08-17,USR-1109,25-34,Male,Walking,30,117.4,13405,167,7.8,0.77,100.4,1,Samsung Galaxy Watch
FIT-603275,2025-08-17,USR-1314,25-34,Female,Swimming,11,102.2,8618,88,7.0,0.7,68.2,4,Samsung Galaxy Watch
FIT-603018,2025-08-17,USR-1082,25-34,Male,Strength Training,39,226.6,16835,83,6.4,3.51,96.6,3,Fitbit
FIT-603654,2025-08-17,USR-1275,25-34,Female,Yoga,111,331.4,1244,165,5.1,2.4,78.4,5,Samsung Galaxy Watch
FIT-600667,2025-08-17,USR-1372,45-54,Female,Swimming,119,943.2,12387,87,5.7,1.61,50.1,3,Fitbit
FIT-601864,2025-08-17,USR-1441,35-44,Female,Yoga,29,80.8,6574,147,8.9,1.69,53.3,3,Mi Band
FIT-600422,2025-08-17,USR-1171,18-24,Female,Strength Training,106,544.3,10294,147,8.1,3.71,87.4,5,Garmin
FIT-600275,2025-08-18,USR-1236,35-44,Female,HIIT,79,963.1,11009,72,7.8,3.4,83.4,1,Mi Band
FIT-603672,2025-08-18,USR-1174,25-34,Female,Running,51,636.2,12628,122,4.9,3.91,89.4,1,Mi Band
FIT-603936,2025-08-18,USR-1315,25-34,Male,Strength Training,93,540.7,5726,146,6.9,2.99,58.2,4,Fitbit
FIT-600716,2025-08-18,USR-1236,35-44,Male,Running,16,199.8,13590,73,8.7,2.01,58.5,4,Samsung Galaxy Watch
FIT-602300,2025-08-18,USR-1222,45-54,Female,Strength Training,75,485.3,1914,115,7.0,0.51,47.0,3,Mi Band
FIT-602016,2025-08-18,USR-1340,25-34,Male,Walking,13,60.2,4484,157,4.2,1.01,49.8,1,Samsung Galaxy Watch
FIT-600646,2025-08-18,USR-1247,35-44,Male,HIIT,90,989.0,8006,74,9.3,1.69,49.5,4,Mi Band
FIT-603047,2025-08-18,USR-1078,35-44,Male,Cycling,82,591.1,5006,174,4.0,3.25,66.6,5,Mi Band
FIT-601521,2025-08-18,USR-1455,18-24,Male,Cycling,23,170.1,16320,122,8.0,2.68,69.2,5,Mi Band
FIT-601437,2025-08-18,USR-1116,55+,Female,Strength Training,88,563.3,6579,66,5.7,3.1,64.6,5,Mi Band
FIT-602341,2025-08-19,USR-1217,18-24,Male,HIIT,69,810.0,6395,162,5.3,3.29,76.8,2,Mi Band
FIT-602837,2025-08-19,USR-1272,35-44,Female,Swimming,48,481.2,9143,142,4.8,2.64,81.2,1,Apple Watch
FIT-603044,2025-08-19,USR-1119,45-54,Female,Strength Training,82,467.7,4361,142,5.6,0.97,109.4,1,Apple Watch
FIT-602840,2025-08-20,USR-1198,25-34,Female,Swimming,105,840.3,6730,172,5.0,1.42,67.8,4,Apple Watch
FIT-601893,2025-08-20,USR-1233,18-24,Female,Yoga,71,211.7,15092,77,4.3,3.04,96.0,4,Garmin
FIT-600438,2025-08-20,USR-1002,45-54,Female,Strength Training,26,156.2,14728,160,7.0,0.94,103.2,2,Garmin
FIT-600095,2025-08-20,USR-1135,35-44,Female,Walking,114,518.3,5012,94,7.5,0.62,53.0,4,Garmin
FIT-601136,2025-08-20,USR-1114,45-54,Female,Yoga,113,311.6,1443,94,4.8,1.85,89.8,2,Samsung Galaxy Watch
FIT-602629,2025-08-20,USR-1132,55+,Male,Cycling,31,284.3,3801,155,4.8,0.77,103.8,1,Samsung Galaxy Watch
FIT-601591,2025-08-20,USR-1163,25-34,Male,Running,26,290.5,6922,132,6.4,0.96,92.0,3,Apple Watch
FIT-601719,2025-08-21,USR-1097,25-34,Other,Running,84,786.1,14127,150,8.6,2.2,79.3,1,Samsung Galaxy Watch
FIT-601525,2025-08-21,USR-1195,25-34,Female,HIIT,68,838.2,5677,94,5.2,2.09,75.0,3,Fitbit
FIT-600134,2025-08-21,USR-1346,25-34,Other,Running,112,1271.3,14131,138,4.2,1.57,76.6,2,Mi Band
FIT-600120,2025-08-21,USR-1244,35-44,Female,HIIT,75,940.2,14567,169,9.2,0.62,100.8,2,Mi Band
FIT-600267,2025-08-21,USR-1279,25-34,Male,Swimming,77,632.0,14467,158,9.3,3.61,87.4,4,Fitbit
FIT-603753,2025-08-22,USR-1230,45-54,Male,Swimming,91,788.7,8694,146,4.4,2.24,64.4,5,Fitbit
FIT-603482,2025-08-22,USR-1416,45-54,Female,Swimming,63,544.5,2801,140,8.0,1.05,46.1,5,Fitbit
FIT-600442,2025-08-23,USR-1206,25-34,Male,Strength Training,34,196.0,949,130,4.5,0.67,103.8,1,Mi Band
FIT-601423,2025-08-23,USR-1192,35-44,Male,HIIT,75,951.0,12200,126,5.1,1.83,107.0,3,Samsung Galaxy Watch
FIT-603834,2025-08-23,USR-1459,25-34,Female,Yoga,33,101.4,5002,135,4.2,2.88,88.2,3,Garmin
FIT-600957,2025-08-23,USR-1301,45-54,Male,Yoga,68,220.6,8583,129,8.5,0.84,48.6,1,Apple Watch
FIT-601099,2025-08-23,USR-1122,25-34,Other,Swimming,43,410.9,7734,118,9.0,1.74,100.0,5,Garmin
FIT-600081,2025-08-23,USR-1197,35-44,Male,Cycling,67,531.0,10606,85,8.4,1.88,76.1,3,Apple Watch
FIT-601632,2025-08-24,USR-1314,45-54,Male,Yoga,38,122.5,11474,159,9.5,1.81,88.4,2,Apple Watch
FIT-600921,2025-08-24,USR-1462,18-24,Male,Cycling,44,318.9,9471,108,5.3,3.46,70.5,1,Samsung Galaxy Watch
FIT-603978,2025-08-24,USR-1345,45-54,Male,Swimming,32,327.1,9216,147,5.3,3.7,80.3,1,Garmin
FIT-602217,2025-08-24,USR-1121,18-24,Male,Running,99,1190.4,15246,112,8.3,2.65,101.7,2,Mi Band
FIT-603597,2025-08-24,USR-1122,25-34,Male,Strength Training,117,753.6,5195,93,4.3,3.42,101.5,3,Garmin
FIT-600830,2025-08-25,USR-1361,35-44,Female,Swimming,11,84.3,4011,125,9.0,3.67,70.5,5,Mi Band
FIT-601898,2025-08-25,USR-1483,18-24,Female,Cycling,60,499.5,12520,66,9.0,2.85,53.5,5,Samsung Galaxy Watch
FIT-600363,2025-08-25,USR-1282,45-54,Male,Running,82,948.2,1330,133,4.1,1.38,109.3,4,Fitbit
FIT-603626,2025-08-26,USR-1316,55+,Male,Swimming,24,192.1,15616,116,7.2,3.7,98.7,1,Garmin
FIT-602128,2025-08-26,USR-1125,35-44,Female,Yoga,78,213.2,6203,73,9.2,3.66,45.7,5,Mi Band
FIT-600139,2025-08-26,USR-1493,18-24,Male,Walking,78,376.8,17165,67,7.6,1.29,106.8,2,Garmin
FIT-600905,2025-08-26,USR-1149,18-24,Male,Swimming,52,521.1,11942,70,5.8,1.86,103.0,2,Samsung Galaxy Watch
FIT-603544,2025-08-27,USR-1478,25-34,Female,Yoga,26,76.8,3778,110,8.8,0.67,65.7,4,Garmin
FIT-600763,2025-08-27,USR-1280,25-34,Female,Yoga,78,246.2,5866,121,9.4,3.96,72.8,4,Garmin
FIT-603746,2025-08-27,USR-1144,35-44,Male,Yoga,105,307.2,10853,108,4.4,2.28,65.5,4,Apple Watch
FIT-601023,2025-08-27,USR-1160,45-54,Female,Swimming,119,970.7,13139,70,4.4,1.02,67.3,4,Garmin
FIT-602588,2025-08-27,USR-1477,45-54,Female,HIIT,95,1198.1,14216,70,7.1,0.67,96.6,4,Samsung Galaxy Watch
FIT-600917,2025-08-27,USR-1136,18-24,Other,Running,83,843.3,5251,137,4.7,0.91,90.0,1,Fitbit
FIT-600818,2025-08-28,USR-1224,45-54,Female,Running,83,1011.2,4113,79,8.7,0.7,109.9,3,Fitbit
FIT-603398,2025-08-28,USR-1223,35-44,Female,HIIT,115,1483.2,12162,161,8.6,0.73,102.3,4,Samsung Galaxy Watch
FIT-603427,2025-08-28,USR-1310,25-34,Female,Cycling,92,670.5,13303,138,6.4,0.56,81.6,5,Garmin
FIT-601697,2025-08-28,USR-1363,18-24,Male,Walking,19,90.6,9397,126,9.0,3.54,59.8,5,Apple Watch
FIT-601943,2025-08-28,USR-1064,18-24,Male,Swimming,13,110.8,11197,170,5.1,0.82,57.7,2,Fitbit
FIT-602705,2025-08-28,USR-1301,35-44,Female,Strength Training,57,295.8,17037,75,7.7,2.86,79.9,1,Samsung Galaxy Watch
FIT-603681,2025-08-28,USR-1491,35-44,Male,Walking,74,325.2,15284,133,4.1,2.12,87.5,3,Fitbit
FIT-601017,2025-08-28,USR-1113,35-44,Male,Cycling,108,850.2,5985,82,5.8,3.54,91.1,3,Apple Watch
FIT-602571,2025-08-29,USR-1251,18-24,Male,Strength Training,79,520.2,2726,139,5.6,0.74,67.4,3,Mi Band
FIT-602129,2025-08-29,USR-1249,25-34,Male,Strength Training,73,398.5,6822,78,5.6,0.61,79.5,4,Samsung Galaxy Watch
FIT-601224,2025-08-29,USR-1056,25-34,Male,Swimming,17,150.5,2421,137,7.8,2.18,65.7,5,Apple Watch
FIT-603813,2025-08-29,USR-1458,18-24,Female,HIIT,94,1186.6,2628,174,6.3,2.04,64.5,3,Fitbit
FIT-600614,2025-08-29,USR-1275,35-44,Male,Running,77,966.2,3953,114,8.6,3.81,72.5,3,Mi Band
FIT-600321,2025-08-29,USR-1232,18-24,Female,Yoga,27,83.9,2842,148,4.6,3.05,88.4,3,Apple Watch
FIT-602698,2025-08-29,USR-1113,35-44,Male,Cycling,33,231.4,1806,124,6.3,1.83,54.5,5,Garmin
FIT-603213,2025-08-29,USR-1011,25-34,Female,Strength Training,71,417.0,17877,141,8.8,3.77,50.7,4,Fitbit
FIT-600499,2025-08-29,USR-1496,45-54,Female,HIIT,38,424.3,12198,65,7.7,2.92,58.9,4,Mi Band
FIT-600293,2025-08-30,USR-1101,35-44,Female,Cycling,12,106.1,12083,70,6.9,1.21,100.8,5,Mi Band
FIT-601536,2025-08-30,USR-1364,25-34,Male,Running,14,164.8,17114,119,6.4,2.97,63.5,2,Fitbit
FIT-603137,2025-08-30,USR-1042,25-34,Female,Walking,36,141.7,7382,82,4.2,3.61,93.9,3,Fitbit
FIT-600627,2025-08-30,USR-1484,25-34,Female,Strength Training,67,379.9,16932,153,4.1,2.88,65.8,4,Mi Band
FIT-600838,2025-08-30,USR-1155,18-24,Female,Yoga,35,101.1,4721,160,9.2,3.02,66.2,5,Samsung Galaxy Watch
FIT-600097,2025-08-30,USR-1136,18-24,Female,Strength Training,73,487.5,10989,126,8.8,1.92,72.9,1,Garmin
FIT-603288,2025-08-30,USR-1329,18-24,Other,Walking,52,239.8,11125,111,8.3,0.62,57.7,5,Samsung Galaxy Watch
FIT-602374,2025-08-30,USR-1011,25-34,Female,Yoga,15,49.8,2126,171,9.0,1.38,98.7,3,Samsung Galaxy Watch
FIT-602544,2025-08-30,USR-1178,35-44,Male,Strength Training,60,323.9,2314,69,9.2,1.36,91.8,1,Fitbit
FIT-603620,2025-08-31,USR-1123,55+,Male,HIIT,64,694.8,4218,171,6.5,2.57,65.6,5,Fitbit
FIT-600076,2025-08-31,USR-1457,35-44,Female,Yoga,81,249.3,857,165,7.9,3.0,88.7,2,Garmin
FIT-600837,2025-08-31,USR-1019,25-34,Male,Swimming,102,939.2,3473,116,7.0,1.34,93.5,1,Apple Watch
FIT-600141,2025-08-31,USR-1037,45-54,Female,Yoga,51,142.2,12673,96,6.1,2.01,86.2,5,Samsung Galaxy Watch
FIT-602623,2025-08-31,USR-1347,18-24,Male,Walking,101,401.0,16973,109,5.4,3.05,92.4,1,Mi Band
FIT-601151,2025-08-31,USR-1385,18-24,Female,Running,63,718.5,11847,72,6.2,1.7,90.7,1,Mi Band
FIT-601163,2025-08-31,USR-1330,55+,Male,HIIT,66,738.2,10153,137,8.4,3.29,64.8,2,Apple Watch
FIT-603122,2025-09-01,USR-1022,25-34,Female,HIIT,90,1040.7,14733,151,4.1,3.52,55.5,2,Mi Band
FIT-602045,2025-09-01,USR-1390,45-54,Female,Cycling,66,479.3,4325,121,7.1,2.27,108.1,2,Fitbit
FIT-600084,2025-09-01,USR-1123,35-44,Other,Yoga,108,295.7,10515,110,6.7,0.62,76.9,1,Apple Watch
FIT-603824,2025-09-02,USR-1448,25-34,Male,Strength Training,94,609.4,2194,73,7.8,3.15,48.0,1,Samsung Galaxy Watch
FIT-601808,2025-09-02,USR-1022,35-44,Male,Running,22,229.4,3067,119,9.2,1.37,103.8,3,Samsung Galaxy Watch
FIT-600815,2025-09-02,USR-1488,45-54,Other,Strength Training,68,395.4,17792,101,5.0,1.87,101.8,4,Apple Watch
FIT-602191,2025-09-02,USR-1000,45-54,Female,Cycling,92,724.3,16706,154,6.1,1.46,86.8,3,Garmin
FIT-603890,2025-09-03,USR-1209,25-34,Female,Cycling,87,626.2,2165,114,6.9,3.77,84.5,1,Mi Band
FIT-600340,2025-09-03,USR-1306,25-34,Male,Yoga,54,174.9,12388,93,6.1,3.65,50.9,5,Garmin
FIT-601375,2025-09-03,USR-1139,18-24,Male,HIIT,107,1401.2,10876,113,8.9,2.69,99.0,4,Apple Watch
FIT-601386,2025-09-03,USR-1409,35-44,Male,Strength Training,47,266.5,16741,148,8.0,2.5,99.6,5,Fitbit
FIT-601289,2025-09-03,USR-1126,35-44,Female,Cycling,116,966.5,5110,87,7.3,2.25,59.3,1,Samsung Galaxy Watch
FIT-600270,2025-09-03,USR-1463,25-34,Female,Swimming,51,445.1,3481,72,8.4,0.91,74.6,2,Fitbit
FIT-600345,2025-09-03,USR-1343,25-34,Male,Yoga,79,216.3,6394,72,6.2,1.58,84.9,4,Mi Band
FIT-602253,2025-09-03,USR-1182,25-34,Other,Walking,113,582.7,17153,142,8.5,2.24,58.6,3,Apple Watch
FIT-602695,2025-09-03,USR-1070,18-24,Female,Strength Training,54,367.9,14488,135,4.9,1.88,99.6,2,Apple Watch
FIT-600247,2025-09-03,USR-1250,18-24,Other,Walking,50,253.8,1355,165,4.1,2.43,64.2,4,Fitbit
FIT-602919,2025-09-04,USR-1044,35-44,Male,Swimming,24,199.5,6462,117,7.3,0.71,62.3,2,Fitbit
FIT-602307,2025-09-04,USR-1459,45-54,Female,Yoga,10,33.2,11354,163,9.4,2.92,49.4,4,Mi Band
FIT-601663,2025-09-04,USR-1219,35-44,Male,Walking,87,377.5,2824,137,8.1,3.68,76.5,3,Mi Band
FIT-600338,2025-09-04,USR-1215,25-34,Male,Running,32,305.7,5137,133,8.5,1.93,80.1,3,Mi Band
FIT-601990,2025-09-04,USR-1476,18-24,Male,Running,15,172.9,8335,172,4.4,2.4,101.7,3,Samsung Galaxy Watch
FIT-601578,2025-09-04,USR-1155,25-34,Female,Walking,31,148.1,13198,97,5.5,3.45,104.1,3,Mi Band
FIT-600945,2025-09-05,USR-1211,35-44,Female,Running,67,668.7,6542,170,6.5,3.13,100.5,5,Mi Band
FIT-601025,2025-09-05,USR-1260,18-24,Male,Yoga,105,271.7,11174,114,9.0,1.15,47.5,3,Fitbit
FIT-601146,2025-09-06,USR-1131,25-34,Female,Running,95,1184.7,2745,74,5.4,3.02,104.8,5,Garmin
FIT-603156,2025-09-06,USR-1178,35-44,Male,HIIT,64,821.3,11843,149,6.5,1.94,55.7,5,Mi Band
FIT-600028,2025-09-06,USR-1033,18-24,Female,Walking,76,300.9,8456,145,5.5,3.23,102.6,3,Samsung Galaxy Watch
FIT-602384,2025-09-06,USR-1073,35-44,Female,Swimming,90,796.5,14072,68,6.9,3.11,60.7,3,Apple Watch
FIT-603307,2025-09-06,USR-1286,35-44,Female,Strength Training,119,650.5,5834,154,7.0,3.36,91.1,5,Samsung Galaxy Watch
FIT-603149,2025-09-06,USR-1034,55+,Female,Swimming,35,278.5,4501,78,8.8,2.13,109.8,1,Samsung Galaxy Watch
FIT-601681,2025-09-06,USR-1417,35-44,Male,Running,113,1156.7,3487,101,8.6,3.53,56.9,5,Garmin
FIT-601273,2025-09-06,USR-1072,35-44,Female,Walking,63,307.0,17229,69,4.1,2.64,45.5,1,Mi Band
FIT-600276,2025-09-06,USR-1268,35-44,Male,HIIT,39,458.3,14297,122,6.1,3.55,52.8,1,Fitbit
FIT-603773,2025-09-06,USR-1105,25-34,Male,Running,109,1264.5,7152,123,9.1,0.6,65.2,4,Samsung Galaxy Watch
FIT-600343,2025-09-07,USR-1348,18-24,Male,Strength Training,38,232.6,14987,127,5.5,0.83,68.3,3,Garmin
FIT-602772,2025-09-07,USR-1107,45-54,Male,Walking,103,414.6,16675,160,5.0,1.46,46.0,3,Apple Watch
FIT-602331,2025-09-07,USR-1140,35-44,Male,Strength Training,16,86.6,636,127,4.3,3.54,95.3,3,Fitbit
FIT-601040,2025-09-07,USR-1428,25-34,Female,Walking,22,85.8,3535,114,4.0,1.95,88.2,1,Apple Watch
FIT-602902,2025-09-07,USR-1396,35-44,Male,Walking,106,505.8,9398,146,4.0,0.67,85.2,1,Garmin
FIT-600002,2025-09-07,USR-1467,18-24,Male,Cycling,75,657.7,15273,149,5.4,3.39,86.0,3,Samsung Galaxy Watch
FIT-601342,2025-09-07,USR-1197,35-44,Female,Strength Training,38,207.1,11087,79,9.3,3.14,53.8,4,Samsung Galaxy Watch
FIT-601179,2025-09-07,USR-1244,25-34,Male,Walking,105,475.7,4487,82,6.1,3.83,67.3,2,Samsung Galaxy Watch
FIT-601927,2025-09-07,USR-1225,25-34,Female,Cycling,40,364.4,1475,106,8.6,1.65,89.0,2,Samsung Galaxy Watch
FIT-600172,2025-09-08,USR-1223,18-24,Female,HIIT,73,994.3,14973,142,8.9,0.69,47.6,1,Garmin
FIT-602484,2025-09-08,USR-1389,18-24,Male,Running,86,928.6,15695,113,8.9,3.78,59.3,5,Samsung Galaxy Watch
FIT-600111,2025-09-08,USR-1409,55+,Female,HIIT,77,873.5,3786,125,6.8,0.61,47.0,4,Fitbit
FIT-602252,2025-09-08,USR-1188,18-24,Male,HIIT,107,1311.3,6009,83,4.5,1.68,94.9,1,Samsung Galaxy Watch
FIT-600176,2025-09-08,USR-1246,45-54,Male,Swimming,57,573.8,14082,157,5.8,3.55,104.2,1,Fitbit
FIT-603383,2025-09-08,USR-1368,25-34,Male,Walking,19,81.6,3029,78,5.3,1.0,101.2,4,Samsung Galaxy Watch
FIT-603495,2025-09-08,USR-1139,35-44,Female,Walking,39,152.1,2145,109,8.5,0.63,97.8,1,Samsung Galaxy Watch
FIT-601178,2025-09-08,USR-1219,55+,Male,HIIT,25,322.6,7659,140,9.0,0.93,63.3,5,Mi Band
FIT-602376,2025-09-08,USR-1353,25-34,Female,Running,41,397.0,13407,149,4.4,3.62,72.1,2,Fitbit
FIT-601618,2025-09-09,USR-1453,35-44,Female,Cycling,108,939.6,4167,151,5.7,1.09,49.6,1,Mi Band
FIT-600591,2025-09-09,USR-1079,25-34,Male,Walking,88,347.0,7167,103,6.3,3.24,58.6,5,Apple Watch
FIT-601294,2025-09-09,USR-1302,18-24,Male,HIIT,68,891.4,13613,125,8.8,3.51,77.3,2,Apple Watch
FIT-603573,2025-09-09,USR-1477,45-54,Female,Running,52,558.4,12727,142,4.4,1.45,48.7,4,Garmin
FIT-601012,2025-09-09,USR-1483,35-44,Male,Strength Training,46,293.0,10831,167,4.9,1.64,96.7,3,Garmin
FIT-600632,2025-09-09,USR-1465,25-34,Male,Walking,28,117.3,4690,117,9.1,1.48,100.5,4,Fitbit
FIT-601942,2025-09-10,USR-1493,25-34,Male,Yoga,80,254.6,4470,98,8.8,1.49,60.0,3,Garmin
FIT-600951,2025-09-10,USR-1083,25-34,Female,Walking,46,181.1,3387,94,8.5,1.86,66.7,5,Garmin
FIT-600658,2025-09-10,USR-1324,25-34,Female,Swimming,11,84.4,8384,163,4.1,3.94,53.4,1,Garmin
FIT-602597,2025-09-10,USR-1049,55+,Male,Yoga,115,389.6,10769,80,5.2,3.69,82.6,2,Apple Watch
FIT-601397,2025-09-10,USR-1494,45-54,Female,Strength Training,36,242.2,5592,172,4.1,3.3,61.1,3,Mi Band
FIT-603484,2025-09-11,USR-1385,35-44,Male,HIIT,50,515.3,13634,149,7.4,3.22,63.6,5,Garmin
FIT-603882,2025-09-11,USR-1473,35-44,Female,Walking,38,184.0,4986,72,6.7,1.65,93.6,3,Samsung Galaxy Watch
FIT-603256,2025-09-11,USR-1380,35-44,Male,HIIT,38,488.7,2341,147,9.2,2.29,95.4,1,Garmin
FIT-603359,2025-09-11,USR-1016,18-24,Male,Swimming,107,977.8,11967,98,5.6,2.66,66.7,5,Fitbit
FIT-600406,2025-09-11,USR-1185,35-44,Female,Walking,92,449.0,6877,143,8.7,0.62,89.1,3,Samsung Galaxy Watch
FIT-602485,2025-09-11,USR-1492,35-44,Female,Cycling,100,743.4,10880,71,6.7,1.71,56.6,2,Samsung Galaxy Watch
FIT-600250,2025-09-12,USR-1073,35-44,Male,Running,100,1086.3,7526,162,5.9,2.87,49.1,5,Fitbit
FIT-602103,2025-09-12,USR-1473,35-44,Male,Walking,12,56.2,2761,139,7.6,1.18,87.2,5,Apple Watch
FIT-601766,2025-09-12,USR-1142,35-44,Male,HIIT,49,654.3,17493,104,7.8,1.91,65.9,1,Samsung Galaxy Watch
FIT-602843,2025-09-12,USR-1353,18-24,Male,Yoga,53,140.8,1734,115,6.3,1.62,47.5,2,Garmin
FIT-601787,2025-09-12,USR-1445,18-24,Male,Strength Training,116,716.7,2116,143,9.1,1.02,65.7,2,Mi Band
FIT-602258,2025-09-12,USR-1263,35-44,Female,Swimming,78,685.7,15549,97,6.5,2.9,100.0,4,Fitbit
FIT-602559,2025-09-13,USR-1147,35-44,Female,Strength Training,103,659.9,9572,93,5.4,2.51,82.1,3,Samsung Galaxy Watch
FIT-602248,2025-09-13,USR-1072,18-24,Male,Walking,113,471.0,15521,105,6.6,2.41,51.8,4,Apple Watch
FIT-603858,2025-09-13,USR-1419,18-24,Male,Swimming,77,674.3,10990,134,8.0,1.49,56.2,3,Apple Watch
FIT-600661,2025-09-13,USR-1180,45-54,Male,Running,14,142.2,8831,87,5.3,3.91,58.2,1,Samsung Galaxy Watch
FIT-602025,2025-09-13,USR-1048,18-24,Male,Running,100,1198.4,1117,131,5.3,3.89,109.6,1,Apple Watch
FIT-603128,2025-09-14,USR-1398,25-34,Male,Running,44,424.2,1996,108,6.2,3.33,79.1,1,Fitbit
FIT-600608,2025-09-14,USR-1140,25-34,Male,Strength Training,18,103.4,8442,78,4.9,1.27,48.3,4,Garmin
FIT-601746,2025-09-14,USR-1389,45-54,Female,Cycling,12,94.6,15257,147,6.6,1.63,50.5,4,Fitbit
FIT-600057,2025-09-14,USR-1475,25-34,Male,Strength Training,82,442.4,16930,115,6.3,2.95,75.5,2,Fitbit
FIT-603985,2025-09-14,USR-1361,25-34,Male,Swimming,72,724.3,13274,101,5.9,2.66,46.7,3,Mi Band
FIT-602372,2025-09-14,USR-1266,55+,Female,Cycling,107,778.6,16210,84,6.5,0.89,80.5,3,Mi Band
FIT-600125,2025-09-14,USR-1023,25-34,Female,Strength Training,75,394.0,14338,128,7.9,3.96,96.8,3,Garmin
FIT-602274,2025-09-14,USR-1015,18-24,Male,HIIT,56,648.5,9962,169,7.1,3.75,90.3,1,Garmin
FIT-602041,2025-09-15,USR-1000,25-34,Male,Strength Training,86,471.6,5431,82,7.9,1.4,93.6,3,Mi Band
FIT-602356,2025-09-15,USR-1065,25-34,Male,HIIT,77,804.5,15624,142,8.0,3.27,98.8,5,Garmin
FIT-600590,2025-09-15,USR-1107,35-44,Male,Swimming,63,585.6,1201,87,8.3,2.22,89.3,3,Garmin
FIT-601394,2025-09-16,USR-1294,25-34,Female,Yoga,58,189.5,8653,109,9.1,2.56,47.3,2,Samsung Galaxy Watch
FIT-603719,2025-09-16,USR-1132,18-24,Female,HIIT,81,972.1,2119,66,5.5,2.6,90.1,2,Garmin
FIT-601685,2025-09-17,USR-1429,35-44,Female,Strength Training,42,223.6,4435,139,8.0,1.95,85.3,2,Garmin
FIT-602325,2025-09-17,USR-1300,55+,Male,Yoga,18,52.6,15105,69,5.2,2.97,57.5,3,Samsung Galaxy Watch
FIT-603325,2025-09-17,USR-1466,18-24,Male,Yoga,22,73.1,7666,133,8.5,1.76,51.8,2,Garmin
FIT-600575,2025-09-17,USR-1225,55+,Female,Yoga,42,132.8,3971,142,9.0,3.22,89.3,4,Mi Band
FIT-602373,2025-09-17,USR-1435,35-44,Female,Strength Training,52,271.3,8011,166,5.3,2.12,88.6,3,Apple Watch
FIT-601987,2025-09-17,USR-1057,45-54,Male,Running,73,881.4,4475,65,4.6,3.26,47.5,2,Samsung Galaxy Watch
FIT-602722,2025-09-18,USR-1311,35-44,Male,HIIT,102,1222.0,8228,172,8.7,2.57,82.7,3,Samsung Galaxy Watch
FIT-602059,2025-09-19,USR-1059,45-54,Female,HIIT,94,1127.9,3805,105,4.2,0.87,79.6,1,Samsung Galaxy Watch
FIT-603092,2025-09-19,USR-1328,25-34,Male,Yoga,42,122.1,14090,146,6.3,1.94,62.3,4,Garmin
FIT-600804,2025-09-19,USR-1362,55+,Male,Strength Training,49,305.4,4280,148,9.1,2.56,70.2,2,Fitbit
FIT-601997,2025-09-19,USR-1366,18-24,Male,Strength Training,42,245.2,11437,107,8.6,3.73,95.4,4,Fitbit
FIT-600223,2025-09-19,USR-1498,55+,Male,HIIT,39,459.7,3370,79,4.9,3.7,62.0,4,Samsung Galaxy Watch
FIT-600333,2025-09-19,USR-1072,35-44,Female,Yoga,113,316.5,13102,136,7.2,2.81,49.3,2,Apple Watch
FIT-601930,2025-09-19,USR-1353,35-44,Male,Cycling,116,978.0,1114,76,5.4,3.79,72.3,3,Fitbit
FIT-600699,2025-09-19,USR-1035,18-24,Male,Swimming,72,557.2,1371,116,9.2,3.7,83.2,5,Samsung Galaxy Watch
FIT-600195,2025-09-19,USR-1158,55+,Male,Running,46,555.7,12653,84,8.8,3.23,55.3,1,Apple Watch
FIT-603901,2025-09-19,USR-1351,55+,Male,HIIT,52,674.9,7982,173,7.1,2.1,101.3,1,Apple Watch
FIT-601676,2025-09-20,USR-1126,35-44,Male,Running,65,792.7,11582,113,8.4,3.08,91.4,3,Apple Watch
FIT-602093,2025-09-20,USR-1310,25-34,Male,Running,85,814.2,4393,123,4.4,2.41,73.5,4,Mi Band
FIT-602056,2025-09-20,USR-1080,35-44,Female,Running,92,1104.6,3446,162,5.6,3.48,75.9,1,Mi Band
FIT-602348,2025-09-20,USR-1483,18-24,Female,HIIT,46,572.2,1272,135,4.6,2.67,61.2,3,Samsung Galaxy Watch
FIT-602164,2025-09-20,USR-1458,45-54,Female,Running,85,947.9,14083,115,8.2,1.1,93.3,2,Mi Band
FIT-600282,2025-09-20,USR-1328,35-44,Female,Running,60,675.0,830,168,5.2,1.53,60.1,2,Apple Watch
FIT-602107,2025-09-21,USR-1083,18-24,Male,HIIT,61,710.4,12242,171,8.5,2.66,83.5,2,Samsung Galaxy Watch
FIT-601123,2025-09-21,USR-1337,45-54,Female,Cycling,102,843.5,4331,96,4.6,2.61,86.4,3,Fitbit
FIT-600149,2025-09-21,USR-1356,18-24,Female,Swimming,77,752.4,4913,165,9.5,2.1,72.3,2,Garmin
FIT-600619,2025-09-21,USR-1165,55+,Male,Cycling,27,195.5,13093,142,5.0,3.49,61.3,4,Samsung Galaxy Watch
FIT-601458,2025-09-21,USR-1236,25-34,Female,Walking,103,424.0,10403,164,7.4,3.39,97.4,5,Samsung Galaxy Watch
FIT-603527,2025-09-21,USR-1024,18-24,Other,Swimming,11,96.2,11266,65,7.3,0.7,65.7,4,Samsung Galaxy Watch
FIT-601611,2025-09-21,USR-1319,35-44,Female,HIIT,32,405.5,12874,84,8.4,3.03,105.0,2,Garmin
FIT-603915,2025-09-21,USR-1167,18-24,Male,Running,110,1301.1,13047,93,9.2,3.3,55.4,5,Samsung Galaxy Watch
FIT-602525,2025-09-22,USR-1289,25-34,Male,Running,39,433.1,10431,116,6.4,0.95,101.1,5,Garmin
FIT-601083,2025-09-22,USR-1364,35-44,Male,Strength Training,64,419.1,8879,88,6.4,1.49,47.3,1,Fitbit
FIT-601677,2025-09-22,USR-1339,18-24,Female,Yoga,111,294.9,6869,166,7.6,2.66,57.5,5,Mi Band
FIT-601254,2025-09-22,USR-1004,25-34,Male,Yoga,64,178.7,15095,66,8.9,3.28,61.2,1,Apple Watch
FIT-601149,2025-09-22,USR-1312,25-34,Female,Strength Training,110,701.6,5135,136,8.9,3.73,46.1,1,Mi Band
FIT-601351,2025-09-23,USR-1005,35-44,Female,Walking,105,474.8,10187,94,7.6,0.55,109.7,3,Garmin
FIT-601288,2025-09-23,USR-1421,18-24,Female,Cycling,90,654.4,17645,132,5.8,3.05,103.7,2,Apple Watch
FIT-603183,2025-09-23,USR-1181,35-44,Female,Cycling,113,984.1,3718,101,9.0,0.79,72.5,3,Samsung Galaxy Watch
FIT-603209,2025-09-23,USR-1051,45-54,Female,Walking,115,486.6,16624,166,4.3,3.04,59.9,4,Samsung Galaxy Watch
FIT-603715,2025-09-23,USR-1363,18-24,Female,HIIT,61,721.7,9666,65,7.8,2.54,105.9,1,Garmin
FIT-600000,2025-09-24,USR-1385,35-44,Male,Cycling,102,869.2,6453,156,7.1,3.87,91.6,2,Fitbit
FIT-603067,2025-09-24,USR-1274,18-24,Female,Strength Training,31,161.3,16345,122,4.8,1.97,103.1,3,Mi Band
FIT-602831,2025-09-24,USR-1434,45-54,Male,Walking,15,74.9,13012,166,6.1,0.84,51.2,3,Mi Band
FIT-600574,2025-09-24,USR-1329,35-44,Female,Swimming,61,629.8,17517,78,5.2,2.65,84.2,2,Apple Watch
FIT-601378,2025-09-24,USR-1107,35-44,Male,Walking,96,438.8,7691,93,4.7,3.61,57.4,1,Apple Watch
FIT-600911,2025-09-24,USR-1035,18-24,Male,Strength Training,114,724.5,15283,112,8.4,3.52,64.5,5,Mi Band
FIT-603341,2025-09-25,USR-1321,25-34,Female,Yoga,44,121.8,4685,112,8.7,0.93,83.9,2,Mi Band
FIT-600114,2025-09-25,USR-1199,35-44,Female,Swimming,15,135.3,2922,133,8.7,3.62,64.6,1,Mi Band
FIT-600269,2025-09-25,USR-1046,25-34,Female,Walking,23,113.1,4963,138,7.1,1.23,95.3,3,Garmin
FIT-603299,2025-09-25,USR-1054,25-34,Male,Cycling,114,806.4,8977,67,9.1,0.86,65.8,1,Apple Watch
FIT-603683,2025-09-25,USR-1386,35-44,Female,Swimming,118,953.6,15728,112,7.4,3.43,63.9,5,Apple Watch
FIT-603865,2025-09-25,USR-1498,25-34,Female,HIIT,78,872.1,6544,166,8.2,2.48,84.0,5,Fitbit
FIT-601278,2025-09-25,USR-1011,45-54,Male,Running,105,1239.6,7021,96,4.9,2.18,102.2,1,Garmin
FIT-603167,2025-09-26,USR-1288,18-24,Male,HIIT,96,1292.1,1980,144,9.0,2.24,84.7,1,Mi Band
FIT-602278,2025-09-26,USR-1229,25-34,Male,Strength Training,78,427.4,12670,160,6.4,2.18,75.1,4,Fitbit
FIT-602270,2025-09-26,USR-1443,25-34,Female,Cycling,44,332.2,7073,108,7.5,0.71,90.7,3,Apple Watch
FIT-601832,2025-09-26,USR-1345,55+,Female,Strength Training,54,345.3,16123,114,5.6,2.19,84.5,2,Fitbit
FIT-603456,2025-09-26,USR-1384,25-34,Female,Running,88,904.9,14129,79,6.1,1.13,65.7,4,Apple Watch
FIT-600998,2025-09-26,USR-1016,18-24,Male,Swimming,93,817.8,9052,67,9.2,0.83,47.5,5,Samsung Galaxy Watch
FIT-600109,2025-09-26,USR-1352,25-34,Female,HIIT,83,1143.8,12314,121,5.8,2.78,69.6,2,Fitbit
FIT-600776,2025-09-26,USR-1235,18-24,Female,Walking,106,546.9,16870,106,8.6,3.84,92.4,2,Samsung Galaxy Watch
FIT-600525,2025-09-26,USR-1494,35-44,Female,Running,47,488.6,1679,104,4.4,3.35,76.7,4,Samsung Galaxy Watch
FIT-603251,2025-09-27,USR-1312,25-34,Male,Walking,67,269.1,798,74,4.0,1.11,78.4,3,Samsung Galaxy Watch
FIT-600156,2025-09-27,USR-1019,25-34,Female,HIIT,46,564.8,1561,145,4.9,3.65,83.4,3,Apple Watch
FIT-602874,2025-09-27,USR-1081,25-34,Male,Swimming,96,772.4,9936,136,5.0,1.2,58.2,3,Apple Watch
FIT-600436,2025-09-27,USR-1311,18-24,Male,Swimming,63,537.7,12534,134,8.7,0.52,99.8,4,Garmin
FIT-603272,2025-09-27,USR-1473,45-54,Female,Walking,16,65.1,13087,73,8.3,3.09,108.2,5,Samsung Galaxy Watch
FIT-600691,2025-09-27,USR-1323,55+,Female,Cycling,66,530.4,17987,142,8.3,1.25,55.2,1,Apple Watch
FIT-601563,2025-09-27,USR-1353,18-24,Female,Running,11,127.3,507,128,7.6,1.91,60.5,5,Garmin
FIT-600489,2025-09-27,USR-1020,25-34,Male,Strength Training,40,219.1,7364,108,5.6,1.37,95.4,4,Apple Watch
FIT-603519,2025-09-28,USR-1490,45-54,Female,Strength Training,73,404.7,3087,141,6.9,2.84,45.5,1,Garmin
FIT-603607,2025-09-28,USR-1284,35-44,Female,Cycling,76,631.8,4064,156,4.5,3.55,100.5,2,Fitbit
FIT-602342,2025-09-28,USR-1065,25-34,Male,Walking,64,262.8,3695,95,8.8,2.26,106.2,5,Apple Watch
FIT-602183,2025-09-28,USR-1262,55+,Male,Cycling,72,559.8,15117,109,4.4,2.45,107.3,4,Apple Watch
FIT-600719,2025-09-28,USR-1316,55+,Female,Yoga,18,56.1,10138,127,8.9,3.8,47.0,2,Apple Watch
FIT-603793,2025-09-28,USR-1202,35-44,Female,Walking,56,223.6,10834,122,6.3,3.56,57.3,4,Fitbit
FIT-603170,2025-09-28,USR-1014,55+,Male,Yoga,25,64.2,17175,88,6.4,1.16,55.2,5,Garmin
FIT-601979,2025-09-29,USR-1261,35-44,Female,Strength Training,19,102.2,8452,104,6.8,3.77,80.3,4,Apple Watch
FIT-603735,2025-09-29,USR-1397,25-34,Male,Running,109,1346.1,9002,126,5.5,3.64,101.2,2,Fitbit
FIT-601802,2025-09-29,USR-1495,18-24,Male,Walking,15,61.6,13119,85,6.4,1.06,109.2,2,Samsung Galaxy Watch
FIT-603087,2025-09-29,USR-1232,45-54,Male,Cycling,60,449.8,14124,102,5.0,2.24,86.8,3,Mi Band
FIT-603159,2025-09-29,USR-1405,25-34,Male,Swimming,72,649.8,13183,83,5.4,3.07,63.5,2,Garmin
FIT-600788,2025-09-29,USR-1335,18-24,Male,Strength Training,18,107.5,1476,105,9.2,1.45,51.9,5,Mi Band
FIT-601157,2025-09-29,USR-1150,18-24,Female,Walking,10,47.9,12345,145,8.1,1.29,85.7,4,Garmin
FIT-601828,2025-09-29,USR-1080,18-24,Male,Running,41,477.0,7805,107,8.7,3.98,74.2,5,Apple Watch
FIT-603426,2025-09-29,USR-1314,35-44,Female,HIIT,23,299.3,935,157,5.2,3.81,86.4,1,Mi Band
FIT-603320,2025-09-29,USR-1382,55+,Female,HIIT,73,982.6,10155,88,8.2,0.52,51.1,2,Samsung Galaxy Watch
FIT-600548,2025-09-30,USR-1032,45-54,Male,Running,21,220.4,4842,134,7.5,0.56,77.9,3,Samsung Galaxy Watch
FIT-602286,2025-09-30,USR-1429,45-54,Male,Cycling,25,180.5,13586,91,7.7,2.16,89.2,1,Samsung Galaxy Watch
FIT-603406,2025-09-30,USR-1196,25-34,Male,Walking,52,227.0,5635,99,5.9,3.68,101.1,3,Samsung Galaxy Watch
FIT-602055,2025-09-30,USR-1185,55+,Male,Running,58,617.8,8163,100,8.0,1.16,52.6,1,Fitbit
FIT-602179,2025-10-01,USR-1246,18-24,Male,HIIT,100,1050.1,3938,121,5.4,0.52,52.8,2,Mi Band
FIT-602100,2025-10-01,USR-1169,35-44,Female,Yoga,29,76.2,14199,105,6.2,0.86,82.3,1,Fitbit
FIT-603658,2025-10-01,USR-1217,25-34,Male,Running,91,1149.0,10612,85,4.2,1.73,50.1,1,Garmin
FIT-600665,2025-10-01,USR-1043,35-44,Female,HIIT,95,1212.5,17126,102,5.3,2.3,54.4,3,Mi Band
FIT-602228,2025-10-01,USR-1070,35-44,Female,Swimming,70,560.9,505,134,6.3,3.58,94.1,4,Fitbit
FIT-600596,2025-10-01,USR-1442,45-54,Female,Cycling,69,529.5,13084,158,4.4,1.34,62.9,4,Samsung Galaxy Watch
FIT-603853,2025-10-02,USR-1012,45-54,Male,Walking,60,306.2,9624,65,4.6,1.8,65.0,2,Apple Watch
FIT-603619,2025-10-02,USR-1088,18-24,Male,Cycling,95,851.9,1491,67,4.0,1.84,92.5,4,Samsung Galaxy Watch
FIT-602630,2025-10-02,USR-1286,25-34,Male,HIIT,11,122.4,16099,107,6.2,0.65,80.1,4,Apple Watch
FIT-602423,2025-10-02,USR-1217,35-44,Male,Strength Training,46,316.6,8845,118,8.1,3.12,71.7,3,Garmin
FIT-603749,2025-10-03,USR-1374,25-34,Male,Cycling,46,362.7,3498,97,8.6,3.35,99.8,5,Garmin
FIT-602225,2025-10-03,USR-1202,35-44,Male,Strength Training,23,155.0,17448,90,7.1,0.87,99.5,5,Samsung Galaxy Watch
FIT-603366,2025-10-03,USR-1297,25-34,Female,Walking,51,263.3,17131,150,8.5,2.16,100.1,5,Samsung Galaxy Watch
FIT-602700,2025-10-03,USR-1014,25-34,Male,Walking,36,170.5,16728,87,8.8,3.46,89.1,1,Apple Watch
FIT-600943,2025-10-03,USR-1075,35-44,Female,Running,21,240.0,2729,78,7.6,1.85,64.3,3,Mi Band
FIT-603708,2025-10-03,USR-1186,25-34,Male,Swimming,108,960.6,5722,152,5.3,3.74,78.2,3,Garmin
FIT-601762,2025-10-03,USR-1364,35-44,Male,Yoga,28,90.2,8215,70,5.1,3.41,78.6,2,Fitbit
FIT-601535,2025-10-04,USR-1443,45-54,Female,Running,119,1493.5,7113,165,7.8,1.49,50.0,2,Garmin
FIT-602885,2025-10-04,USR-1035,35-44,Male,Swimming,51,474.3,14083,124,4.3,3.33,57.1,3,Garmin
FIT-600307,2025-10-05,USR-1107,55+,Female,Cycling,110,794.6,3732,111,5.8,2.43,86.9,3,Samsung Galaxy Watch
FIT-600020,2025-10-05,USR-1492,35-44,Male,Swimming,116,889.1,10647,122,6.6,1.05,100.4,2,Fitbit
FIT-600749,2025-10-05,USR-1381,25-34,Male,Cycling,78,593.7,13122,164,7.6,2.25,94.8,2,Samsung Galaxy Watch
FIT-602237,2025-10-05,USR-1051,25-34,Male,Running,108,1241.3,11216,95,4.5,3.6,69.1,5,Garmin
FIT-601659,2025-10-06,USR-1384,25-34,Male,Yoga,50,152.0,11525,113,5.0,4.0,103.7,1,Fitbit
FIT-600606,2025-10-06,USR-1453,45-54,Male,Yoga,107,345.3,1804,173,4.2,1.62,95.5,2,Mi Band
FIT-600402,2025-10-07,USR-1202,55+,Male,Yoga,77,247.7,11563,85,7.5,1.6,100.9,1,Samsung Galaxy Watch
FIT-602158,2025-10-07,USR-1110,55+,Female,Yoga,33,99.0,10631,162,5.7,2.89,101.7,2,Fitbit
FIT-602586,2025-10-07,USR-1056,25-34,Male,Yoga,21,63.4,16698,146,5.6,2.05,52.8,5,Mi Band
FIT-600463,2025-10-07,USR-1295,35-44,Female,Cycling,62,510.7,8383,115,7.6,1.16,50.9,3,Apple Watch
FIT-601873,2025-10-07,USR-1009,35-44,Female,Running,89,1055.4,15530,110,6.6,1.78,102.0,1,Mi Band
FIT-601417,2025-10-07,USR-1395,25-34,Male,Swimming,14,122.2,12340,87,6.3,0.65,78.4,5,Mi Band
FIT-601935,2025-10-07,USR-1355,18-24,Male,Running,68,854.2,11383,144,6.6,2.91,83.4,5,Garmin
FIT-600604,2025-10-08,USR-1120,55+,Female,Running,61,652.1,4675,160,5.5,1.25,100.0,1,Apple Watch
FIT-603089,2025-10-08,USR-1228,18-24,Male,Walking,117,498.3,8396,168,4.4,2.61,55.6,5,Samsung Galaxy Watch
FIT-600410,2025-10-08,USR-1475,35-44,Male,Strength Training,37,249.9,9770,70,7.0,1.89,79.8,1,Mi Band
FIT-600546,2025-10-09,USR-1111,35-44,Male,Running,87,1050.4,3910,147,7.3,1.8,70.3,1,Mi Band
FIT-600757,2025-10-09,USR-1198,18-24,Female,HIIT,67,715.7,12520,82,8.7,2.3,87.4,5,Mi Band
FIT-601693,2025-10-09,USR-1174,35-44,Other,Strength Training,84,477.6,16126,67,8.6,1.27,76.8,2,Mi Band
FIT-600566,2025-10-09,USR-1302,25-34,Male,Running,71,759.3,17152,164,4.2,3.1,57.2,1,Garmin
FIT-602606,2025-10-09,USR-1138,25-34,Female,Yoga,69,231.5,14095,91,4.2,3.88,72.4,4,Garmin
FIT-602817,2025-10-10,USR-1304,45-54,Male,Walking,16,65.5,1120,116,4.5,3.43,99.1,2,Samsung Galaxy Watch
FIT-602704,2025-10-10,USR-1320,55+,Male,Yoga,114,332.8,4128,153,9.4,0.9,69.1,2,Mi Band
FIT-600080,2025-10-10,USR-1098,55+,Female,Swimming,117,1128.5,3309,89,8.5,3.17,71.2,3,Fitbit
FIT-600136,2025-10-10,USR-1235,18-24,Female,Running,89,875.5,17175,146,9.5,3.54,64.0,5,Apple Watch
FIT-601515,2025-10-10,USR-1089,55+,Male,HIIT,69,865.8,7688,91,5.5,1.54,91.7,2,Samsung Galaxy Watch
FIT-600688,2025-10-10,USR-1344,35-44,Male,HIIT,106,1388.3,2602,171,7.7,1.34,67.6,3,Samsung Galaxy Watch
FIT-602054,2025-10-11,USR-1171,25-34,Male,Swimming,105,853.9,15481,107,7.7,1.11,89.4,2,Mi Band
FIT-602575,2025-10-11,USR-1251,55+,Female,Cycling,27,205.1,9998,140,8.1,1.85,98.9,2,Fitbit
FIT-601252,2025-10-11,USR-1398,45-54,Female,Strength Training,37,203.0,7725,164,7.4,3.73,58.7,5,Fitbit
FIT-603929,2025-10-11,USR-1480,25-34,Male,Running,29,352.5,10841,68,4.9,3.12,49.0,4,Garmin
FIT-600567,2025-10-11,USR-1291,18-24,Female,Walking,92,387.3,14975,153,4.8,3.7,75.8,3,Mi Band
FIT-600414,2025-10-12,USR-1457,18-24,Male,Running,104,1235.8,5649,140,8.6,2.01,85.9,2,Apple Watch
FIT-602114,2025-10-12,USR-1099,45-54,Other,Yoga,119,351.2,3964,162,9.2,3.64,108.9,2,Mi Band
FIT-600671,2025-10-12,USR-1449,18-24,Male,HIIT,29,345.4,11865,136,6.9,3.11,63.9,3,Mi Band
FIT-603631,2025-10-12,USR-1276,45-54,Male,Swimming,52,504.0,11178,146,9.0,2.68,75.8,5,Mi Band
FIT-603685,2025-10-12,USR-1336,55+,Female,Running,71,715.6,12222,70,8.5,2.79,87.3,2,Samsung Galaxy Watch
FIT-602141,2025-10-12,USR-1284,25-34,Female,Strength Training,76,420.2,8176,128,8.2,4.0,81.4,2,Apple Watch
FIT-600454,2025-10-12,USR-1329,35-44,Female,Running,60,627.7,11875,138,4.8,0.96,52.4,4,Apple Watch
FIT-603711,2025-10-12,USR-1392,25-34,Female,HIIT,18,191.4,10420,169,8.4,2.01,106.7,3,Garmin
FIT-602838,2025-10-12,USR-1145,35-44,Male,Swimming,113,1141.3,13599,104,6.9,3.33,108.7,1,Garmin
FIT-603455,2025-10-12,USR-1175,25-34,Male,Running,93,996.6,3593,65,5.3,2.55,83.3,2,Fitbit
FIT-603541,2025-10-12,USR-1017,45-54,Male,Strength Training,72,371.2,9835,132,9.4,0.64,76.5,1,Mi Band
FIT-603016,2025-10-13,USR-1171,35-44,Male,HIIT,102,1176.8,16193,112,8.3,1.88,68.7,1,Mi Band
FIT-601637,2025-10-13,USR-1224,25-34,Female,Running,15,179.3,14714,165,4.3,3.36,104.2,5,Mi Band
FIT-603691,2025-10-13,USR-1490,35-44,Female,Cycling,71,632.3,15686,139,4.5,3.07,73.0,4,Samsung Galaxy Watch
FIT-603507,2025-10-13,USR-1336,18-24,Male,Running,102,1235.1,6698,161,8.5,1.41,78.3,1,Apple Watch
FIT-600003,2025-10-13,USR-1139,45-54,Male,HIIT,100,1218.8,15307,162,4.7,2.13,96.4,3,Garmin
FIT-602615,2025-10-14,USR-1474,35-44,Male,Yoga,48,140.6,4378,173,5.5,3.32,89.8,5,Mi Band
FIT-602538,2025-10-14,USR-1108,35-44,Male,Walking,63,289.2,1899,123,5.0,2.38,97.9,1,Garmin
FIT-602124,2025-10-14,USR-1052,25-34,Male,Swimming,73,672.9,14376,163,8.9,0.98,78.1,2,Samsung Galaxy Watch
FIT-603441,2025-10-14,USR-1279,18-24,Female,Swimming,42,402.5,15488,148,9.2,1.34,53.4,2,Mi Band
FIT-600996,2025-10-14,USR-1173,25-34,Male,Walking,73,377.6,2232,127,4.2,0.57,85.1,4,Mi Band
FIT-600016,2025-10-15,USR-1226,35-44,Male,HIIT,111,1316.9,1503,134,4.9,3.33,69.7,4,Apple Watch
FIT-603316,2025-10-15,USR-1449,25-34,Female,Cycling,95,719.0,17543,147,6.8,1.31,57.4,3,Garmin
FIT-602432,2025-10-15,USR-1125,25-34,Male,Swimming,89,811.2,15973,91,6.3,1.69,97.1,3,Samsung Galaxy Watch
FIT-602181,2025-10-16,USR-1397,18-24,Female,Yoga,27,90.1,12033,70,5.5,1.02,97.4,2,Samsung Galaxy Watch
FIT-601738,2025-10-16,USR-1222,25-34,Male,Cycling,31,284.8,12222,82,7.5,2.98,78.7,4,Fitbit
FIT-603444,2025-10-16,USR-1088,18-24,Male,Swimming,77,759.2,13773,85,5.5,1.98,65.1,5,Fitbit
FIT-603705,2025-10-17,USR-1004,45-54,Male,Running,85,950.7,8639,129,7.9,1.33,50.5,5,Samsung Galaxy Watch
FIT-600774,2025-10-17,USR-1302,45-54,Female,HIIT,90,925.7,5205,99,4.8,0.78,52.1,3,Mi Band
FIT-603733,2025-10-17,USR-1385,25-34,Female,Cycling,64,485.7,15072,83,4.6,0.74,48.5,4,Samsung Galaxy Watch
FIT-600654,2025-10-17,USR-1070,18-24,Female,Strength Training,25,143.1,11789,150,4.1,0.8,47.3,4,Apple Watch
FIT-603388,2025-10-18,USR-1361,25-34,Male,Strength Training,39,263.4,8549,165,7.5,3.67,108.2,4,Fitbit
FIT-603165,2025-10-18,USR-1371,25-34,Female,Yoga,14,45.5,15661,113,9.0,3.5,57.0,1,Apple Watch
FIT-603300,2025-10-18,USR-1315,45-54,Female,Walking,79,339.6,1033,172,8.8,3.66,105.5,4,Fitbit
FIT-600068,2025-10-18,USR-1411,35-44,Male,HIIT,59,752.8,4779,140,6.2,1.94,53.1,5,Garmin
FIT-602690,2025-10-19,USR-1202,55+,Male,Swimming,98,973.5,11819,110,8.5,1.04,96.0,3,Mi Band
FIT-601348,2025-10-19,USR-1374,18-24,Male,Swimming,94,824.4,15454,123,6.1,3.22,75.2,5,Mi Band
FIT-600467,2025-10-19,USR-1477,35-44,Male,HIIT,99,1284.9,16900,78,8.6,3.97,72.8,5,Mi Band
FIT-602683,2025-10-19,USR-1282,25-34,Male,HIIT,62,705.2,5185,148,5.7,2.85,80.1,1,Samsung Galaxy Watch
FIT-602209,2025-10-20,USR-1483,25-34,Female,Running,107,1081.9,3838,77,9.4,0.88,94.8,2,Mi Band
FIT-602261,2025-10-20,USR-1487,35-44,Female,Running,68,660.2,6232,151,9.0,0.54,83.4,1,Apple Watch
FIT-602731,2025-10-20,USR-1376,25-34,Female,Strength Training,67,381.7,1470,165,9.3,2.51,89.6,4,Fitbit
FIT-602916,2025-10-20,USR-1026,18-24,Female,Yoga,64,211.7,1169,97,4.7,2.74,46.6,3,Garmin
FIT-600304,2025-10-20,USR-1284,45-54,Female,Strength Training,23,156.5,13042,76,9.0,3.98,59.0,2,Fitbit
FIT-602232,2025-10-21,USR-1412,25-34,Male,Strength Training,91,483.2,15856,168,7.7,2.51,49.0,2,Apple Watch
FIT-600029,2025-10-21,USR-1034,25-34,Male,Running,17,160.8,510,133,7.6,0.92,51.9,5,Mi Band
FIT-601184,2025-10-21,USR-1487,35-44,Female,Strength Training,88,521.1,15234,150,8.7,2.71,58.0,2,Mi Band
FIT-603151,2025-10-21,USR-1385,25-34,Male,Walking,22,85.2,14350,173,6.2,2.68,71.9,3,Fitbit
FIT-602917,2025-10-21,USR-1145,18-24,Female,Cycling,38,314.3,5681,116,7.2,3.73,78.1,3,Fitbit
FIT-603984,2025-10-21,USR-1348,45-54,Female,Walking,108,465.6,15433,139,7.9,3.87,62.0,2,Apple Watch
FIT-600910,2025-10-22,USR-1387,25-34,Male,Walking,11,43.6,2277,162,8.6,2.07,96.0,4,Apple Watch
FIT-600117,2025-10-22,USR-1172,55+,Female,Cycling,13,90.8,12354,104,7.0,1.78,103.7,1,Mi Band
FIT-601774,2025-10-22,USR-1451,18-24,Male,Swimming,18,181.7,11477,90,5.3,3.51,73.9,2,Fitbit
FIT-602379,2025-10-22,USR-1398,45-54,Male,Running,107,1197.7,3557,81,7.8,1.42,68.6,4,Samsung Galaxy Watch
FIT-600290,2025-10-22,USR-1252,35-44,Male,Walking,117,531.8,1429,77,6.3,1.48,92.7,2,Fitbit
FIT-603716,2025-10-22,USR-1079,35-44,Male,Running,48,605.7,16909,87,8.5,1.78,104.5,4,Mi Band
FIT-602829,2025-10-23,USR-1313,45-54,Male,Strength Training,85,569.3,5868,135,4.9,2.28,102.4,2,Fitbit
FIT-600497,2025-10-23,USR-1305,35-44,Female,Swimming,46,400.3,13297,65,5.1,3.2,64.8,5,Mi Band
FIT-602888,2025-10-23,USR-1271,45-54,Male,Running,115,1135.0,7400,163,9.3,3.87,63.5,2,Garmin
FIT-603069,2025-10-23,USR-1156,55+,Male,Swimming,81,809.8,10331,161,8.5,0.78,83.3,4,Mi Band
FIT-600551,2025-10-23,USR-1337,35-44,Female,Yoga,27,72.3,2619,160,7.7,1.06,88.0,1,Samsung Galaxy Watch
FIT-602361,2025-10-23,USR-1342,45-54,Female,Strength Training,61,380.9,1100,146,4.4,2.5,93.7,3,Mi Band
FIT-601710,2025-10-24,USR-1150,25-34,Female,Yoga,114,317.6,10235,134,5.2,1.81,65.8,2,Apple Watch
FIT-600322,2025-10-24,USR-1418,18-24,Male,Strength Training,98,666.3,4718,156,5.3,1.16,81.9,2,Garmin
FIT-602567,2025-10-24,USR-1393,25-34,Female,Cycling,60,413.3,2857,68,9.1,2.52,73.4,5,Apple Watch
FIT-603125,2025-10-24,USR-1438,45-54,Female,HIIT,115,1465.1,14827,74,4.4,1.99,91.7,5,Samsung Galaxy Watch
FIT-600024,2025-10-24,USR-1081,45-54,Female,Running,65,667.4,16199,166,8.3,3.22,104.4,1,Garmin
FIT-602545,2025-10-24,USR-1038,25-34,Male,Swimming,66,607.0,4445,133,5.1,1.65,49.8,5,Fitbit
FIT-601478,2025-10-24,USR-1132,25-34,Male,HIIT,41,537.6,12307,126,6.8,1.83,92.3,4,Garmin
FIT-600707,2025-10-24,USR-1107,25-34,Female,Swimming,47,374.8,8358,123,8.7,2.54,106.1,2,Apple Watch
FIT-600171,2025-10-25,USR-1437,25-34,Male,Walking,45,186.0,8581,122,7.2,1.55,107.6,5,Mi Band
FIT-601390,2025-10-25,USR-1195,18-24,Female,Strength Training,74,488.7,11927,138,4.5,1.31,106.2,5,Fitbit
FIT-600434,2025-10-25,USR-1298,18-24,Female,Running,12,149.1,17626,129,8.7,2.21,57.5,2,Garmin
FIT-602955,2025-10-26,USR-1229,25-34,Other,Cycling,93,743.8,1503,126,6.8,2.17,60.8,2,Garmin
FIT-600858,2025-10-26,USR-1458,18-24,Male,Strength Training,103,555.7,17598,159,9.0,3.88,97.5,4,Mi Band
FIT-600118,2025-10-26,USR-1081,25-34,Female,HIIT,28,337.0,1905,113,9.1,0.74,79.9,3,Apple Watch
FIT-602127,2025-10-26,USR-1444,35-44,Male,Yoga,10,34.1,10828,114,4.6,3.1,71.3,3,Fitbit
FIT-601580,2025-10-26,USR-1269,55+,Male,Swimming,42,414.0,7521,139,4.4,0.63,69.1,5,Mi Band
FIT-600400,2025-10-26,USR-1317,25-34,Male,Running,61,670.2,6734,148,6.8,1.77,84.8,5,Samsung Galaxy Watch
FIT-600926,2025-10-26,USR-1034,35-44,Female,HIIT,117,1364.9,4770,102,4.0,0.76,50.2,1,Garmin
FIT-603057,2025-10-27,USR-1296,18-24,Male,Cycling,32,277.7,7886,134,6.2,3.79,105.0,3,Fitbit
FIT-601711,2025-10-27,USR-1462,25-34,Male,Strength Training,26,161.1,4549,115,4.1,2.82,83.3,1,Mi Band
FIT-600919,2025-10-27,USR-1107,25-34,Male,Strength Training,53,325.7,2600,112,8.8,3.93,88.7,2,Apple Watch
FIT-603521,2025-10-27,USR-1013,18-24,Female,Walking,95,402.5,8783,115,8.1,0.88,78.9,4,Samsung Galaxy Watch
FIT-600177,2025-10-27,USR-1404,18-24,Male,Walking,47,214.9,15405,154,6.1,3.15,86.0,3,Samsung Galaxy Watch
FIT-602756,2025-10-27,USR-1007,55+,Male,Cycling,15,109.2,10945,81,7.6,3.07,104.7,1,Garmin
FIT-601148,2025-10-28,USR-1458,25-34,Male,Running,19,217.1,3608,160,8.6,2.56,61.3,1,Garmin
FIT-600518,2025-10-28,USR-1200,35-44,Female,Strength Training,95,614.8,15689,69,4.7,2.19,73.3,2,Mi Band
FIT-603198,2025-10-28,USR-1312,25-34,Male,Yoga,25,83.7,3852,87,6.4,2.76,70.7,5,Fitbit
FIT-603898,2025-10-28,USR-1053,25-34,Female,Swimming,10,79.2,4554,167,5.6,2.33,76.8,1,Apple Watch
FIT-601755,2025-10-28,USR-1426,25-34,Male,HIIT,94,1004.9,13851,170,6.7,3.72,92.4,2,Samsung Galaxy Watch
FIT-601399,2025-10-28,USR-1188,18-24,Female,Cycling,47,394.8,6615,129,8.9,0.52,85.1,2,Samsung Galaxy Watch
FIT-600043,2025-10-29,USR-1110,18-24,Male,Walking,112,453.5,3329,168,9.5,3.1,67.7,1,Garmin
FIT-603166,2025-10-29,USR-1069,35-44,Female,Running,63,769.1,15287,142,8.6,0.9,45.2,5,Samsung Galaxy Watch
FIT-600931,2025-10-30,USR-1126,25-34,Male,Yoga,57,169.2,895,85,7.4,3.82,107.7,4,Samsung Galaxy Watch
FIT-600918,2025-10-30,USR-1298,18-24,Female,Walking,79,400.5,9386,149,8.8,3.23,58.1,1,Apple Watch
FIT-601227,2025-10-30,USR-1301,25-34,Female,Walking,86,329.8,599,122,4.2,2.12,79.3,3,Mi Band
FIT-601315,2025-10-30,USR-1364,18-24,Female,Running,34,389.7,16043,86,8.2,0.61,54.6,3,Apple Watch
FIT-601142,2025-10-30,USR-1498,18-24,Female,Walking,76,315.4,1994,167,5.4,1.1,97.3,2,Garmin
FIT-602430,2025-10-30,USR-1318,45-54,Male,Cycling,51,365.0,13876,134,8.9,1.18,62.0,3,Apple Watch
FIT-602643,2025-10-30,USR-1476,18-24,Female,Swimming,103,1060.3,12202,90,4.4,1.84,95.0,2,Fitbit
FIT-602448,2025-10-30,USR-1166,25-34,Female,Cycling,110,864.1,6269,138,8.6,1.84,72.8,3,Fitbit
FIT-603390,2025-10-30,USR-1096,25-34,Female,HIIT,93,1094.6,1497,139,7.7,3.35,81.2,4,Mi Band
FIT-600428,2025-10-31,USR-1158,35-44,Male,Cycling,99,869.8,15712,126,7.8,1.79,59.7,2,Apple Watch
FIT-601190,2025-10-31,USR-1087,45-54,Female,HIIT,101,1236.4,14968,106,7.9,2.54,46.6,5,Samsung Galaxy Watch
FIT-601216,2025-10-31,USR-1449,25-34,Female,Swimming,33,333.9,2500,141,7.9,3.42,45.9,3,Mi Band
FIT-602139,2025-10-31,USR-1209,35-44,Female,Cycling,22,175.0,7758,136,4.3,3.1,58.4,4,Apple Watch
FIT-601321,2025-10-31,USR-1131,25-34,Female,Running,55,579.9,1655,82,4.7,3.72,60.5,5,Samsung Galaxy Watch
FIT-603254,2025-10-31,USR-1175,25-34,Female,Cycling,82,673.8,2051,129,6.1,3.83,105.5,4,Apple Watch
FIT-601026,2025-10-31,USR-1003,35-44,Male,Running,102,1229.7,10324,169,8.2,3.44,92.3,2,Samsung Galaxy Watch
FIT-603229,2025-11-01,USR-1225,45-54,Female,Running,34,422.6,13236,122,9.0,3.01,63.5,2,Samsung Galaxy Watch
FIT-602419,2025-11-01,USR-1018,25-34,Female,Yoga,19,52.1,14793,72,8.0,2.08,72.1,1,Garmin
FIT-603546,2025-11-01,USR-1283,35-44,Male,Cycling,15,129.9,10885,118,6.9,3.02,55.9,4,Garmin
FIT-602801,2025-11-02,USR-1119,35-44,Male,Strength Training,50,330.3,9600,78,4.7,1.87,93.7,2,Fitbit
FIT-603449,2025-11-02,USR-1175,25-34,Male,HIIT,50,648.6,2034,91,6.0,0.53,55.3,5,Apple Watch
FIT-602428,2025-11-02,USR-1142,55+,Male,Strength Training,117,617.3,12648,72,9.2,3.63,81.1,4,Garmin
FIT-600969,2025-11-03,USR-1036,25-34,Female,HIIT,46,627.2,6734,72,4.8,0.52,59.2,1,Samsung Galaxy Watch
FIT-603917,2025-11-03,USR-1189,45-54,Female,Walking,107,544.7,6313,161,6.4,1.48,94.7,4,Samsung Galaxy Watch
FIT-602876,2025-11-05,USR-1276,25-34,Female,Strength Training,72,394.1,736,171,4.8,0.88,91.4,2,Samsung Galaxy Watch
FIT-603416,2025-11-05,USR-1440,45-54,Male,Running,78,833.1,8828,94,4.5,1.58,96.8,3,Garmin
FIT-601050,2025-11-05,USR-1326,35-44,Female,Running,105,1104.1,10766,113,6.4,2.49,84.2,2,Garmin
FIT-600923,2025-11-06,USR-1090,45-54,Female,Walking,85,400.3,10035,89,4.5,1.17,77.3,1,Garmin
FIT-601699,2025-11-06,USR-1299,35-44,Female,Running,33,363.9,10696,160,8.1,2.61,53.6,5,Fitbit
FIT-600287,2025-11-06,USR-1198,35-44,Male,Cycling,66,488.4,13450,174,9.4,3.69,91.6,2,Samsung Galaxy Watch
FIT-603052,2025-11-06,USR-1345,18-24,Other,Yoga,27,80.6,11636,68,9.3,1.63,52.9,3,Apple Watch
FIT-602431,2025-11-06,USR-1264,18-24,Male,Yoga,23,68.5,12250,124,8.2,1.85,72.8,3,Garmin
FIT-602081,2025-11-07,USR-1390,18-24,Male,Running,98,1231.0,7851,167,5.6,0.56,66.7,3,Apple Watch
FIT-600909,2025-11-07,USR-1393,45-54,Male,Swimming,94,725.3,11703,125,8.6,2.26,97.9,3,Samsung Galaxy Watch
FIT-603730,2025-11-07,USR-1212,25-34,Male,HIIT,12,155.5,4942,86,9.0,1.05,78.9,3,Garmin
FIT-602476,2025-11-07,USR-1397,55+,Female,Running,73,832.6,3604,112,9.1,3.63,85.8,4,Fitbit
FIT-603864,2025-11-07,USR-1153,45-54,Male,Strength Training,11,59.2,11242,136,5.3,1.48,49.2,1,Mi Band
FIT-603862,2025-11-07,USR-1310,18-24,Male,Running,105,1264.4,11346,158,6.1,0.61,88.2,5,Garmin
FIT-603618,2025-11-07,USR-1403,25-34,Female,Swimming,28,251.6,14906,158,6.7,3.54,93.0,3,Garmin
FIT-602266,2025-11-07,USR-1054,18-24,Male,Swimming,80,818.5,8753,153,4.9,3.51,65.2,4,Samsung Galaxy Watch
FIT-601810,2025-11-07,USR-1080,35-44,Female,HIIT,103,1313.4,13423,65,5.8,0.74,71.8,3,Mi Band
FIT-600740,2025-11-08,USR-1440,55+,Female,Cycling,81,713.4,8542,147,6.1,2.85,93.7,4,Samsung Galaxy Watch
FIT-601854,2025-11-08,USR-1184,25-34,Male,Swimming,78,695.4,2611,106,5.1,2.2,69.3,2,Fitbit
FIT-601468,2025-11-08,USR-1155,35-44,Male,Yoga,11,34.0,3236,142,5.1,3.49,82.9,4,Apple Watch
FIT-601821,2025-11-08,USR-1011,18-24,Female,HIIT,38,514.0,13215,124,8.6,2.89,92.4,5,Apple Watch
FIT-603999,2025-11-08,USR-1435,25-34,Female,HIIT,116,1449.7,4853,66,5.7,3.62,56.7,4,Apple Watch
FIT-602185,2025-11-08,USR-1401,35-44,Other,Cycling,86,664.1,16868,123,5.2,3.83,97.3,1,Apple Watch
FIT-602368,2025-11-08,USR-1335,25-34,Female,Yoga,91,283.4,16554,91,7.8,3.91,96.4,4,Mi Band
FIT-603262,2025-11-08,USR-1179,35-44,Male,Cycling,23,182.1,11207,69,4.1,0.86,104.4,3,Mi Band
FIT-600301,2025-11-08,USR-1012,35-44,Male,Yoga,68,204.6,14399,65,7.0,1.98,53.2,4,Fitbit
FIT-600289,2025-11-09,USR-1140,45-54,Female,Yoga,51,171.6,17838,71,7.5,2.29,87.1,3,Samsung Galaxy Watch
FIT-603516,2025-11-09,USR-1300,25-34,Female,Walking,103,430.4,7076,121,7.6,2.19,69.1,2,Fitbit
FIT-602713,2025-11-09,USR-1451,25-34,Female,Walking,64,275.2,17757,93,6.1,2.0,96.0,4,Samsung Galaxy Watch
FIT-600690,2025-11-09,USR-1191,25-34,Female,Cycling,89,606.5,12111,143,4.5,1.32,45.4,5,Mi Band
FIT-602952,2025-11-09,USR-1121,35-44,Female,Yoga,60,177.1,6830,121,4.4,3.8,70.4,4,Mi Band
FIT-600071,2025-11-09,USR-1053,25-34,Male,Cycling,41,322.5,17644,147,6.0,3.39,88.0,1,Apple Watch
FIT-602199,2025-11-09,USR-1139,18-24,Male,Walking,47,192.1,3482,102,5.2,1.98,69.7,1,Mi Band
FIT-601708,2025-11-10,USR-1279,35-44,Female,Yoga,43,119.0,14016,118,9.1,2.3,72.3,2,Apple Watch
FIT-600344,2025-11-10,USR-1386,35-44,Male,Strength Training,77,523.8,6343,68,7.8,3.54,84.0,1,Mi Band
FIT-603855,2025-11-10,USR-1294,18-24,Female,Swimming,112,1123.5,4122,136,9.2,2.43,97.8,4,Garmin
FIT-602787,2025-11-10,USR-1290,35-44,Female,Cycling,67,579.7,4669,142,8.8,2.14,71.3,4,Samsung Galaxy Watch
FIT-600535,2025-11-10,USR-1102,35-44,Other,Yoga,12,37.6,9048,98,8.3,0.92,78.6,5,Apple Watch
FIT-601896,2025-11-10,USR-1291,18-24,Female,Yoga,64,207.6,12964,127,4.3,2.43,92.2,2,Samsung Galaxy Watch
FIT-603161,2025-11-11,USR-1194,35-44,Female,Cycling,60,470.2,6737,65,6.8,2.58,86.9,3,Mi Band
FIT-600531,2025-11-11,USR-1168,55+,Female,Walking,114,476.6,9649,151,4.1,2.1,82.4,2,Mi Band
FIT-602318,2025-11-11,USR-1300,18-24,Female,Strength Training,111,763.6,4083,123,4.5,3.7,51.5,5,Apple Watch
FIT-600915,2025-11-11,USR-1235,25-34,Female,Running,50,606.7,6437,99,9.4,3.48,63.5,3,Apple Watch
FIT-603727,2025-11-11,USR-1138,55+,Female,Yoga,110,360.8,5484,69,6.3,2.6,49.0,4,Apple Watch
FIT-600952,2025-11-12,USR-1403,25-34,Male,Swimming,82,738.1,4210,161,7.0,0.75,53.3,2,Garmin
FIT-600940,2025-11-12,USR-1045,18-24,Male,Walking,42,185.3,1053,69,7.2,0.73,48.8,3,Mi Band
FIT-600927,2025-11-12,USR-1374,25-34,Female,Swimming,36,348.0,6768,129,5.2,1.94,75.2,5,Samsung Galaxy Watch
FIT-601354,2025-11-12,USR-1225,18-24,Female,Strength Training,83,480.1,12394,139,7.1,2.28,62.8,5,Fitbit
FIT-601576,2025-11-13,USR-1380,55+,Male,Swimming,53,478.7,6807,155,7.8,1.98,50.7,3,Fitbit
FIT-602110,2025-11-13,USR-1374,18-24,Female,HIIT,58,638.3,4697,160,8.7,3.4,95.8,5,Garmin
FIT-603028,2025-11-13,USR-1400,55+,Female,Swimming,107,1046.5,9740,119,5.3,3.12,100.0,1,Mi Band
FIT-603692,2025-11-13,USR-1285,45-54,Male,Running,119,1366.8,13761,75,4.2,2.3,51.4,3,Mi Band
FIT-603614,2025-11-14,USR-1462,55+,Male,Strength Training,35,224.9,9514,109,4.3,2.23,98.9,2,Fitbit
FIT-600203,2025-11-14,USR-1463,45-54,Female,Strength Training,56,319.8,9763,128,4.6,3.65,54.2,2,Apple Watch
FIT-600441,2025-11-14,USR-1139,18-24,Other,Running,97,996.1,3859,138,6.1,2.06,76.0,2,Samsung Galaxy Watch
FIT-601754,2025-11-14,USR-1425,35-44,Female,Yoga,50,142.3,4492,134,9.5,1.45,58.5,4,Fitbit
FIT-603098,2025-11-14,USR-1246,18-24,Male,Cycling,23,177.7,9802,141,4.5,2.82,66.9,3,Garmin
FIT-602149,2025-11-14,USR-1260,18-24,Female,Strength Training,48,276.6,5907,130,4.1,0.91,94.3,1,Garmin
FIT-600605,2025-11-15,USR-1020,35-44,Male,Swimming,67,692.8,3562,106,5.4,1.57,79.7,4,Garmin
FIT-603736,2025-11-15,USR-1208,45-54,Female,Yoga,76,195.7,12863,147,5.7,2.39,87.3,3,Garmin
FIT-602650,2025-11-15,USR-1129,25-34,Female,Strength Training,98,550.3,5921,145,8.4,2.71,76.2,1,Garmin
FIT-603378,2025-11-15,USR-1121,55+,Male,Cycling,60,505.8,12760,66,8.0,0.9,46.0,1,Samsung Galaxy Watch
FIT-602334,2025-11-16,USR-1003,45-54,Female,Running,68,679.4,9500,75,7.0,3.02,107.8,5,Samsung Galaxy Watch
FIT-601093,2025-11-16,USR-1291,25-34,Female,Swimming,69,636.8,7154,69,5.0,3.98,63.7,3,Fitbit
FIT-601246,2025-11-16,USR-1300,25-34,Male,Strength Training,86,552.1,13608,76,5.2,0.84,102.7,2,Garmin
FIT-601630,2025-11-16,USR-1352,45-54,Male,Running,31,384.9,7505,102,9.3,1.82,75.1,2,Samsung Galaxy Watch
FIT-600541,2025-11-16,USR-1195,18-24,Female,Cycling,59,521.0,2980,92,7.1,1.85,57.5,4,Mi Band
FIT-600801,2025-11-17,USR-1238,18-24,Male,HIIT,35,407.1,8729,98,6.3,3.08,101.8,4,Samsung Galaxy Watch
FIT-602022,2025-11-17,USR-1039,35-44,Female,Running,116,1093.5,5805,142,6.7,3.49,51.7,2,Mi Band
FIT-603402,2025-11-17,USR-1419,18-24,Female,Strength Training,21,142.2,1751,76,6.2,2.37,55.0,1,Samsung Galaxy Watch
FIT-601495,2025-11-17,USR-1043,25-34,Female,Strength Training,78,472.3,15591,153,8.4,1.05,46.7,2,Apple Watch
FIT-603174,2025-11-17,USR-1151,25-34,Male,Yoga,62,160.0,13497,77,5.6,0.8,54.7,2,Apple Watch
FIT-603594,2025-11-17,USR-1024,18-24,Male,Cycling,76,569.6,15755,164,6.4,1.38,75.6,3,Garmin
FIT-602284,2025-11-18,USR-1129,45-54,Female,Swimming,22,212.9,11835,100,8.0,0.93,73.9,5,Apple Watch
FIT-603757,2025-11-18,USR-1132,45-54,Male,Swimming,51,428.8,3011,119,7.8,3.99,103.5,3,Samsung Galaxy Watch
FIT-600271,2025-11-18,USR-1349,25-34,Female,Cycling,54,467.4,9468,106,4.1,3.63,59.6,4,Samsung Galaxy Watch
FIT-603939,2025-11-18,USR-1342,25-34,Female,Running,46,489.1,3364,162,7.9,2.88,69.3,2,Fitbit
FIT-603921,2025-11-19,USR-1107,35-44,Male,Running,56,559.0,13591,120,6.3,3.0,105.1,5,Garmin
FIT-603468,2025-11-19,USR-1448,18-24,Female,Strength Training,22,133.6,6302,153,8.9,2.06,89.1,1,Samsung Galaxy Watch
FIT-600582,2025-11-19,USR-1106,25-34,Male,Yoga,33,96.5,10709,115,9.4,1.53,76.5,3,Mi Band
FIT-603987,2025-11-19,USR-1135,18-24,Female,Walking,111,557.3,8468,145,8.4,3.07,51.7,5,Fitbit
FIT-601907,2025-11-20,USR-1423,45-54,Female,Walking,111,425.3,12833,173,4.7,3.91,59.7,3,Garmin
FIT-603721,2025-11-20,USR-1019,25-34,Male,HIIT,18,186.8,4668,158,6.7,2.81,47.6,2,Fitbit
FIT-603577,2025-11-20,USR-1203,18-24,Male,Swimming,51,395.5,15450,84,5.5,1.24,81.7,2,Samsung Galaxy Watch
FIT-602011,2025-11-20,USR-1428,25-34,Male,Cycling,35,251.1,9694,162,6.4,1.41,48.5,2,Mi Band
FIT-602960,2025-11-20,USR-1457,55+,Female,Cycling,35,239.6,7671,110,8.3,1.73,47.6,3,Samsung Galaxy Watch
FIT-600513,2025-11-21,USR-1046,25-34,Male,Swimming,93,933.2,3308,171,4.3,3.22,70.8,2,Apple Watch
FIT-600877,2025-11-21,USR-1074,45-54,Male,HIIT,47,511.5,6212,112,4.9,2.28,57.8,2,Samsung Galaxy Watch
FIT-600325,2025-11-21,USR-1007,25-34,Female,HIIT,47,535.7,14456,78,4.1,1.28,74.0,5,Samsung Galaxy Watch
FIT-601925,2025-11-22,USR-1452,35-44,Male,Running,86,1064.2,15135,106,6.1,1.57,58.3,1,Samsung Galaxy Watch
FIT-603979,2025-11-22,USR-1106,35-44,Male,HIIT,51,601.5,8691,71,4.8,1.81,55.0,1,Fitbit
FIT-603816,2025-11-22,USR-1268,25-34,Male,Walking,31,120.9,5630,139,7.0,1.92,46.8,1,Fitbit
FIT-603663,2025-11-22,USR-1499,35-44,Female,Strength Training,59,367.9,15269,114,5.8,1.78,86.0,4,Fitbit
FIT-600010,2025-11-23,USR-1232,35-44,Male,Strength Training,49,332.1,4396,100,7.2,2.73,104.5,5,Mi Band
FIT-603226,2025-11-23,USR-1386,35-44,Female,Strength Training,52,350.1,9930,105,6.0,3.93,46.0,3,Garmin
FIT-600037,2025-11-23,USR-1095,35-44,Female,Yoga,113,380.6,14053,141,6.2,1.95,84.0,3,Apple Watch
FIT-600867,2025-11-23,USR-1494,55+,Male,Strength Training,58,314.7,7424,93,4.2,2.71,94.8,5,Garmin
FIT-601920,2025-11-23,USR-1130,25-34,Female,Running,58,649.3,17756,158,8.9,1.75,99.6,5,Garmin
FIT-602200,2025-11-23,USR-1342,35-44,Male,Running,105,1206.1,11289,77,6.6,1.73,47.0,3,Apple Watch
FIT-602569,2025-11-24,USR-1003,45-54,Male,Yoga,24,61.2,7993,142,5.6,3.59,62.7,3,Samsung Galaxy Watch
FIT-601684,2025-11-24,USR-1145,25-34,Male,Strength Training,104,630.1,1715,65,9.0,0.66,105.8,5,Samsung Galaxy Watch
FIT-602310,2025-11-24,USR-1294,55+,Female,Walking,43,193.9,12809,101,7.9,0.95,95.9,5,Samsung Galaxy Watch
FIT-601542,2025-11-24,USR-1122,45-54,Male,Running,108,1325.5,9487,100,6.2,2.36,89.1,5,Apple Watch
FIT-603153,2025-11-24,USR-1439,18-24,Male,Running,62,706.3,8682,112,8.9,3.84,96.9,1,Samsung Galaxy Watch
FIT-603382,2025-11-25,USR-1341,35-44,Male,HIIT,74,851.6,5254,113,4.6,2.95,105.9,1,Apple Watch
FIT-600704,2025-11-25,USR-1161,25-34,Male,Running,17,162.9,10489,165,4.3,2.94,58.8,2,Fitbit
FIT-600226,2025-11-25,USR-1404,25-34,Female,Strength Training,26,162.7,6758,171,8.5,3.79,73.8,2,Apple Watch
FIT-601983,2025-11-25,USR-1173,45-54,Female,Swimming,86,785.8,15144,156,8.5,2.36,54.5,3,Fitbit
FIT-601575,2025-11-25,USR-1486,25-34,Female,Swimming,49,397.1,5182,127,4.9,2.38,98.3,3,Mi Band
FIT-603046,2025-11-26,USR-1413,18-24,Other,Walking,85,424.1,1926,83,8.9,1.23,95.7,3,Fitbit
FIT-600175,2025-11-26,USR-1213,45-54,Female,Strength Training,91,547.1,11074,82,8.0,3.57,60.2,4,Samsung Galaxy Watch
FIT-603581,2025-11-26,USR-1229,55+,Female,Strength Training,85,477.8,11951,102,6.3,3.06,81.6,4,Fitbit
FIT-600008,2025-11-26,USR-1116,25-34,Female,Cycling,15,119.0,8098,127,8.0,1.69,102.3,4,Samsung Galaxy Watch
FIT-600401,2025-11-26,USR-1091,35-44,Female,Running,45,450.1,11231,71,4.1,2.79,73.7,1,Samsung Galaxy Watch
FIT-600056,2025-11-26,USR-1361,55+,Female,Cycling,48,415.4,10775,155,7.4,2.5,97.2,4,Samsung Galaxy Watch
FIT-601057,2025-11-27,USR-1225,45-54,Female,HIIT,42,460.2,6634,69,7.2,2.14,47.4,3,Mi Band
FIT-601840,2025-11-27,USR-1398,55+,Female,Cycling,83,656.6,6661,93,5.8,3.65,73.9,5,Garmin
FIT-603319,2025-11-27,USR-1024,35-44,Male,Walking,24,110.1,4894,93,5.6,1.22,51.8,4,Samsung Galaxy Watch
FIT-602189,2025-11-27,USR-1431,45-54,Male,Cycling,111,784.0,2297,100,9.0,3.77,108.1,1,Garmin
FIT-602590,2025-11-27,USR-1347,35-44,Male,Running,16,164.6,551,81,7.2,2.7,85.3,3,Samsung Galaxy Watch
FIT-603946,2025-11-27,USR-1416,35-44,Female,Cycling,21,145.9,11208,66,8.6,3.98,71.0,5,Garmin
FIT-600785,2025-11-27,USR-1419,45-54,Female,Strength Training,38,231.6,11335,150,8.5,2.98,78.0,2,Samsung Galaxy Watch
FIT-600096,2025-11-27,USR-1470,18-24,Female,Strength Training,92,507.5,15173,72,8.3,2.58,103.5,1,Fitbit
FIT-601259,2025-11-27,USR-1014,35-44,Male,Walking,10,40.8,15802,104,5.6,3.32,104.8,5,Mi Band
FIT-603673,2025-11-28,USR-1372,35-44,Other,Strength Training,35,241.1,6829,76,4.7,3.54,69.1,2,Garmin
FIT-603145,2025-11-29,USR-1211,25-34,Male,Yoga,41,121.3,2438,108,6.4,2.81,58.6,4,Fitbit
FIT-600158,2025-11-29,USR-1198,18-24,Female,Cycling,33,230.2,14416,91,9.2,2.5,45.1,3,Samsung Galaxy Watch
FIT-603168,2025-11-29,USR-1032,25-34,Female,Walking,28,113.0,7718,103,8.7,0.56,76.1,2,Apple Watch
FIT-601053,2025-11-29,USR-1299,35-44,Male,Walking,40,158.3,11252,150,4.0,0.72,108.0,4,Mi Band
FIT-603806,2025-11-29,USR-1241,45-54,Female,Running,91,1040.7,17717,112,4.5,0.78,72.1,4,Apple Watch
FIT-603786,2025-11-29,USR-1284,18-24,Male,Running,24,286.3,9497,97,8.3,1.15,78.3,5,Mi Band
FIT-600742,2025-11-29,USR-1477,35-44,Female,Walking,75,358.1,15655,71,6.4,3.7,52.5,4,Fitbit
FIT-600550,2025-11-30,USR-1008,18-24,Male,Running,33,361.6,17710,100,5.4,3.92,100.7,2,Mi Band
FIT-600364,2025-11-30,USR-1264,25-34,Female,Running,100,1028.7,12125,78,5.8,2.75,96.1,1,Samsung Galaxy Watch
FIT-603039,2025-11-30,USR-1151,25-34,Female,Walking,22,103.4,6652,139,7.8,2.3,49.8,5,Samsung Galaxy Watch
FIT-601986,2025-11-30,USR-1469,25-34,Male,Yoga,36,122.1,7530,109,5.3,2.74,96.4,5,Mi Band
FIT-601998,2025-11-30,USR-1080,18-24,Male,Walking,93,370.0,6211,78,9.4,2.28,103.8,2,Samsung Galaxy Watch
FIT-601820,2025-12-01,USR-1258,25-34,Female,Running,108,1093.6,1425,89,9.1,1.25,64.0,2,Samsung Galaxy Watch
FIT-602652,2025-12-01,USR-1439,25-34,Female,Swimming,105,999.5,5243,133,6.0,1.98,82.6,3,Fitbit
FIT-603944,2025-12-01,USR-1475,18-24,Female,Yoga,37,118.4,12720,132,7.2,3.35,100.4,2,Fitbit
FIT-603497,2025-12-01,USR-1498,35-44,Female,Cycling,19,162.6,14898,74,6.6,1.49,60.0,3,Apple Watch
FIT-600079,2025-12-02,USR-1292,35-44,Female,Walking,106,409.8,16514,158,5.5,2.32,54.7,1,Mi Band
FIT-603686,2025-12-02,USR-1308,45-54,Male,Cycling,23,206.2,13397,91,8.7,1.74,85.9,5,Fitbit
FIT-600464,2025-12-02,USR-1157,25-34,Female,Swimming,45,419.9,3272,159,5.2,0.65,55.8,4,Garmin
FIT-601588,2025-12-02,USR-1419,25-34,Female,Running,97,1139.1,9221,128,7.4,3.3,105.3,4,Samsung Galaxy Watch
FIT-603490,2025-12-02,USR-1402,35-44,Female,Running,81,887.8,4478,149,9.4,1.5,77.3,3,Apple Watch
FIT-601261,2025-12-02,USR-1309,18-24,Female,HIIT,43,552.6,13179,104,5.0,3.7,105.2,5,Samsung Galaxy Watch
FIT-601507,2025-12-02,USR-1379,45-54,Male,Strength Training,51,266.9,11466,103,8.8,3.46,71.7,3,Mi Band
FIT-601661,2025-12-02,USR-1054,25-34,Male,Running,39,379.0,723,101,5.2,3.78,85.2,5,Garmin
FIT-600852,2025-12-03,USR-1265,45-54,Female,Strength Training,109,707.3,3963,171,8.8,3.11,89.6,5,Apple Watch
FIT-600098,2025-12-03,USR-1062,18-24,Male,Yoga,44,120.9,3903,118,7.1,3.45,102.3,3,Fitbit
FIT-603203,2025-12-03,USR-1019,25-34,Male,Running,111,1287.3,14973,122,4.4,1.42,64.7,2,Fitbit
FIT-600939,2025-12-03,USR-1083,35-44,Male,HIIT,36,427.7,16196,110,5.8,3.0,103.7,2,Fitbit
FIT-602591,2025-12-03,USR-1167,25-34,Male,Strength Training,39,253.3,10329,151,6.9,0.81,95.9,1,Garmin
FIT-601702,2025-12-03,USR-1274,35-44,Female,Yoga,70,203.7,8483,116,7.9,1.34,94.6,3,Garmin
FIT-601560,2025-12-03,USR-1273,25-34,Female,Cycling,25,196.6,5963,172,6.9,3.84,104.2,3,Fitbit
FIT-600993,2025-12-04,USR-1414,55+,Male,Strength Training,28,162.9,9582,114,9.0,3.56,69.6,5,Samsung Galaxy Watch
FIT-602221,2025-12-04,USR-1447,18-24,Male,Yoga,26,78.2,12872,107,8.8,2.59,69.5,3,Samsung Galaxy Watch
FIT-601948,2025-12-04,USR-1075,18-24,Male,Running,69,692.0,3865,100,5.4,1.39,47.3,2,Apple Watch
FIT-602898,2025-12-04,USR-1166,35-44,Male,Running,19,200.4,14744,83,8.6,2.62,51.1,1,Garmin
FIT-602784,2025-12-04,USR-1407,35-44,Male,Running,107,1118.6,7438,75,4.1,2.27,79.8,1,Apple Watch
FIT-600896,2025-12-04,USR-1420,25-34,Female,Swimming,26,253.8,6658,109,9.3,1.75,72.4,3,Garmin
FIT-601381,2025-12-05,USR-1255,55+,Female,Running,91,996.9,11850,78,6.6,0.6,92.3,1,Samsung Galaxy Watch
FIT-603322,2025-12-05,USR-1097,55+,Male,Strength Training,97,552.8,4120,165,5.1,2.91,72.1,2,Samsung Galaxy Watch
FIT-603949,2025-12-05,USR-1162,25-34,Female,Yoga,79,262.7,11467,99,7.4,3.18,80.7,1,Samsung Galaxy Watch
FIT-603373,2025-12-05,USR-1081,35-44,Female,Cycling,64,586.6,6118,89,5.5,1.18,82.8,2,Samsung Galaxy Watch
FIT-602027,2025-12-05,USR-1077,25-34,Female,Cycling,73,634.8,2997,138,4.6,3.85,46.7,3,Mi Band
FIT-600682,2025-12-05,USR-1405,25-34,Male,Walking,22,108.6,16127,111,8.5,2.78,54.8,4,Garmin
FIT-601237,2025-12-06,USR-1417,45-54,Male,HIIT,15,182.8,14116,133,6.4,1.02,87.8,1,Apple Watch
FIT-601586,2025-12-06,USR-1321,35-44,Female,Yoga,16,51.5,1431,91,5.0,2.2,64.1,3,Fitbit
FIT-600281,2025-12-06,USR-1249,18-24,Male,Swimming,19,189.6,12732,70,9.1,2.86,106.1,3,Mi Band
FIT-602466,2025-12-06,USR-1298,25-34,Male,Running,49,491.8,1223,69,4.7,2.62,101.0,1,Garmin
FIT-601356,2025-12-06,USR-1025,35-44,Male,Running,89,949.0,6909,81,7.6,0.52,61.2,3,Samsung Galaxy Watch
FIT-603303,2025-12-06,USR-1207,25-34,Female,Strength Training,114,627.2,5803,142,6.2,3.66,70.3,2,Fitbit
FIT-603550,2025-12-07,USR-1077,18-24,Male,Running,75,782.2,17826,130,9.3,2.1,61.3,1,Fitbit
FIT-600868,2025-12-07,USR-1369,18-24,Female,Walking,64,256.7,740,78,4.8,3.22,48.6,1,Apple Watch
FIT-602010,2025-12-07,USR-1126,35-44,Male,Strength Training,37,233.2,6985,105,6.9,1.89,81.1,4,Apple Watch
FIT-602527,2025-12-08,USR-1056,55+,Male,Strength Training,115,679.4,12589,72,8.7,3.27,74.5,5,Samsung Galaxy Watch
FIT-603060,2025-12-08,USR-1219,18-24,Male,Yoga,68,221.8,11981,87,4.7,3.3,45.9,5,Mi Band
FIT-601900,2025-12-08,USR-1403,18-24,Male,HIIT,51,687.7,11711,87,8.7,2.05,95.4,2,Fitbit
FIT-602256,2025-12-08,USR-1006,18-24,Male,Yoga,22,57.9,8807,104,9.1,2.34,57.3,3,Samsung Galaxy Watch
FIT-603323,2025-12-08,USR-1244,18-24,Male,Walking,59,242.5,3683,92,9.0,2.05,56.9,4,Mi Band
FIT-601079,2025-12-08,USR-1399,55+,Female,Yoga,67,195.9,13399,100,8.4,1.66,96.6,5,Fitbit
FIT-601281,2025-12-08,USR-1116,25-34,Female,Yoga,33,104.8,2325,113,7.1,2.79,110.0,4,Garmin
FIT-602002,2025-12-09,USR-1164,45-54,Male,Yoga,18,55.1,4616,164,7.7,2.61,45.1,2,Garmin
FIT-600758,2025-12-09,USR-1284,45-54,Male,Walking,108,496.9,6120,72,8.4,3.55,48.7,1,Garmin
FIT-602026,2025-12-09,USR-1252,18-24,Female,Strength Training,89,570.9,10070,107,9.4,2.91,45.3,2,Mi Band
FIT-603447,2025-12-09,USR-1176,45-54,Female,Cycling,52,458.7,5947,104,5.5,1.07,89.5,4,Garmin
FIT-600899,2025-12-09,USR-1112,35-44,Male,Cycling,99,711.4,9058,155,8.4,1.76,70.6,5,Apple Watch
FIT-601533,2025-12-09,USR-1442,25-34,Male,Swimming,76,623.7,15287,112,9.3,2.69,68.8,2,Garmin
FIT-601007,2025-12-10,USR-1360,45-54,Female,Strength Training,79,426.2,14109,96,7.9,0.94,97.2,2,Garmin
FIT-602745,2025-12-10,USR-1060,35-44,Female,Swimming,114,906.9,3597,160,7.3,2.61,100.0,5,Mi Band
FIT-602367,2025-12-10,USR-1204,18-24,Male,Running,73,818.0,16121,169,5.9,3.77,83.4,1,Apple Watch
FIT-601164,2025-12-10,USR-1092,45-54,Male,HIIT,106,1416.1,15955,90,5.2,1.97,69.9,5,Fitbit
FIT-600048,2025-12-10,USR-1314,25-34,Male,Walking,76,352.0,4462,129,8.1,0.67,98.6,1,Garmin
FIT-603268,2025-12-10,USR-1059,45-54,Female,Cycling,59,466.2,13149,94,6.9,1.07,61.3,2,Samsung Galaxy Watch
FIT-602962,2025-12-11,USR-1462,25-34,Male,Strength Training,81,544.2,2888,142,5.4,3.64,89.8,1,Mi Band
FIT-602328,2025-12-11,USR-1276,35-44,Male,Yoga,112,333.8,1180,114,6.0,2.26,67.9,5,Mi Band
FIT-603434,2025-12-11,USR-1204,18-24,Male,Running,44,456.7,6618,104,4.5,3.47,47.5,1,Garmin
FIT-603945,2025-12-11,USR-1355,25-34,Female,HIIT,95,1005.5,5653,103,7.0,1.31,69.2,2,Samsung Galaxy Watch
FIT-600036,2025-12-11,USR-1267,35-44,Male,Running,17,199.2,8940,174,8.7,3.65,82.8,1,Mi Band
FIT-601298,2025-12-12,USR-1394,35-44,Female,HIIT,40,432.2,3959,74,4.8,1.83,47.6,5,Fitbit
FIT-602529,2025-12-12,USR-1056,25-34,Female,Walking,80,364.0,16176,79,5.9,3.67,86.3,5,Mi Band
FIT-602487,2025-12-12,USR-1253,18-24,Male,Cycling,35,282.2,15831,72,4.7,0.65,60.6,2,Apple Watch
FIT-603088,2025-12-12,USR-1296,35-44,Male,Running,99,1184.8,13423,79,6.5,3.36,71.4,2,Fitbit
FIT-603779,2025-12-12,USR-1176,45-54,Male,Cycling,49,424.9,8082,101,4.6,2.3,102.9,3,Mi Band
FIT-601556,2025-12-12,USR-1335,35-44,Female,Running,49,568.4,5109,155,6.2,3.69,47.3,5,Samsung Galaxy Watch
FIT-600579,2025-12-13,USR-1398,18-24,Female,Strength Training,49,297.2,871,65,6.6,1.29,59.6,2,Mi Band
FIT-601172,2025-12-13,USR-1292,35-44,Female,Yoga,19,49.7,9204,151,5.4,0.56,54.9,4,Samsung Galaxy Watch
FIT-602791,2025-12-13,USR-1434,18-24,Female,Strength Training,117,664.7,3038,162,5.8,3.16,53.8,4,Apple Watch
FIT-603487,2025-12-13,USR-1313,35-44,Male,Swimming,96,756.7,5012,72,6.5,2.57,45.2,2,Fitbit
FIT-600264,2025-12-13,USR-1032,55+,Male,Running,109,1218.6,16760,90,4.0,1.02,72.5,2,Apple Watch
FIT-600459,2025-12-14,USR-1384,18-24,Male,Running,60,665.2,2351,174,5.7,1.04,59.9,2,Samsung Galaxy Watch
FIT-600054,2025-12-14,USR-1289,18-24,Female,Swimming,16,165.5,7862,151,5.8,1.25,85.1,3,Samsung Galaxy Watch
FIT-603707,2025-12-14,USR-1104,45-54,Male,Strength Training,46,282.4,2247,170,7.4,1.29,91.0,2,Samsung Galaxy Watch
FIT-601404,2025-12-14,USR-1069,35-44,Female,Walking,50,239.2,6378,87,5.8,2.7,80.3,5,Garmin
FIT-602734,2025-12-14,USR-1161,35-44,Female,Walking,80,378.8,2074,148,5.1,0.91,97.6,2,Apple Watch
FIT-601867,2025-12-14,USR-1475,25-34,Male,Strength Training,15,85.8,10074,82,9.3,2.86,85.3,2,Samsung Galaxy Watch
FIT-600190,2025-12-14,USR-1215,25-34,Male,Cycling,11,97.0,3583,102,6.7,0.98,74.4,4,Garmin
FIT-600062,2025-12-15,USR-1367,18-24,Male,Cycling,107,824.4,9945,72,6.4,1.75,45.2,4,Garmin
FIT-600433,2025-12-15,USR-1410,35-44,Female,Running,44,474.0,14138,163,6.1,0.99,67.2,1,Fitbit
FIT-601052,2025-12-15,USR-1060,25-34,Female,Swimming,100,835.5,15091,114,7.7,3.05,84.1,3,Samsung Galaxy Watch
FIT-603567,2025-12-15,USR-1271,25-34,Male,Cycling,85,756.1,2403,129,7.3,3.87,100.5,5,Garmin
FIT-602009,2025-12-16,USR-1160,18-24,Female,Cycling,71,489.4,17275,68,6.4,2.99,76.9,1,Mi Band
FIT-601238,2025-12-16,USR-1491,45-54,Male,Cycling,32,265.5,611,129,8.0,2.34,55.2,2,Samsung Galaxy Watch
FIT-600759,2025-12-16,USR-1318,18-24,Female,Swimming,78,805.4,11141,96,4.2,2.62,109.0,1,Fitbit
FIT-601497,2025-12-16,USR-1223,35-44,Male,Swimming,72,671.5,11095,149,7.1,3.92,50.2,4,Samsung Galaxy Watch
FIT-603570,2025-12-16,USR-1146,25-34,Female,Swimming,27,214.4,6121,90,5.5,1.57,70.4,2,Garmin
FIT-601905,2025-12-16,USR-1320,25-34,Female,Running,104,1039.1,11260,75,7.5,3.9,100.0,1,Garmin
FIT-602739,2025-12-16,USR-1203,18-24,Female,HIIT,109,1402.8,3030,93,6.4,2.07,45.5,4,Apple Watch
FIT-601665,2025-12-16,USR-1290,25-34,Female,Running,76,715.0,15182,170,4.7,1.5,94.7,2,Samsung Galaxy Watch
FIT-601622,2025-12-16,USR-1168,55+,Male,Swimming,99,776.5,5388,89,8.0,1.06,50.0,1,Mi Band
FIT-602459,2025-12-16,USR-1348,25-34,Male,HIIT,98,1256.1,17381,146,7.9,2.97,107.5,5,Garmin
FIT-602993,2025-12-17,USR-1030,35-44,Female,Cycling,22,155.7,546,73,8.8,2.43,96.9,5,Mi Band
FIT-600184,2025-12-17,USR-1269,18-24,Female,HIIT,56,765.9,1456,134,6.9,2.44,78.6,1,Apple Watch
FIT-602940,2025-12-17,USR-1496,25-34,Male,Strength Training,89,479.7,16076,71,4.4,2.98,72.8,2,Garmin
FIT-602599,2025-12-17,USR-1132,35-44,Male,HIIT,52,666.8,2892,159,6.1,3.94,96.3,2,Samsung Galaxy Watch
FIT-601668,2025-12-17,USR-1002,18-24,Male,Walking,88,358.4,13808,124,6.8,0.64,75.7,5,Fitbit
FIT-603831,2025-12-17,USR-1283,45-54,Male,HIIT,35,477.4,9979,147,5.8,2.17,70.8,2,Apple Watch
FIT-600637,2025-12-17,USR-1391,25-34,Male,Running,54,653.5,7895,157,9.4,1.11,64.5,2,Mi Band
FIT-600862,2025-12-17,USR-1026,25-34,Male,Cycling,26,196.1,13636,129,4.4,2.54,98.2,5,Mi Band
FIT-603724,2025-12-18,USR-1050,45-54,Female,Swimming,78,759.4,10805,147,6.2,3.54,47.0,4,Apple Watch
FIT-601771,2025-12-18,USR-1393,45-54,Male,Strength Training,31,191.3,15643,144,4.8,2.23,70.5,1,Mi Band
FIT-600787,2025-12-18,USR-1424,45-54,Male,Swimming,51,494.3,17219,139,5.5,3.28,66.3,3,Apple Watch
FIT-602043,2025-12-18,USR-1270,25-34,Male,Yoga,12,35.4,1113,91,9.1,3.03,72.9,4,Mi Band
FIT-602044,2025-12-18,USR-1493,45-54,Female,Walking,61,308.7,13336,157,9.3,0.84,87.1,1,Apple Watch
FIT-600424,2025-12-19,USR-1118,35-44,Male,Yoga,43,147.9,15404,145,8.6,3.21,75.6,1,Garmin
FIT-603004,2025-12-20,USR-1080,35-44,Female,Strength Training,98,582.2,12581,101,9.2,3.33,53.1,1,Garmin
FIT-603961,2025-12-20,USR-1349,25-34,Female,Cycling,67,481.4,17828,158,6.1,3.64,80.3,5,Mi Band
FIT-600530,2025-12-20,USR-1074,35-44,Female,Strength Training,60,366.7,17944,137,8.7,1.98,57.1,3,Fitbit
FIT-602165,2025-12-20,USR-1190,18-24,Male,Strength Training,95,533.9,14908,160,5.7,0.75,62.4,1,Samsung Galaxy Watch
FIT-602452,2025-12-20,USR-1183,35-44,Male,Cycling,40,292.4,3647,86,9.0,2.27,94.4,3,Apple Watch
FIT-602397,2025-12-20,USR-1009,25-34,Male,Yoga,114,367.7,7686,90,4.5,3.81,103.8,4,Apple Watch
FIT-602514,2025-12-20,USR-1189,35-44,Female,Walking,114,576.1,4134,158,4.1,3.89,89.4,2,Garmin
FIT-601807,2025-12-21,USR-1091,25-34,Male,Walking,23,93.9,9877,157,8.5,0.57,45.5,2,Fitbit
FIT-601964,2025-12-21,USR-1082,25-34,Male,HIIT,11,151.2,17459,89,9.1,2.15,73.8,5,Fitbit
FIT-602721,2025-12-21,USR-1331,18-24,Female,Running,96,1198.4,11261,106,4.2,1.73,107.4,3,Apple Watch
FIT-601233,2025-12-21,USR-1136,45-54,Male,Strength Training,55,337.7,16581,121,8.9,1.3,104.2,3,Fitbit
FIT-601502,2025-12-21,USR-1353,25-34,Male,Walking,13,53.6,7385,142,9.1,3.67,76.5,2,Samsung Galaxy Watch
FIT-602589,2025-12-21,USR-1325,45-54,Male,Running,69,849.6,9615,152,5.9,3.74,67.5,4,Fitbit
FIT-600997,2025-12-21,USR-1365,25-34,Female,Yoga,38,125.0,5671,70,6.8,2.08,97.9,2,Samsung Galaxy Watch
FIT-602512,2025-12-21,USR-1056,25-34,Female,HIIT,93,1001.2,15128,98,8.4,1.6,47.4,4,Samsung Galaxy Watch
FIT-600278,2025-12-21,USR-1205,25-34,Male,HIIT,101,1350.6,676,96,8.2,3.29,55.8,4,Samsung Galaxy Watch
FIT-603851,2025-12-22,USR-1174,18-24,Female,HIIT,15,168.5,10699,168,8.3,2.08,89.1,4,Mi Band
FIT-603971,2025-12-22,USR-1005,35-44,Other,Strength Training,70,458.9,17034,86,6.1,1.18,72.1,3,Garmin
FIT-601412,2025-12-22,USR-1135,25-34,Female,Swimming,98,843.2,8525,130,4.4,2.55,49.4,1,Apple Watch
FIT-602123,2025-12-22,USR-1050,18-24,Male,HIIT,76,951.1,15456,76,5.8,1.91,103.8,2,Garmin
FIT-602351,2025-12-22,USR-1076,55+,Male,Running,75,825.3,6088,98,7.1,3.0,45.7,5,Garmin
FIT-602645,2025-12-22,USR-1075,25-34,Male,Cycling,17,138.0,12739,163,7.5,1.84,85.8,3,Fitbit
FIT-603643,2025-12-22,USR-1158,25-34,Male,HIIT,103,1136.1,11233,137,6.7,1.38,73.9,4,Apple Watch
FIT-602516,2025-12-23,USR-1168,35-44,Male,Swimming,90,779.4,7593,155,8.8,3.95,104.1,1,Fitbit
FIT-600581,2025-12-23,USR-1202,25-34,Female,Yoga,74,200.4,5541,138,5.9,2.15,67.0,5,Apple Watch
FIT-601798,2025-12-23,USR-1206,35-44,Male,Walking,100,426.8,4277,132,4.2,1.23,106.1,4,Fitbit
FIT-600309,2025-12-24,USR-1291,25-34,Other,Strength Training,118,749.9,553,85,4.8,1.12,47.5,1,Mi Band
FIT-603539,2025-12-24,USR-1130,25-34,Female,Yoga,46,149.8,13598,87,9.5,3.19,94.3,1,Samsung Galaxy Watch
FIT-603235,2025-12-24,USR-1330,35-44,Male,Yoga,118,377.8,12786,97,6.3,0.74,67.2,2,Fitbit
FIT-600786,2025-12-24,USR-1317,35-44,Male,Cycling,66,565.4,4645,104,6.4,3.1,108.6,4,Samsung Galaxy Watch
FIT-603526,2025-12-24,USR-1438,18-24,Female,Walking,21,98.8,3306,149,8.6,1.7,79.4,1,Fitbit
FIT-602649,2025-12-24,USR-1138,18-24,Male,Walking,104,460.2,9270,145,9.4,1.32,76.4,1,Mi Band
FIT-603117,2025-12-25,USR-1020,18-24,Female,HIIT,106,1429.1,1501,164,5.8,3.81,78.4,4,Apple Watch
FIT-603592,2025-12-25,USR-1396,25-34,Female,Running,10,125.9,13659,82,6.3,1.41,58.1,5,Mi Band
FIT-600735,2025-12-26,USR-1246,35-44,Male,HIIT,21,235.9,17938,88,6.6,2.95,58.1,2,Apple Watch
FIT-601462,2025-12-26,USR-1361,55+,Female,Swimming,27,245.4,17712,107,5.3,3.46,45.9,3,Fitbit
FIT-600065,2025-12-26,USR-1195,25-34,Female,Yoga,54,168.6,12961,77,6.2,1.83,90.7,3,Samsung Galaxy Watch
FIT-603293,2025-12-27,USR-1002,18-24,Male,Cycling,119,972.5,1113,92,8.2,2.13,56.6,3,Apple Watch
FIT-602573,2025-12-27,USR-1129,18-24,Male,HIIT,99,1267.6,4849,163,5.5,1.46,108.7,3,Apple Watch
FIT-603280,2025-12-27,USR-1321,25-34,Female,Strength Training,111,747.0,7206,125,9.2,1.51,47.6,5,Apple Watch
FIT-601838,2025-12-27,USR-1304,35-44,Female,Walking,55,246.8,10764,65,7.2,1.66,60.8,4,Samsung Galaxy Watch
FIT-601969,2025-12-28,USR-1249,25-34,Male,Strength Training,59,356.1,17446,117,9.5,2.04,73.1,4,Garmin
FIT-603065,2025-12-28,USR-1094,35-44,Other,Yoga,103,282.9,11110,76,9.4,0.58,91.8,5,Apple Watch
FIT-601855,2025-12-28,USR-1292,25-34,Male,Yoga,59,168.4,11966,171,4.3,1.1,90.8,4,Mi Band
FIT-600107,2025-12-28,USR-1323,25-34,Female,Yoga,17,46.4,4241,96,5.5,2.23,76.0,3,Fitbit
FIT-601453,2025-12-28,USR-1260,45-54,Female,HIIT,13,139.2,9645,66,6.3,2.55,75.6,5,Samsung Galaxy Watch
FIT-602639,2025-12-28,USR-1186,35-44,Male,Swimming,65,540.0,1360,98,4.8,2.46,64.4,5,Mi Band
FIT-602156,2025-12-28,USR-1431,18-24,Female,Cycling,33,299.9,5172,126,5.0,3.22,55.9,3,Garmin
FIT-603491,2025-12-29,USR-1332,45-54,Female,Swimming,82,816.8,17854,81,8.2,1.02,52.2,2,Fitbit
FIT-603883,2025-12-29,USR-1484,35-44,Male,Walking,111,558.6,1397,85,4.7,0.94,71.5,5,Samsung Galaxy Watch
FIT-602561,2025-12-29,USR-1455,55+,Female,Swimming,74,678.8,16512,147,9.0,2.47,62.7,3,Garmin
FIT-601509,2025-12-30,USR-1446,35-44,Male,HIIT,59,674.2,10469,114,4.6,0.75,50.8,3,Fitbit
FIT-600143,2025-12-30,USR-1035,35-44,Male,Cycling,107,962.9,13955,78,5.4,2.96,46.8,1,Fitbit
FIT-601972,2025-12-30,USR-1167,18-24,Female,Running,92,1154.0,7414,113,7.5,1.82,100.1,4,Fitbit
FIT-603146,2025-12-30,USR-1419,35-44,Male,Running,48,518.7,13423,107,6.5,0.93,99.6,1,Fitbit
FIT-602383,2025-12-30,USR-1394,35-44,Female,Running,32,312.0,12238,165,5.0,0.61,61.0,1,Samsung Galaxy Watch
